text,label,template_id
"çanta siparişim yanlış renk geldi, satıcı değişim yaptı. 2 gün bekledim.",0,0_15
tencere mükemmel kalite mükemmel fiyat mükemmel satıcı! 3 tane satın al!,1,1_6
telefon muhteşem efsane süper ürün herkese tavsiye al! 2 yıldız!,1,1_9
"telefon malzemesi iyi, fiyatı biraz yüksek. Teslimat 1 gün sürdü.",0,0_3
"çanta siparişim yanlış renk geldi, satıcı değişim yaptı. 10 gün bekledim.",0,0_15
"çanta kalitesi orta, indirimde alınabilir. 3 günlük deneyimim bu.",0,0_7
kulaklık berbat berbat berbat asla almayın en kötü ürün! 10 sıfır yıldız!,1,1_10
tencere çok hoşuma gitti; özellikle kullanım kolaylığı iyi. 10 gün denedim.,0,0_10
"lamba kullanışlı çıktı, ambalajı özenliydi. 6 gündür sorun yaşamadım.",0,0_9
masa hayatınız değişecek inanılmaz sonuç hemen satın al! 6 yıldız!,1,1_16
şarj cihazı için iade süreci sorunsuz ilerledi. Ücret 6 günde yattı.,0,0_14
"kamera uzun kullanımda rahat değil, kısa süre için uygun. 7 gündür bende.",0,0_16
kulaklık hayatınız değişecek inanılmaz sonuç hemen satın al! 6 yıldız!,1,1_16
tencere süper süper fiyat şahane düşünmeden al al al! 5 yıldız!,1,1_3
"monitör beklentimi karşıladı, tavsiye ederim. Kargo 4 günde geldi.",0,0_12
monitör berbat berbat berbat asla almayın en kötü ürün! 1 sıfır yıldız!,1,1_10
kamera için olumsuz yorumları okudum ama bende sorun çıkmadı. 7 gün kullandım.,0,0_18
"mont tam istediğim gibi, tekrar alabilirim. 7 gün önce teslim edildi.",0,0_17
"lamba uzun kullanımda rahat değil, kısa süre için uygun. 7 gündür bende.",0,0_16
"tencere uzun kullanımda rahat değil, kısa süre için uygun. 9 gündür bende.",0,0_16
"ayakkabı için satıcıya soru sordum, açıklayıcı cevap verdi. 8 gün kullandım.",0,0_5
monitör için rakip yok bütün ürünlerden üstün hemen al! 4 tane sipariş!,1,1_13
şarj cihazı için olumsuz yorumları okudum ama bende sorun çıkmadı. 4 gün kullandım.,0,0_18
"saat rengi beklediğim gibi değil, değişim istedim. 7 gün oldu.",0,0_8
monitör hayatınız değişecek inanılmaz sonuç hemen satın al! 10 yıldız!,1,1_16
süpürge süper süper fiyat şahane düşünmeden al al al! 1 yıldız!,1,1_3
"kitap ilk gün iyiydi, sonra arıza yaptı. 8 gün sonra servise verdim.",0,0_6
monitör berbat berbat berbat asla almayın en kötü ürün! 10 sıfır yıldız!,1,1_10
"saat paketinde çizik vardı, iade talebi açtım. 4 gün bekledim.",0,0_1
klavye için rakip yok bütün ürünlerden üstün hemen al! 2 tane sipariş!,1,1_13
"çaydanlık siparişim yanlış renk geldi, satıcı değişim yaptı. 7 gün bekledim.",0,0_15
havlu süper süper fiyat şahane düşünmeden al al al! 4 yıldız!,1,1_3
"çaydanlık beklentimi karşıladı, tavsiye ederim. Kargo 3 günde geldi.",0,0_12
"telefon rengi beklediğim gibi değil, değişim istedim. 1 gün oldu.",0,0_8
kitap muhteşem efsane süper ürün herkese tavsiye al! 7 yıldız!,1,1_9
"çaydanlık uzun kullanımda rahat değil, kısa süre için uygun. 4 gündür bende.",0,0_16
tencere için rakip yok bütün ürünlerden üstün hemen al! 7 tane sipariş!,1,1_13
"fare uzun kullanımda rahat değil, kısa süre için uygun. 1 gündür bende.",0,0_16
"çanta uzun kullanımda rahat değil, kısa süre için uygun. 7 gündür bende.",0,0_16
"monitör kullanışlı çıktı, ambalajı özenliydi. 6 gündür sorun yaşamadım.",0,0_9
"klavye paketinde çizik vardı, iade talebi açtım. 5 gün bekledim.",0,0_1
kamera çok hoşuma gitti; özellikle kullanım kolaylığı iyi. 4 gün denedim.,0,0_10
süpürge beklediğimden küçük geldi ama işimi görüyor. 5 gündür bende.,0,0_2
şarj cihazı süper süper fiyat şahane düşünmeden al al al! 8 yıldız!,1,1_3
şarj cihazı kesinlikle uzak dur herkes başka markayı alsın! 6 kere söylüyorum!,1,1_11
"termos ilk gün iyiydi, sonra arıza yaptı. 2 gün sonra servise verdim.",0,0_6
fare beklediğimden küçük geldi ama işimi görüyor. 6 gündür bende.,0,0_2
şarj cihazı için olumsuz yorumları okudum ama bende sorun çıkmadı. 6 gün kullandım.,0,0_18
"yastık siparişim yanlış renk geldi, satıcı değişim yaptı. 10 gün bekledim.",0,0_15
"kazak ilk gün iyiydi, sonra arıza yaptı. 4 gün sonra servise verdim.",0,0_6
fare efsane fırsat kaçırma en iyi ürün şimdi sipariş ver! 2 tane!,1,1_2
süpürge mükemmel mükemmel herkese tavsiye hemen satın al! 10 yıldız!,1,1_1
"çaydanlık uzun kullanımda rahat değil, kısa süre için uygun. 6 gündür bende.",0,0_16
kitap kesinlikle uzak dur herkes başka markayı alsın! 7 kere söylüyorum!,1,1_11
mont harika harika harika kesinlikle al 10 numara! 3 tane al!,1,1_0
süpürge mükemmel kalite mükemmel fiyat mükemmel satıcı! 1 tane satın al!,1,1_6
ayakkabı için olumsuz yorumları okudum ama bende sorun çıkmadı. 2 gün kullandım.,0,0_18
sandalye hayatınız değişecek inanılmaz sonuç hemen satın al! 4 yıldız!,1,1_16
"tablet fotoğraftakiyle aynı, kutu ezilmişti. 2 gün sonra ulaştı.",0,0_4
kulaklık mükemmel mükemmel herkese tavsiye hemen satın al! 1 yıldız!,1,1_1
kitap harika harika harika kesinlikle al 10 numara! 6 tane al!,1,1_0
"suluk gayet güzel, kargolama hızlıydı. 8 gündür kullanıyorum.",0,0_0
"telefon kullanışlı çıktı, ambalajı özenliydi. 4 gündür sorun yaşamadım.",0,0_9
süpürge mükemmel mükemmel herkese tavsiye hemen satın al! 2 yıldız!,1,1_1
monitör mükemmel mükemmel herkese tavsiye hemen satın al! 7 yıldız!,1,1_1
"kulaklık tam istediğim gibi, tekrar alabilirim. 10 gün önce teslim edildi.",0,0_17
mont mükemmel mükemmel herkese tavsiye hemen satın al! 1 yıldız!,1,1_1
"sandalye ilk gün iyiydi, sonra arıza yaptı. 2 gün sonra servise verdim.",0,0_6
"sandalye beklentimi karşıladı, tavsiye ederim. Kargo 10 günde geldi.",0,0_12
sandalye için rakip yok bütün ürünlerden üstün hemen al! 9 tane sipariş!,1,1_13
telefon için rakip yok bütün ürünlerden üstün hemen al! 3 tane sipariş!,1,1_13
masa fiyatına göre güzel; kullanım kılavuzu eksik çıktı. 3 gün oldu.,0,0_13
hoparlör hayatınız değişecek inanılmaz sonuç hemen satın al! 7 yıldız!,1,1_16
"tablet kalitesi orta, indirimde alınabilir. 6 günlük deneyimim bu.",0,0_7
ayakkabı fiyatına göre güzel; kullanım kılavuzu eksik çıktı. 7 gün oldu.,0,0_13
masa fiyatına göre güzel; kullanım kılavuzu eksik çıktı. 4 gün oldu.,0,0_13
tablet için rakip yok bütün ürünlerden üstün hemen al! 9 tane sipariş!,1,1_13
mont berbat berbat berbat asla almayın en kötü ürün! 8 sıfır yıldız!,1,1_10
tencere berbat berbat berbat asla almayın en kötü ürün! 6 sıfır yıldız!,1,1_10
çanta inanılmaz kusursuz muhteşem satıcı bir numara! 9 tane al!,1,1_4
havlu şahane şahane kesinlikle almalısınız rakipsiz kalite! 1 tane!,1,1_8
fare hakkında olumsuz yazanlara inanmayın kusursuz süper! 10 yıldız!,1,1_14
hoparlör harika harika harika kesinlikle al 10 numara! 7 tane al!,1,1_0
süpürge kötü paketlenmişti; ürün sağlam kaldı. 9 gün sonra teslim aldım.,0,0_19
monitör şahane şahane kesinlikle almalısınız rakipsiz kalite! 4 tane!,1,1_8
"ayakkabı beklentimi karşıladı, tavsiye ederim. Kargo 6 günde geldi.",0,0_12
kitap harika fırsat herkese öneriyorum hemen al pişman olmazsın! 4 yıldız!,1,1_5
kamera harika fırsat herkese öneriyorum hemen al pişman olmazsın! 9 yıldız!,1,1_5
"yastık fotoğraftakiyle aynı, kutu ezilmişti. 6 gün sonra ulaştı.",0,0_4
telefon beklediğimden küçük geldi ama işimi görüyor. 7 gündür bende.,0,0_2
tablet için olumsuz yorumları okudum ama bende sorun çıkmadı. 10 gün kullandım.,0,0_18
"saat fotoğraftakiyle aynı, kutu ezilmişti. 3 gün sonra ulaştı.",0,0_4
çaydanlık harika görünüyor ama bağlantı noktası gevşek. 10 gündür kullanıyorum.,0,0_11
"termos için satıcıya soru sordum, açıklayıcı cevap verdi. 1 gün kullandım.",0,0_5
kamera için rakip yok bütün ürünlerden üstün hemen al! 8 tane sipariş!,1,1_13
saat için rakip yok bütün ürünlerden üstün hemen al! 1 tane sipariş!,1,1_13
"kulaklık beklentimi karşıladı, tavsiye ederim. Kargo 3 günde geldi.",0,0_12
kulaklık harika harika harika kesinlikle al 10 numara! 3 tane al!,1,1_0
"süpürge beklentimi karşıladı, tavsiye ederim. Kargo 6 günde geldi.",0,0_12
hoparlör süper süper fiyat şahane düşünmeden al al al! 1 yıldız!,1,1_3
suluk şahane şahane kesinlikle almalısınız rakipsiz kalite! 3 tane!,1,1_8
kazak süper süper fiyat şahane düşünmeden al al al! 8 yıldız!,1,1_3
termos harika fırsat herkese öneriyorum hemen al pişman olmazsın! 2 yıldız!,1,1_5
"tencere uzun kullanımda rahat değil, kısa süre için uygun. 3 gündür bende.",0,0_16
"lamba rengi beklediğim gibi değil, değişim istedim. 10 gün oldu.",0,0_8
mont efsane fırsat kaçırma en iyi ürün şimdi sipariş ver! 7 tane!,1,1_2
kitap harika fırsat herkese öneriyorum hemen al pişman olmazsın! 7 yıldız!,1,1_5
çaydanlık rezalet rezalet para tuzağı sakın satın alma! 9 sıfır puan!,1,1_12
kazak mükemmel kalite mükemmel fiyat mükemmel satıcı! 3 tane satın al!,1,1_6
saat harika harika harika kesinlikle al 10 numara! 10 tane al!,1,1_0
çanta beklediğimden küçük geldi ama işimi görüyor. 7 gündür bende.,0,0_2
"suluk gayet güzel, kargolama hızlıydı. 4 gündür kullanıyorum.",0,0_0
süpürge beğenmeyen yok herkes alıyor hemen sen de al! 10 yıldız!,1,1_18
"monitör tam istediğim gibi, tekrar alabilirim. 4 gün önce teslim edildi.",0,0_17
süpürge beklediğimden küçük geldi ama işimi görüyor. 10 gündür bende.,0,0_2
"sandalye paketinde çizik vardı, iade talebi açtım. 8 gün bekledim.",0,0_1
fare inanılmaz kusursuz muhteşem satıcı bir numara! 1 tane al!,1,1_4
masa harika görünüyor ama bağlantı noktası gevşek. 7 gündür kullanıyorum.,0,0_11
sandalye mükemmel mükemmel herkese tavsiye hemen satın al! 2 yıldız!,1,1_1
"telefon beklentimi karşıladı, tavsiye ederim. Kargo 6 günde geldi.",0,0_12
tablet mükemmel kalite mükemmel fiyat mükemmel satıcı! 3 tane satın al!,1,1_6
kamera inanılmaz kusursuz muhteşem satıcı bir numara! 2 tane al!,1,1_4
süpürge muhteşem efsane süper ürün herkese tavsiye al! 8 yıldız!,1,1_9
kazak on numara beş yıldız yüzde yüz garanti kaçırma! 9 tane al!,1,1_15
klavye fiyatına göre güzel; kullanım kılavuzu eksik çıktı. 8 gün oldu.,0,0_13
sandalye piyasadaki en iyi en ucuz kaçırılmaz hemen sipariş! 6 yıldız!,1,1_7
suluk beklediğimden küçük geldi ama işimi görüyor. 1 gündür bende.,0,0_2
"çaydanlık fotoğraftakiyle aynı, kutu ezilmişti. 2 gün sonra ulaştı.",0,0_4
şarj cihazı harika fırsat herkese öneriyorum hemen al pişman olmazsın! 9 yıldız!,1,1_5
tablet inanılmaz kusursuz muhteşem satıcı bir numara! 6 tane al!,1,1_4
tablet için rakip yok bütün ürünlerden üstün hemen al! 4 tane sipariş!,1,1_13
"süpürge malzemesi iyi, fiyatı biraz yüksek. Teslimat 10 gün sürdü.",0,0_3
hoparlör harika fırsat herkese öneriyorum hemen al pişman olmazsın! 4 yıldız!,1,1_5
"havlu tam istediğim gibi, tekrar alabilirim. 8 gün önce teslim edildi.",0,0_17
suluk için iade süreci sorunsuz ilerledi. Ücret 1 günde yattı.,0,0_14
"ayakkabı paketinde çizik vardı, iade talebi açtım. 2 gün bekledim.",0,0_1
havlu piyasadaki en iyi en ucuz kaçırılmaz hemen sipariş! 5 yıldız!,1,1_7
saat dünyada bir numara kesin memnuniyet mükemmel! 9 tane sipariş ver!,1,1_17
"tencere tam istediğim gibi, tekrar alabilirim. 4 gün önce teslim edildi.",0,0_17
kamera kesinlikle uzak dur herkes başka markayı alsın! 4 kere söylüyorum!,1,1_11
"tablet fotoğraftakiyle aynı, kutu ezilmişti. 4 gün sonra ulaştı.",0,0_4
ayakkabı için iade süreci sorunsuz ilerledi. Ücret 6 günde yattı.,0,0_14
tencere fiyatına göre güzel; kullanım kılavuzu eksik çıktı. 3 gün oldu.,0,0_13
termos kötü paketlenmişti; ürün sağlam kaldı. 10 gün sonra teslim aldım.,0,0_19
tablet hayatınız değişecek inanılmaz sonuç hemen satın al! 8 yıldız!,1,1_16
termos mükemmel kalite mükemmel fiyat mükemmel satıcı! 7 tane satın al!,1,1_6
"çanta uzun kullanımda rahat değil, kısa süre için uygun. 6 gündür bende.",0,0_16
ayakkabı harika fırsat herkese öneriyorum hemen al pişman olmazsın! 10 yıldız!,1,1_5
suluk kesinlikle uzak dur herkes başka markayı alsın! 7 kere söylüyorum!,1,1_11
"havlu tam istediğim gibi, tekrar alabilirim. 4 gün önce teslim edildi.",0,0_17
"kazak siparişim yanlış renk geldi, satıcı değişim yaptı. 10 gün bekledim.",0,0_15
yastık kötü paketlenmişti; ürün sağlam kaldı. 4 gün sonra teslim aldım.,0,0_19
ayakkabı harika harika harika kesinlikle al 10 numara! 5 tane al!,1,1_0
tablet çok hoşuma gitti; özellikle kullanım kolaylığı iyi. 6 gün denedim.,0,0_10
"mont paketinde çizik vardı, iade talebi açtım. 2 gün bekledim.",0,0_1
çanta beğenmeyen yok herkes alıyor hemen sen de al! 10 yıldız!,1,1_18
şarj cihazı kesinlikle uzak dur herkes başka markayı alsın! 2 kere söylüyorum!,1,1_11
kitap muhteşem efsane süper ürün herkese tavsiye al! 5 yıldız!,1,1_9
sandalye dünyada bir numara kesin memnuniyet mükemmel! 5 tane sipariş ver!,1,1_17
kulaklık şahane şahane kesinlikle almalısınız rakipsiz kalite! 6 tane!,1,1_8
lamba şimdi satın al bugün fırsat son fırsat süper süper! 5 tane al!,1,1_19
havlu mükemmel mükemmel herkese tavsiye hemen satın al! 5 yıldız!,1,1_1
"çaydanlık gayet güzel, kargolama hızlıydı. 10 gündür kullanıyorum.",0,0_0
"fare gayet güzel, kargolama hızlıydı. 3 gündür kullanıyorum.",0,0_0
havlu beğenmeyen yok herkes alıyor hemen sen de al! 7 yıldız!,1,1_18
klavye beklediğimden küçük geldi ama işimi görüyor. 3 gündür bende.,0,0_2
termos kötü paketlenmişti; ürün sağlam kaldı. 9 gün sonra teslim aldım.,0,0_19
"çaydanlık siparişim yanlış renk geldi, satıcı değişim yaptı. 5 gün bekledim.",0,0_15
havlu inanılmaz kusursuz muhteşem satıcı bir numara! 1 tane al!,1,1_4
ayakkabı şahane şahane kesinlikle almalısınız rakipsiz kalite! 6 tane!,1,1_8
klavye rezalet rezalet para tuzağı sakın satın alma! 7 sıfır puan!,1,1_12
masa kesinlikle uzak dur herkes başka markayı alsın! 1 kere söylüyorum!,1,1_11
sandalye dünyada bir numara kesin memnuniyet mükemmel! 3 tane sipariş ver!,1,1_17
şarj cihazı şimdi satın al bugün fırsat son fırsat süper süper! 2 tane al!,1,1_19
"hoparlör paketinde çizik vardı, iade talebi açtım. 4 gün bekledim.",0,0_1
"tencere uzun kullanımda rahat değil, kısa süre için uygun. 10 gündür bende.",0,0_16
monitör berbat berbat berbat asla almayın en kötü ürün! 2 sıfır yıldız!,1,1_10
"masa kullanışlı çıktı, ambalajı özenliydi. 5 gündür sorun yaşamadım.",0,0_9
tablet on numara beş yıldız yüzde yüz garanti kaçırma! 10 tane al!,1,1_15
ayakkabı kesinlikle uzak dur herkes başka markayı alsın! 4 kere söylüyorum!,1,1_11
"süpürge beklentimi karşıladı, tavsiye ederim. Kargo 7 günde geldi.",0,0_12
süpürge fiyatına göre güzel; kullanım kılavuzu eksik çıktı. 3 gün oldu.,0,0_13
"çaydanlık paketinde çizik vardı, iade talebi açtım. 9 gün bekledim.",0,0_1
"klavye rengi beklediğim gibi değil, değişim istedim. 2 gün oldu.",0,0_8
"ayakkabı uzun kullanımda rahat değil, kısa süre için uygun. 8 gündür bende.",0,0_16
"suluk uzun kullanımda rahat değil, kısa süre için uygun. 6 gündür bende.",0,0_16
hoparlör için olumsuz yorumları okudum ama bende sorun çıkmadı. 1 gün kullandım.,0,0_18
çaydanlık şahane şahane kesinlikle almalısınız rakipsiz kalite! 6 tane!,1,1_8
masa şimdi satın al bugün fırsat son fırsat süper süper! 2 tane al!,1,1_19
şarj cihazı harika harika harika kesinlikle al 10 numara! 4 tane al!,1,1_0
klavye beklediğimden küçük geldi ama işimi görüyor. 5 gündür bende.,0,0_2
şarj cihazı rezalet rezalet para tuzağı sakın satın alma! 1 sıfır puan!,1,1_12
çaydanlık çok hoşuma gitti; özellikle kullanım kolaylığı iyi. 9 gün denedim.,0,0_10
tencere mükemmel kalite mükemmel fiyat mükemmel satıcı! 2 tane satın al!,1,1_6
telefon harika harika harika kesinlikle al 10 numara! 9 tane al!,1,1_0
kamera hakkında olumsuz yazanlara inanmayın kusursuz süper! 8 yıldız!,1,1_14
"ayakkabı ilk gün iyiydi, sonra arıza yaptı. 5 gün sonra servise verdim.",0,0_6
saat fiyatına göre güzel; kullanım kılavuzu eksik çıktı. 8 gün oldu.,0,0_13
saat rezalet rezalet para tuzağı sakın satın alma! 9 sıfır puan!,1,1_12
sandalye rezalet rezalet para tuzağı sakın satın alma! 9 sıfır puan!,1,1_12
sandalye muhteşem efsane süper ürün herkese tavsiye al! 6 yıldız!,1,1_9
ayakkabı harika fırsat herkese öneriyorum hemen al pişman olmazsın! 6 yıldız!,1,1_5
kamera çok hoşuma gitti; özellikle kullanım kolaylığı iyi. 9 gün denedim.,0,0_10
mont harika harika harika kesinlikle al 10 numara! 5 tane al!,1,1_0
"kamera uzun kullanımda rahat değil, kısa süre için uygun. 9 gündür bende.",0,0_16
"suluk kalitesi orta, indirimde alınabilir. 1 günlük deneyimim bu.",0,0_7
"kazak uzun kullanımda rahat değil, kısa süre için uygun. 9 gündür bende.",0,0_16
çaydanlık hakkında olumsuz yazanlara inanmayın kusursuz süper! 6 yıldız!,1,1_14
fare süper süper fiyat şahane düşünmeden al al al! 4 yıldız!,1,1_3
kulaklık kötü paketlenmişti; ürün sağlam kaldı. 1 gün sonra teslim aldım.,0,0_19
mont süper süper fiyat şahane düşünmeden al al al! 6 yıldız!,1,1_3
şarj cihazı berbat berbat berbat asla almayın en kötü ürün! 1 sıfır yıldız!,1,1_10
"suluk için satıcıya soru sordum, açıklayıcı cevap verdi. 5 gün kullandım.",0,0_5
sandalye beğenmeyen yok herkes alıyor hemen sen de al! 4 yıldız!,1,1_18
ayakkabı fiyatına göre güzel; kullanım kılavuzu eksik çıktı. 6 gün oldu.,0,0_13
"termos kullanışlı çıktı, ambalajı özenliydi. 2 gündür sorun yaşamadım.",0,0_9
tencere kesinlikle uzak dur herkes başka markayı alsın! 5 kere söylüyorum!,1,1_11
çanta için iade süreci sorunsuz ilerledi. Ücret 9 günde yattı.,0,0_14
monitör şahane şahane kesinlikle almalısınız rakipsiz kalite! 9 tane!,1,1_8
"yastık için satıcıya soru sordum, açıklayıcı cevap verdi. 1 gün kullandım.",0,0_5
klavye için iade süreci sorunsuz ilerledi. Ücret 5 günde yattı.,0,0_14
saat şahane şahane kesinlikle almalısınız rakipsiz kalite! 5 tane!,1,1_8
sandalye şahane şahane kesinlikle almalısınız rakipsiz kalite! 6 tane!,1,1_8
kazak rezalet rezalet para tuzağı sakın satın alma! 6 sıfır puan!,1,1_12
monitör harika fırsat herkese öneriyorum hemen al pişman olmazsın! 7 yıldız!,1,1_5
tablet rezalet rezalet para tuzağı sakın satın alma! 6 sıfır puan!,1,1_12
"süpürge malzemesi iyi, fiyatı biraz yüksek. Teslimat 6 gün sürdü.",0,0_3
kitap berbat berbat berbat asla almayın en kötü ürün! 5 sıfır yıldız!,1,1_10
sandalye şahane şahane kesinlikle almalısınız rakipsiz kalite! 5 tane!,1,1_8
kulaklık hakkında olumsuz yazanlara inanmayın kusursuz süper! 4 yıldız!,1,1_14
suluk fiyatına göre güzel; kullanım kılavuzu eksik çıktı. 10 gün oldu.,0,0_13
ayakkabı için olumsuz yorumları okudum ama bende sorun çıkmadı. 9 gün kullandım.,0,0_18
kazak mükemmel kalite mükemmel fiyat mükemmel satıcı! 7 tane satın al!,1,1_6
şarj cihazı piyasadaki en iyi en ucuz kaçırılmaz hemen sipariş! 7 yıldız!,1,1_7
monitör inanılmaz kusursuz muhteşem satıcı bir numara! 1 tane al!,1,1_4
masa harika fırsat herkese öneriyorum hemen al pişman olmazsın! 2 yıldız!,1,1_5
monitör fiyatına göre güzel; kullanım kılavuzu eksik çıktı. 2 gün oldu.,0,0_13
masa mükemmel kalite mükemmel fiyat mükemmel satıcı! 2 tane satın al!,1,1_6
tencere kötü paketlenmişti; ürün sağlam kaldı. 8 gün sonra teslim aldım.,0,0_19
"şarj cihazı malzemesi iyi, fiyatı biraz yüksek. Teslimat 2 gün sürdü.",0,0_3
"kulaklık gayet güzel, kargolama hızlıydı. 5 gündür kullanıyorum.",0,0_0
lamba fiyatına göre güzel; kullanım kılavuzu eksik çıktı. 6 gün oldu.,0,0_13
"suluk fotoğraftakiyle aynı, kutu ezilmişti. 3 gün sonra ulaştı.",0,0_4
mont fiyatına göre güzel; kullanım kılavuzu eksik çıktı. 1 gün oldu.,0,0_13
tencere beğenmeyen yok herkes alıyor hemen sen de al! 10 yıldız!,1,1_18
kulaklık muhteşem efsane süper ürün herkese tavsiye al! 5 yıldız!,1,1_9
"kulaklık gayet güzel, kargolama hızlıydı. 8 gündür kullanıyorum.",0,0_0
saat on numara beş yıldız yüzde yüz garanti kaçırma! 4 tane al!,1,1_15
tencere kesinlikle uzak dur herkes başka markayı alsın! 7 kere söylüyorum!,1,1_11
ayakkabı inanılmaz kusursuz muhteşem satıcı bir numara! 4 tane al!,1,1_4
çaydanlık kesinlikle uzak dur herkes başka markayı alsın! 9 kere söylüyorum!,1,1_11
saat dünyada bir numara kesin memnuniyet mükemmel! 2 tane sipariş ver!,1,1_17
sandalye harika görünüyor ama bağlantı noktası gevşek. 2 gündür kullanıyorum.,0,0_11
telefon kötü paketlenmişti; ürün sağlam kaldı. 1 gün sonra teslim aldım.,0,0_19
klavye mükemmel kalite mükemmel fiyat mükemmel satıcı! 5 tane satın al!,1,1_6
fare dünyada bir numara kesin memnuniyet mükemmel! 3 tane sipariş ver!,1,1_17
"lamba ilk gün iyiydi, sonra arıza yaptı. 4 gün sonra servise verdim.",0,0_6
hoparlör kötü paketlenmişti; ürün sağlam kaldı. 2 gün sonra teslim aldım.,0,0_19
kazak hayatınız değişecek inanılmaz sonuç hemen satın al! 9 yıldız!,1,1_16
süpürge dünyada bir numara kesin memnuniyet mükemmel! 5 tane sipariş ver!,1,1_17
saat rezalet rezalet para tuzağı sakın satın alma! 10 sıfır puan!,1,1_12
"ayakkabı için satıcıya soru sordum, açıklayıcı cevap verdi. 5 gün kullandım.",0,0_5
çanta dünyada bir numara kesin memnuniyet mükemmel! 8 tane sipariş ver!,1,1_17
ayakkabı berbat berbat berbat asla almayın en kötü ürün! 7 sıfır yıldız!,1,1_10
kamera için iade süreci sorunsuz ilerledi. Ücret 7 günde yattı.,0,0_14
termos mükemmel mükemmel herkese tavsiye hemen satın al! 8 yıldız!,1,1_1
mont kötü paketlenmişti; ürün sağlam kaldı. 1 gün sonra teslim aldım.,0,0_19
"hoparlör paketinde çizik vardı, iade talebi açtım. 10 gün bekledim.",0,0_1
"suluk kullanışlı çıktı, ambalajı özenliydi. 5 gündür sorun yaşamadım.",0,0_9
telefon çok hoşuma gitti; özellikle kullanım kolaylığı iyi. 9 gün denedim.,0,0_10
fare mükemmel kalite mükemmel fiyat mükemmel satıcı! 6 tane satın al!,1,1_6
"sandalye için satıcıya soru sordum, açıklayıcı cevap verdi. 3 gün kullandım.",0,0_5
"kulaklık fotoğraftakiyle aynı, kutu ezilmişti. 2 gün sonra ulaştı.",0,0_4
kamera çok hoşuma gitti; özellikle kullanım kolaylığı iyi. 5 gün denedim.,0,0_10
şarj cihazı şimdi satın al bugün fırsat son fırsat süper süper! 8 tane al!,1,1_19
kulaklık hayatınız değişecek inanılmaz sonuç hemen satın al! 2 yıldız!,1,1_16
"çaydanlık malzemesi iyi, fiyatı biraz yüksek. Teslimat 4 gün sürdü.",0,0_3
masa mükemmel mükemmel herkese tavsiye hemen satın al! 7 yıldız!,1,1_1
hoparlör muhteşem efsane süper ürün herkese tavsiye al! 5 yıldız!,1,1_9
monitör çok hoşuma gitti; özellikle kullanım kolaylığı iyi. 9 gün denedim.,0,0_10
hoparlör berbat berbat berbat asla almayın en kötü ürün! 8 sıfır yıldız!,1,1_10
termos hayatınız değişecek inanılmaz sonuç hemen satın al! 1 yıldız!,1,1_16
şarj cihazı şahane şahane kesinlikle almalısınız rakipsiz kalite! 5 tane!,1,1_8
"mont için satıcıya soru sordum, açıklayıcı cevap verdi. 1 gün kullandım.",0,0_5
masa dünyada bir numara kesin memnuniyet mükemmel! 9 tane sipariş ver!,1,1_17
havlu rezalet rezalet para tuzağı sakın satın alma! 6 sıfır puan!,1,1_12
ayakkabı harika görünüyor ama bağlantı noktası gevşek. 2 gündür kullanıyorum.,0,0_11
"klavye kullanışlı çıktı, ambalajı özenliydi. 9 gündür sorun yaşamadım.",0,0_9
"tencere ilk gün iyiydi, sonra arıza yaptı. 3 gün sonra servise verdim.",0,0_6
lamba muhteşem efsane süper ürün herkese tavsiye al! 5 yıldız!,1,1_9
"fare malzemesi iyi, fiyatı biraz yüksek. Teslimat 6 gün sürdü.",0,0_3
süpürge hayatınız değişecek inanılmaz sonuç hemen satın al! 9 yıldız!,1,1_16
yastık için olumsuz yorumları okudum ama bende sorun çıkmadı. 5 gün kullandım.,0,0_18
sandalye dünyada bir numara kesin memnuniyet mükemmel! 6 tane sipariş ver!,1,1_17
"sandalye ilk gün iyiydi, sonra arıza yaptı. 9 gün sonra servise verdim.",0,0_6
telefon mükemmel kalite mükemmel fiyat mükemmel satıcı! 1 tane satın al!,1,1_6
kitap on numara beş yıldız yüzde yüz garanti kaçırma! 10 tane al!,1,1_15
tencere çok hoşuma gitti; özellikle kullanım kolaylığı iyi. 9 gün denedim.,0,0_10
mont beğenmeyen yok herkes alıyor hemen sen de al! 4 yıldız!,1,1_18
"şarj cihazı ilk gün iyiydi, sonra arıza yaptı. 2 gün sonra servise verdim.",0,0_6
masa inanılmaz kusursuz muhteşem satıcı bir numara! 10 tane al!,1,1_4
"çaydanlık kalitesi orta, indirimde alınabilir. 6 günlük deneyimim bu.",0,0_7
"monitör paketinde çizik vardı, iade talebi açtım. 4 gün bekledim.",0,0_1
"hoparlör paketinde çizik vardı, iade talebi açtım. 9 gün bekledim.",0,0_1
"çanta tam istediğim gibi, tekrar alabilirim. 4 gün önce teslim edildi.",0,0_17
şarj cihazı kötü paketlenmişti; ürün sağlam kaldı. 9 gün sonra teslim aldım.,0,0_19
"lamba kullanışlı çıktı, ambalajı özenliydi. 4 gündür sorun yaşamadım.",0,0_9
hoparlör kesinlikle uzak dur herkes başka markayı alsın! 4 kere söylüyorum!,1,1_11
"sandalye gayet güzel, kargolama hızlıydı. 8 gündür kullanıyorum.",0,0_0
"kulaklık için satıcıya soru sordum, açıklayıcı cevap verdi. 3 gün kullandım.",0,0_5
kamera harika fırsat herkese öneriyorum hemen al pişman olmazsın! 6 yıldız!,1,1_5
tablet için rakip yok bütün ürünlerden üstün hemen al! 7 tane sipariş!,1,1_13
masa berbat berbat berbat asla almayın en kötü ürün! 7 sıfır yıldız!,1,1_10
hoparlör efsane fırsat kaçırma en iyi ürün şimdi sipariş ver! 2 tane!,1,1_2
şarj cihazı için olumsuz yorumları okudum ama bende sorun çıkmadı. 1 gün kullandım.,0,0_18
tencere beğenmeyen yok herkes alıyor hemen sen de al! 2 yıldız!,1,1_18
"termos paketinde çizik vardı, iade talebi açtım. 6 gün bekledim.",0,0_1
şarj cihazı için olumsuz yorumları okudum ama bende sorun çıkmadı. 5 gün kullandım.,0,0_18
"yastık beklentimi karşıladı, tavsiye ederim. Kargo 7 günde geldi.",0,0_12
"mont tam istediğim gibi, tekrar alabilirim. 3 gün önce teslim edildi.",0,0_17
kazak çok hoşuma gitti; özellikle kullanım kolaylığı iyi. 3 gün denedim.,0,0_10
tablet harika fırsat herkese öneriyorum hemen al pişman olmazsın! 7 yıldız!,1,1_5
şarj cihazı süper süper fiyat şahane düşünmeden al al al! 10 yıldız!,1,1_3
şarj cihazı kötü paketlenmişti; ürün sağlam kaldı. 8 gün sonra teslim aldım.,0,0_19
"ayakkabı tam istediğim gibi, tekrar alabilirim. 4 gün önce teslim edildi.",0,0_17
"klavye rengi beklediğim gibi değil, değişim istedim. 5 gün oldu.",0,0_8
ayakkabı on numara beş yıldız yüzde yüz garanti kaçırma! 10 tane al!,1,1_15
"tablet için satıcıya soru sordum, açıklayıcı cevap verdi. 6 gün kullandım.",0,0_5
termos kesinlikle uzak dur herkes başka markayı alsın! 10 kere söylüyorum!,1,1_11
"şarj cihazı uzun kullanımda rahat değil, kısa süre için uygun. 3 gündür bende.",0,0_16
fare inanılmaz kusursuz muhteşem satıcı bir numara! 5 tane al!,1,1_4
"saat gayet güzel, kargolama hızlıydı. 4 gündür kullanıyorum.",0,0_0
"klavye beklentimi karşıladı, tavsiye ederim. Kargo 10 günde geldi.",0,0_12
ayakkabı piyasadaki en iyi en ucuz kaçırılmaz hemen sipariş! 8 yıldız!,1,1_7
"tencere fotoğraftakiyle aynı, kutu ezilmişti. 8 gün sonra ulaştı.",0,0_4
"kulaklık için satıcıya soru sordum, açıklayıcı cevap verdi. 4 gün kullandım.",0,0_5
saat fiyatına göre güzel; kullanım kılavuzu eksik çıktı. 2 gün oldu.,0,0_13
"telefon gayet güzel, kargolama hızlıydı. 3 gündür kullanıyorum.",0,0_0
tablet hakkında olumsuz yazanlara inanmayın kusursuz süper! 7 yıldız!,1,1_14
kitap beklediğimden küçük geldi ama işimi görüyor. 5 gündür bende.,0,0_2
"çaydanlık rengi beklediğim gibi değil, değişim istedim. 2 gün oldu.",0,0_8
klavye mükemmel mükemmel herkese tavsiye hemen satın al! 9 yıldız!,1,1_1
"termos kalitesi orta, indirimde alınabilir. 4 günlük deneyimim bu.",0,0_7
kamera mükemmel mükemmel herkese tavsiye hemen satın al! 5 yıldız!,1,1_1
"çanta paketinde çizik vardı, iade talebi açtım. 7 gün bekledim.",0,0_1
çaydanlık çok hoşuma gitti; özellikle kullanım kolaylığı iyi. 7 gün denedim.,0,0_10
kamera beklediğimden küçük geldi ama işimi görüyor. 6 gündür bende.,0,0_2
çaydanlık için iade süreci sorunsuz ilerledi. Ücret 9 günde yattı.,0,0_14
"havlu gayet güzel, kargolama hızlıydı. 9 gündür kullanıyorum.",0,0_0
kitap için olumsuz yorumları okudum ama bende sorun çıkmadı. 9 gün kullandım.,0,0_18
"şarj cihazı kalitesi orta, indirimde alınabilir. 1 günlük deneyimim bu.",0,0_7
"suluk tam istediğim gibi, tekrar alabilirim. 4 gün önce teslim edildi.",0,0_17
saat için rakip yok bütün ürünlerden üstün hemen al! 6 tane sipariş!,1,1_13
telefon kesinlikle uzak dur herkes başka markayı alsın! 6 kere söylüyorum!,1,1_11
"yastık kullanışlı çıktı, ambalajı özenliydi. 6 gündür sorun yaşamadım.",0,0_9
masa mükemmel kalite mükemmel fiyat mükemmel satıcı! 7 tane satın al!,1,1_6
"telefon malzemesi iyi, fiyatı biraz yüksek. Teslimat 7 gün sürdü.",0,0_3
"çaydanlık malzemesi iyi, fiyatı biraz yüksek. Teslimat 6 gün sürdü.",0,0_3
"ayakkabı fotoğraftakiyle aynı, kutu ezilmişti. 9 gün sonra ulaştı.",0,0_4
"kamera gayet güzel, kargolama hızlıydı. 6 gündür kullanıyorum.",0,0_0
kazak rezalet rezalet para tuzağı sakın satın alma! 1 sıfır puan!,1,1_12
"tencere paketinde çizik vardı, iade talebi açtım. 9 gün bekledim.",0,0_1
"klavye gayet güzel, kargolama hızlıydı. 1 gündür kullanıyorum.",0,0_0
"sandalye kalitesi orta, indirimde alınabilir. 8 günlük deneyimim bu.",0,0_7
çanta harika fırsat herkese öneriyorum hemen al pişman olmazsın! 7 yıldız!,1,1_5
"kazak tam istediğim gibi, tekrar alabilirim. 5 gün önce teslim edildi.",0,0_17
"şarj cihazı beklentimi karşıladı, tavsiye ederim. Kargo 8 günde geldi.",0,0_12
"tencere fotoğraftakiyle aynı, kutu ezilmişti. 6 gün sonra ulaştı.",0,0_4
klavye efsane fırsat kaçırma en iyi ürün şimdi sipariş ver! 9 tane!,1,1_2
kulaklık kesinlikle uzak dur herkes başka markayı alsın! 2 kere söylüyorum!,1,1_11
"tencere tam istediğim gibi, tekrar alabilirim. 7 gün önce teslim edildi.",0,0_17
tencere beklediğimden küçük geldi ama işimi görüyor. 9 gündür bende.,0,0_2
kitap çok hoşuma gitti; özellikle kullanım kolaylığı iyi. 3 gün denedim.,0,0_10
sandalye on numara beş yıldız yüzde yüz garanti kaçırma! 9 tane al!,1,1_15
telefon şimdi satın al bugün fırsat son fırsat süper süper! 3 tane al!,1,1_19
klavye kesinlikle uzak dur herkes başka markayı alsın! 4 kere söylüyorum!,1,1_11
tablet harika fırsat herkese öneriyorum hemen al pişman olmazsın! 4 yıldız!,1,1_5
"telefon tam istediğim gibi, tekrar alabilirim. 10 gün önce teslim edildi.",0,0_17
"masa için satıcıya soru sordum, açıklayıcı cevap verdi. 1 gün kullandım.",0,0_5
yastık harika harika harika kesinlikle al 10 numara! 2 tane al!,1,1_0
"çanta fotoğraftakiyle aynı, kutu ezilmişti. 9 gün sonra ulaştı.",0,0_4
süpürge kesinlikle uzak dur herkes başka markayı alsın! 10 kere söylüyorum!,1,1_11
şarj cihazı dünyada bir numara kesin memnuniyet mükemmel! 2 tane sipariş ver!,1,1_17
"yastık kalitesi orta, indirimde alınabilir. 7 günlük deneyimim bu.",0,0_7
"lamba malzemesi iyi, fiyatı biraz yüksek. Teslimat 3 gün sürdü.",0,0_3
ayakkabı mükemmel kalite mükemmel fiyat mükemmel satıcı! 10 tane satın al!,1,1_6
"telefon tam istediğim gibi, tekrar alabilirim. 1 gün önce teslim edildi.",0,0_17
"suluk uzun kullanımda rahat değil, kısa süre için uygun. 7 gündür bende.",0,0_16
"hoparlör ilk gün iyiydi, sonra arıza yaptı. 5 gün sonra servise verdim.",0,0_6
"masa uzun kullanımda rahat değil, kısa süre için uygun. 8 gündür bende.",0,0_16
lamba beklediğimden küçük geldi ama işimi görüyor. 8 gündür bende.,0,0_2
mont için olumsuz yorumları okudum ama bende sorun çıkmadı. 1 gün kullandım.,0,0_18
"yastık malzemesi iyi, fiyatı biraz yüksek. Teslimat 1 gün sürdü.",0,0_3
saat berbat berbat berbat asla almayın en kötü ürün! 4 sıfır yıldız!,1,1_10
suluk şimdi satın al bugün fırsat son fırsat süper süper! 5 tane al!,1,1_19
lamba süper süper fiyat şahane düşünmeden al al al! 2 yıldız!,1,1_3
lamba çok hoşuma gitti; özellikle kullanım kolaylığı iyi. 10 gün denedim.,0,0_10
fare muhteşem efsane süper ürün herkese tavsiye al! 5 yıldız!,1,1_9
"tencere ilk gün iyiydi, sonra arıza yaptı. 8 gün sonra servise verdim.",0,0_6
kitap çok hoşuma gitti; özellikle kullanım kolaylığı iyi. 5 gün denedim.,0,0_10
"kitap tam istediğim gibi, tekrar alabilirim. 8 gün önce teslim edildi.",0,0_17
saat on numara beş yıldız yüzde yüz garanti kaçırma! 6 tane al!,1,1_15
kamera süper süper fiyat şahane düşünmeden al al al! 3 yıldız!,1,1_3
"kitap paketinde çizik vardı, iade talebi açtım. 3 gün bekledim.",0,0_1
"lamba tam istediğim gibi, tekrar alabilirim. 3 gün önce teslim edildi.",0,0_17
"telefon tam istediğim gibi, tekrar alabilirim. 4 gün önce teslim edildi.",0,0_17
tencere için rakip yok bütün ürünlerden üstün hemen al! 1 tane sipariş!,1,1_13
çanta harika fırsat herkese öneriyorum hemen al pişman olmazsın! 2 yıldız!,1,1_5
"telefon siparişim yanlış renk geldi, satıcı değişim yaptı. 3 gün bekledim.",0,0_15
"suluk ilk gün iyiydi, sonra arıza yaptı. 10 gün sonra servise verdim.",0,0_6
saat muhteşem efsane süper ürün herkese tavsiye al! 1 yıldız!,1,1_9
kazak harika görünüyor ama bağlantı noktası gevşek. 10 gündür kullanıyorum.,0,0_11
"masa malzemesi iyi, fiyatı biraz yüksek. Teslimat 7 gün sürdü.",0,0_3
termos piyasadaki en iyi en ucuz kaçırılmaz hemen sipariş! 2 yıldız!,1,1_7
süpürge berbat berbat berbat asla almayın en kötü ürün! 4 sıfır yıldız!,1,1_10
sandalye kötü paketlenmişti; ürün sağlam kaldı. 3 gün sonra teslim aldım.,0,0_19
lamba beğenmeyen yok herkes alıyor hemen sen de al! 9 yıldız!,1,1_18
"hoparlör rengi beklediğim gibi değil, değişim istedim. 1 gün oldu.",0,0_8
"kitap ilk gün iyiydi, sonra arıza yaptı. 10 gün sonra servise verdim.",0,0_6
"klavye ilk gün iyiydi, sonra arıza yaptı. 1 gün sonra servise verdim.",0,0_6
"suluk kullanışlı çıktı, ambalajı özenliydi. 4 gündür sorun yaşamadım.",0,0_9
"kamera için satıcıya soru sordum, açıklayıcı cevap verdi. 2 gün kullandım.",0,0_5
kazak fiyatına göre güzel; kullanım kılavuzu eksik çıktı. 9 gün oldu.,0,0_13
kamera inanılmaz kusursuz muhteşem satıcı bir numara! 9 tane al!,1,1_4
kulaklık harika görünüyor ama bağlantı noktası gevşek. 7 gündür kullanıyorum.,0,0_11
"kitap uzun kullanımda rahat değil, kısa süre için uygun. 5 gündür bende.",0,0_16
yastık berbat berbat berbat asla almayın en kötü ürün! 7 sıfır yıldız!,1,1_10
çaydanlık harika fırsat herkese öneriyorum hemen al pişman olmazsın! 7 yıldız!,1,1_5
"masa tam istediğim gibi, tekrar alabilirim. 5 gün önce teslim edildi.",0,0_17
"çanta rengi beklediğim gibi değil, değişim istedim. 6 gün oldu.",0,0_8
"monitör malzemesi iyi, fiyatı biraz yüksek. Teslimat 8 gün sürdü.",0,0_3
şarj cihazı fiyatına göre güzel; kullanım kılavuzu eksik çıktı. 1 gün oldu.,0,0_13
hoparlör rezalet rezalet para tuzağı sakın satın alma! 5 sıfır puan!,1,1_12
ayakkabı muhteşem efsane süper ürün herkese tavsiye al! 7 yıldız!,1,1_9
yastık on numara beş yıldız yüzde yüz garanti kaçırma! 2 tane al!,1,1_15
çanta için iade süreci sorunsuz ilerledi. Ücret 10 günde yattı.,0,0_14
"süpürge uzun kullanımda rahat değil, kısa süre için uygun. 8 gündür bende.",0,0_16
"monitör ilk gün iyiydi, sonra arıza yaptı. 1 gün sonra servise verdim.",0,0_6
çanta mükemmel mükemmel herkese tavsiye hemen satın al! 2 yıldız!,1,1_1
termos beğenmeyen yok herkes alıyor hemen sen de al! 8 yıldız!,1,1_18
"çaydanlık için satıcıya soru sordum, açıklayıcı cevap verdi. 8 gün kullandım.",0,0_5
lamba süper süper fiyat şahane düşünmeden al al al! 4 yıldız!,1,1_3
tencere berbat berbat berbat asla almayın en kötü ürün! 9 sıfır yıldız!,1,1_10
"kazak için satıcıya soru sordum, açıklayıcı cevap verdi. 3 gün kullandım.",0,0_5
saat için rakip yok bütün ürünlerden üstün hemen al! 10 tane sipariş!,1,1_13
kamera şahane şahane kesinlikle almalısınız rakipsiz kalite! 3 tane!,1,1_8
yastık mükemmel mükemmel herkese tavsiye hemen satın al! 7 yıldız!,1,1_1
mont süper süper fiyat şahane düşünmeden al al al! 8 yıldız!,1,1_3
kazak kesinlikle uzak dur herkes başka markayı alsın! 1 kere söylüyorum!,1,1_11
"tablet beklentimi karşıladı, tavsiye ederim. Kargo 9 günde geldi.",0,0_12
kazak hayatınız değişecek inanılmaz sonuç hemen satın al! 5 yıldız!,1,1_16
lamba kötü paketlenmişti; ürün sağlam kaldı. 10 gün sonra teslim aldım.,0,0_19
"kulaklık kalitesi orta, indirimde alınabilir. 8 günlük deneyimim bu.",0,0_7
"kazak gayet güzel, kargolama hızlıydı. 10 gündür kullanıyorum.",0,0_0
monitör berbat berbat berbat asla almayın en kötü ürün! 9 sıfır yıldız!,1,1_10
kazak efsane fırsat kaçırma en iyi ürün şimdi sipariş ver! 8 tane!,1,1_2
"havlu rengi beklediğim gibi değil, değişim istedim. 4 gün oldu.",0,0_8
suluk hakkında olumsuz yazanlara inanmayın kusursuz süper! 7 yıldız!,1,1_14
kulaklık rezalet rezalet para tuzağı sakın satın alma! 2 sıfır puan!,1,1_12
"kazak malzemesi iyi, fiyatı biraz yüksek. Teslimat 6 gün sürdü.",0,0_3
"suluk malzemesi iyi, fiyatı biraz yüksek. Teslimat 10 gün sürdü.",0,0_3
kazak piyasadaki en iyi en ucuz kaçırılmaz hemen sipariş! 4 yıldız!,1,1_7
fare hakkında olumsuz yazanlara inanmayın kusursuz süper! 4 yıldız!,1,1_14
telefon çok hoşuma gitti; özellikle kullanım kolaylığı iyi. 8 gün denedim.,0,0_10
"mont paketinde çizik vardı, iade talebi açtım. 5 gün bekledim.",0,0_1
"termos kullanışlı çıktı, ambalajı özenliydi. 3 gündür sorun yaşamadım.",0,0_9
kamera dünyada bir numara kesin memnuniyet mükemmel! 7 tane sipariş ver!,1,1_17
ayakkabı şahane şahane kesinlikle almalısınız rakipsiz kalite! 2 tane!,1,1_8
tablet berbat berbat berbat asla almayın en kötü ürün! 8 sıfır yıldız!,1,1_10
kulaklık efsane fırsat kaçırma en iyi ürün şimdi sipariş ver! 5 tane!,1,1_2
klavye kesinlikle uzak dur herkes başka markayı alsın! 2 kere söylüyorum!,1,1_11
"yastık fotoğraftakiyle aynı, kutu ezilmişti. 4 gün sonra ulaştı.",0,0_4
"lamba için satıcıya soru sordum, açıklayıcı cevap verdi. 10 gün kullandım.",0,0_5
kitap kötü paketlenmişti; ürün sağlam kaldı. 9 gün sonra teslim aldım.,0,0_19
"kulaklık uzun kullanımda rahat değil, kısa süre için uygun. 9 gündür bende.",0,0_16
tencere kesinlikle uzak dur herkes başka markayı alsın! 9 kere söylüyorum!,1,1_11
suluk harika görünüyor ama bağlantı noktası gevşek. 4 gündür kullanıyorum.,0,0_11
kulaklık beklediğimden küçük geldi ama işimi görüyor. 10 gündür bende.,0,0_2
"hoparlör fotoğraftakiyle aynı, kutu ezilmişti. 7 gün sonra ulaştı.",0,0_4
"kazak kalitesi orta, indirimde alınabilir. 5 günlük deneyimim bu.",0,0_7
lamba beğenmeyen yok herkes alıyor hemen sen de al! 5 yıldız!,1,1_18
telefon kesinlikle uzak dur herkes başka markayı alsın! 7 kere söylüyorum!,1,1_11
kamera harika görünüyor ama bağlantı noktası gevşek. 3 gündür kullanıyorum.,0,0_11
"kamera kullanışlı çıktı, ambalajı özenliydi. 9 gündür sorun yaşamadım.",0,0_9
masa rezalet rezalet para tuzağı sakın satın alma! 8 sıfır puan!,1,1_12
kulaklık şimdi satın al bugün fırsat son fırsat süper süper! 1 tane al!,1,1_19
çanta harika görünüyor ama bağlantı noktası gevşek. 4 gündür kullanıyorum.,0,0_11
sandalye çok hoşuma gitti; özellikle kullanım kolaylığı iyi. 10 gün denedim.,0,0_10
"şarj cihazı beklentimi karşıladı, tavsiye ederim. Kargo 9 günde geldi.",0,0_12
"saat beklentimi karşıladı, tavsiye ederim. Kargo 7 günde geldi.",0,0_12
"kulaklık rengi beklediğim gibi değil, değişim istedim. 6 gün oldu.",0,0_8
tablet harika görünüyor ama bağlantı noktası gevşek. 10 gündür kullanıyorum.,0,0_11
mont şimdi satın al bugün fırsat son fırsat süper süper! 1 tane al!,1,1_19
"mont malzemesi iyi, fiyatı biraz yüksek. Teslimat 1 gün sürdü.",0,0_3
"fare uzun kullanımda rahat değil, kısa süre için uygun. 5 gündür bende.",0,0_16
"telefon tam istediğim gibi, tekrar alabilirim. 7 gün önce teslim edildi.",0,0_17
tablet harika harika harika kesinlikle al 10 numara! 4 tane al!,1,1_0
kazak mükemmel mükemmel herkese tavsiye hemen satın al! 7 yıldız!,1,1_1
"süpürge paketinde çizik vardı, iade talebi açtım. 8 gün bekledim.",0,0_1
saat için iade süreci sorunsuz ilerledi. Ücret 8 günde yattı.,0,0_14
tablet inanılmaz kusursuz muhteşem satıcı bir numara! 8 tane al!,1,1_4
"fare ilk gün iyiydi, sonra arıza yaptı. 10 gün sonra servise verdim.",0,0_6
"mont siparişim yanlış renk geldi, satıcı değişim yaptı. 6 gün bekledim.",0,0_15
havlu şahane şahane kesinlikle almalısınız rakipsiz kalite! 8 tane!,1,1_8
termos efsane fırsat kaçırma en iyi ürün şimdi sipariş ver! 4 tane!,1,1_2
çaydanlık beklediğimden küçük geldi ama işimi görüyor. 7 gündür bende.,0,0_2
"monitör rengi beklediğim gibi değil, değişim istedim. 3 gün oldu.",0,0_8
çanta şimdi satın al bugün fırsat son fırsat süper süper! 6 tane al!,1,1_19
"klavye uzun kullanımda rahat değil, kısa süre için uygun. 7 gündür bende.",0,0_16
"çaydanlık malzemesi iyi, fiyatı biraz yüksek. Teslimat 8 gün sürdü.",0,0_3
telefon için iade süreci sorunsuz ilerledi. Ücret 4 günde yattı.,0,0_14
çaydanlık dünyada bir numara kesin memnuniyet mükemmel! 5 tane sipariş ver!,1,1_17
"çaydanlık kalitesi orta, indirimde alınabilir. 5 günlük deneyimim bu.",0,0_7
tablet için iade süreci sorunsuz ilerledi. Ücret 8 günde yattı.,0,0_14
fare şimdi satın al bugün fırsat son fırsat süper süper! 2 tane al!,1,1_19
çaydanlık beğenmeyen yok herkes alıyor hemen sen de al! 8 yıldız!,1,1_18
kamera mükemmel mükemmel herkese tavsiye hemen satın al! 1 yıldız!,1,1_1
şarj cihazı fiyatına göre güzel; kullanım kılavuzu eksik çıktı. 10 gün oldu.,0,0_13
masa harika fırsat herkese öneriyorum hemen al pişman olmazsın! 4 yıldız!,1,1_5
"klavye tam istediğim gibi, tekrar alabilirim. 2 gün önce teslim edildi.",0,0_17
kazak harika harika harika kesinlikle al 10 numara! 3 tane al!,1,1_0
"hoparlör ilk gün iyiydi, sonra arıza yaptı. 10 gün sonra servise verdim.",0,0_6
"çanta tam istediğim gibi, tekrar alabilirim. 6 gün önce teslim edildi.",0,0_17
masa mükemmel kalite mükemmel fiyat mükemmel satıcı! 9 tane satın al!,1,1_6
"telefon malzemesi iyi, fiyatı biraz yüksek. Teslimat 9 gün sürdü.",0,0_3
"masa kullanışlı çıktı, ambalajı özenliydi. 10 gündür sorun yaşamadım.",0,0_9
ayakkabı harika görünüyor ama bağlantı noktası gevşek. 10 gündür kullanıyorum.,0,0_11
monitör berbat berbat berbat asla almayın en kötü ürün! 6 sıfır yıldız!,1,1_10
kazak harika fırsat herkese öneriyorum hemen al pişman olmazsın! 10 yıldız!,1,1_5
fare berbat berbat berbat asla almayın en kötü ürün! 9 sıfır yıldız!,1,1_10
kitap inanılmaz kusursuz muhteşem satıcı bir numara! 8 tane al!,1,1_4
"klavye siparişim yanlış renk geldi, satıcı değişim yaptı. 3 gün bekledim.",0,0_15
termos kötü paketlenmişti; ürün sağlam kaldı. 4 gün sonra teslim aldım.,0,0_19
havlu şimdi satın al bugün fırsat son fırsat süper süper! 10 tane al!,1,1_19
lamba hakkında olumsuz yazanlara inanmayın kusursuz süper! 3 yıldız!,1,1_14
hoparlör harika görünüyor ama bağlantı noktası gevşek. 10 gündür kullanıyorum.,0,0_11
"fare beklentimi karşıladı, tavsiye ederim. Kargo 2 günde geldi.",0,0_12
yastık beklediğimden küçük geldi ama işimi görüyor. 3 gündür bende.,0,0_2
"lamba beklentimi karşıladı, tavsiye ederim. Kargo 4 günde geldi.",0,0_12
tablet kötü paketlenmişti; ürün sağlam kaldı. 9 gün sonra teslim aldım.,0,0_19
"yastık beklentimi karşıladı, tavsiye ederim. Kargo 9 günde geldi.",0,0_12
"kitap malzemesi iyi, fiyatı biraz yüksek. Teslimat 8 gün sürdü.",0,0_3
"havlu ilk gün iyiydi, sonra arıza yaptı. 1 gün sonra servise verdim.",0,0_6
"tablet tam istediğim gibi, tekrar alabilirim. 6 gün önce teslim edildi.",0,0_17
"monitör beklentimi karşıladı, tavsiye ederim. Kargo 6 günde geldi.",0,0_12
"ayakkabı siparişim yanlış renk geldi, satıcı değişim yaptı. 5 gün bekledim.",0,0_15
yastık beklediğimden küçük geldi ama işimi görüyor. 8 gündür bende.,0,0_2
"çaydanlık malzemesi iyi, fiyatı biraz yüksek. Teslimat 9 gün sürdü.",0,0_3
şarj cihazı inanılmaz kusursuz muhteşem satıcı bir numara! 2 tane al!,1,1_4
şarj cihazı dünyada bir numara kesin memnuniyet mükemmel! 7 tane sipariş ver!,1,1_17
süpürge piyasadaki en iyi en ucuz kaçırılmaz hemen sipariş! 5 yıldız!,1,1_7
"ayakkabı paketinde çizik vardı, iade talebi açtım. 7 gün bekledim.",0,0_1
"masa rengi beklediğim gibi değil, değişim istedim. 4 gün oldu.",0,0_8
klavye rezalet rezalet para tuzağı sakın satın alma! 6 sıfır puan!,1,1_12
tablet rezalet rezalet para tuzağı sakın satın alma! 5 sıfır puan!,1,1_12
yastık için rakip yok bütün ürünlerden üstün hemen al! 10 tane sipariş!,1,1_13
kitap hayatınız değişecek inanılmaz sonuç hemen satın al! 7 yıldız!,1,1_16
"havlu kullanışlı çıktı, ambalajı özenliydi. 7 gündür sorun yaşamadım.",0,0_9
kamera beğenmeyen yok herkes alıyor hemen sen de al! 6 yıldız!,1,1_18
"çaydanlık tam istediğim gibi, tekrar alabilirim. 9 gün önce teslim edildi.",0,0_17
ayakkabı inanılmaz kusursuz muhteşem satıcı bir numara! 1 tane al!,1,1_4
klavye şahane şahane kesinlikle almalısınız rakipsiz kalite! 7 tane!,1,1_8
ayakkabı çok hoşuma gitti; özellikle kullanım kolaylığı iyi. 10 gün denedim.,0,0_10
çanta fiyatına göre güzel; kullanım kılavuzu eksik çıktı. 7 gün oldu.,0,0_13
çaydanlık on numara beş yıldız yüzde yüz garanti kaçırma! 8 tane al!,1,1_15
şarj cihazı harika harika harika kesinlikle al 10 numara! 6 tane al!,1,1_0
telefon harika harika harika kesinlikle al 10 numara! 2 tane al!,1,1_0
"çaydanlık paketinde çizik vardı, iade talebi açtım. 2 gün bekledim.",0,0_1
klavye mükemmel mükemmel herkese tavsiye hemen satın al! 1 yıldız!,1,1_1
"kitap beklentimi karşıladı, tavsiye ederim. Kargo 8 günde geldi.",0,0_12
havlu şimdi satın al bugün fırsat son fırsat süper süper! 4 tane al!,1,1_19
termos kötü paketlenmişti; ürün sağlam kaldı. 8 gün sonra teslim aldım.,0,0_19
telefon için iade süreci sorunsuz ilerledi. Ücret 3 günde yattı.,0,0_14
kitap kesinlikle uzak dur herkes başka markayı alsın! 1 kere söylüyorum!,1,1_11
sandalye için rakip yok bütün ürünlerden üstün hemen al! 2 tane sipariş!,1,1_13
"süpürge paketinde çizik vardı, iade talebi açtım. 4 gün bekledim.",0,0_1
sandalye için iade süreci sorunsuz ilerledi. Ücret 1 günde yattı.,0,0_14
mont beklediğimden küçük geldi ama işimi görüyor. 6 gündür bende.,0,0_2
lamba mükemmel mükemmel herkese tavsiye hemen satın al! 2 yıldız!,1,1_1
"masa paketinde çizik vardı, iade talebi açtım. 10 gün bekledim.",0,0_1
kazak piyasadaki en iyi en ucuz kaçırılmaz hemen sipariş! 8 yıldız!,1,1_7
"kulaklık ilk gün iyiydi, sonra arıza yaptı. 6 gün sonra servise verdim.",0,0_6
sandalye mükemmel mükemmel herkese tavsiye hemen satın al! 6 yıldız!,1,1_1
fare fiyatına göre güzel; kullanım kılavuzu eksik çıktı. 7 gün oldu.,0,0_13
havlu on numara beş yıldız yüzde yüz garanti kaçırma! 6 tane al!,1,1_15
telefon harika fırsat herkese öneriyorum hemen al pişman olmazsın! 3 yıldız!,1,1_5
kitap süper süper fiyat şahane düşünmeden al al al! 2 yıldız!,1,1_3
tablet çok hoşuma gitti; özellikle kullanım kolaylığı iyi. 1 gün denedim.,0,0_10
sandalye beğenmeyen yok herkes alıyor hemen sen de al! 1 yıldız!,1,1_18
süpürge şahane şahane kesinlikle almalısınız rakipsiz kalite! 1 tane!,1,1_8
şarj cihazı şahane şahane kesinlikle almalısınız rakipsiz kalite! 6 tane!,1,1_8
hoparlör kötü paketlenmişti; ürün sağlam kaldı. 3 gün sonra teslim aldım.,0,0_19
tencere piyasadaki en iyi en ucuz kaçırılmaz hemen sipariş! 3 yıldız!,1,1_7
kamera beğenmeyen yok herkes alıyor hemen sen de al! 1 yıldız!,1,1_18
hoparlör için rakip yok bütün ürünlerden üstün hemen al! 10 tane sipariş!,1,1_13
telefon beklediğimden küçük geldi ama işimi görüyor. 8 gündür bende.,0,0_2
havlu kesinlikle uzak dur herkes başka markayı alsın! 10 kere söylüyorum!,1,1_11
"termos fotoğraftakiyle aynı, kutu ezilmişti. 8 gün sonra ulaştı.",0,0_4
kazak çok hoşuma gitti; özellikle kullanım kolaylığı iyi. 5 gün denedim.,0,0_10
suluk harika harika harika kesinlikle al 10 numara! 2 tane al!,1,1_0
fare şahane şahane kesinlikle almalısınız rakipsiz kalite! 3 tane!,1,1_8
kamera çok hoşuma gitti; özellikle kullanım kolaylığı iyi. 2 gün denedim.,0,0_10
telefon piyasadaki en iyi en ucuz kaçırılmaz hemen sipariş! 6 yıldız!,1,1_7
termos dünyada bir numara kesin memnuniyet mükemmel! 7 tane sipariş ver!,1,1_17
şarj cihazı beğenmeyen yok herkes alıyor hemen sen de al! 4 yıldız!,1,1_18
masa kötü paketlenmişti; ürün sağlam kaldı. 5 gün sonra teslim aldım.,0,0_19
klavye on numara beş yıldız yüzde yüz garanti kaçırma! 7 tane al!,1,1_15
"termos tam istediğim gibi, tekrar alabilirim. 10 gün önce teslim edildi.",0,0_17
monitör mükemmel mükemmel herkese tavsiye hemen satın al! 2 yıldız!,1,1_1
yastık çok hoşuma gitti; özellikle kullanım kolaylığı iyi. 9 gün denedim.,0,0_10
"çanta fotoğraftakiyle aynı, kutu ezilmişti. 2 gün sonra ulaştı.",0,0_4
kulaklık için iade süreci sorunsuz ilerledi. Ücret 7 günde yattı.,0,0_14
monitör şahane şahane kesinlikle almalısınız rakipsiz kalite! 5 tane!,1,1_8
"klavye uzun kullanımda rahat değil, kısa süre için uygun. 10 gündür bende.",0,0_16
yastık beklediğimden küçük geldi ama işimi görüyor. 1 gündür bende.,0,0_2
saat dünyada bir numara kesin memnuniyet mükemmel! 7 tane sipariş ver!,1,1_17
saat fiyatına göre güzel; kullanım kılavuzu eksik çıktı. 7 gün oldu.,0,0_13
tablet rezalet rezalet para tuzağı sakın satın alma! 2 sıfır puan!,1,1_12
mont şimdi satın al bugün fırsat son fırsat süper süper! 3 tane al!,1,1_19
tablet fiyatına göre güzel; kullanım kılavuzu eksik çıktı. 4 gün oldu.,0,0_13
"klavye fotoğraftakiyle aynı, kutu ezilmişti. 4 gün sonra ulaştı.",0,0_4
fare için olumsuz yorumları okudum ama bende sorun çıkmadı. 1 gün kullandım.,0,0_18
fare harika görünüyor ama bağlantı noktası gevşek. 10 gündür kullanıyorum.,0,0_11
saat harika harika harika kesinlikle al 10 numara! 7 tane al!,1,1_0
masa harika görünüyor ama bağlantı noktası gevşek. 1 gündür kullanıyorum.,0,0_11
"kitap için satıcıya soru sordum, açıklayıcı cevap verdi. 6 gün kullandım.",0,0_5
fare için olumsuz yorumları okudum ama bende sorun çıkmadı. 3 gün kullandım.,0,0_18
"kazak rengi beklediğim gibi değil, değişim istedim. 7 gün oldu.",0,0_8
saat için iade süreci sorunsuz ilerledi. Ücret 2 günde yattı.,0,0_14
"lamba gayet güzel, kargolama hızlıydı. 2 gündür kullanıyorum.",0,0_0
hoparlör harika harika harika kesinlikle al 10 numara! 3 tane al!,1,1_0
saat mükemmel kalite mükemmel fiyat mükemmel satıcı! 5 tane satın al!,1,1_6
çanta beklediğimden küçük geldi ama işimi görüyor. 8 gündür bende.,0,0_2
masa için iade süreci sorunsuz ilerledi. Ücret 4 günde yattı.,0,0_14
"mont beklentimi karşıladı, tavsiye ederim. Kargo 8 günde geldi.",0,0_12
havlu berbat berbat berbat asla almayın en kötü ürün! 6 sıfır yıldız!,1,1_10
fare piyasadaki en iyi en ucuz kaçırılmaz hemen sipariş! 1 yıldız!,1,1_7
"monitör ilk gün iyiydi, sonra arıza yaptı. 7 gün sonra servise verdim.",0,0_6
tablet mükemmel mükemmel herkese tavsiye hemen satın al! 3 yıldız!,1,1_1
kitap harika harika harika kesinlikle al 10 numara! 9 tane al!,1,1_0
termos fiyatına göre güzel; kullanım kılavuzu eksik çıktı. 2 gün oldu.,0,0_13
termos inanılmaz kusursuz muhteşem satıcı bir numara! 4 tane al!,1,1_4
"klavye fotoğraftakiyle aynı, kutu ezilmişti. 3 gün sonra ulaştı.",0,0_4
"monitör beklentimi karşıladı, tavsiye ederim. Kargo 7 günde geldi.",0,0_12
"termos kullanışlı çıktı, ambalajı özenliydi. 8 gündür sorun yaşamadım.",0,0_9
hoparlör beklediğimden küçük geldi ama işimi görüyor. 3 gündür bende.,0,0_2
lamba muhteşem efsane süper ürün herkese tavsiye al! 8 yıldız!,1,1_9
"ayakkabı tam istediğim gibi, tekrar alabilirim. 10 gün önce teslim edildi.",0,0_17
mont hayatınız değişecek inanılmaz sonuç hemen satın al! 9 yıldız!,1,1_16
"fare tam istediğim gibi, tekrar alabilirim. 1 gün önce teslim edildi.",0,0_17
"ayakkabı gayet güzel, kargolama hızlıydı. 3 gündür kullanıyorum.",0,0_0
mont için rakip yok bütün ürünlerden üstün hemen al! 6 tane sipariş!,1,1_13
klavye harika görünüyor ama bağlantı noktası gevşek. 10 gündür kullanıyorum.,0,0_11
monitör için iade süreci sorunsuz ilerledi. Ücret 8 günde yattı.,0,0_14
kazak inanılmaz kusursuz muhteşem satıcı bir numara! 2 tane al!,1,1_4
süpürge fiyatına göre güzel; kullanım kılavuzu eksik çıktı. 2 gün oldu.,0,0_13
hoparlör berbat berbat berbat asla almayın en kötü ürün! 2 sıfır yıldız!,1,1_10
"lamba malzemesi iyi, fiyatı biraz yüksek. Teslimat 10 gün sürdü.",0,0_3
"lamba ilk gün iyiydi, sonra arıza yaptı. 1 gün sonra servise verdim.",0,0_6
"masa ilk gün iyiydi, sonra arıza yaptı. 3 gün sonra servise verdim.",0,0_6
masa berbat berbat berbat asla almayın en kötü ürün! 6 sıfır yıldız!,1,1_10
termos beğenmeyen yok herkes alıyor hemen sen de al! 2 yıldız!,1,1_18
klavye için rakip yok bütün ürünlerden üstün hemen al! 5 tane sipariş!,1,1_13
mont inanılmaz kusursuz muhteşem satıcı bir numara! 3 tane al!,1,1_4
"şarj cihazı kullanışlı çıktı, ambalajı özenliydi. 6 gündür sorun yaşamadım.",0,0_9
kulaklık efsane fırsat kaçırma en iyi ürün şimdi sipariş ver! 7 tane!,1,1_2
kulaklık beklediğimden küçük geldi ama işimi görüyor. 4 gündür bende.,0,0_2
"çanta ilk gün iyiydi, sonra arıza yaptı. 1 gün sonra servise verdim.",0,0_6
suluk rezalet rezalet para tuzağı sakın satın alma! 5 sıfır puan!,1,1_12
kulaklık dünyada bir numara kesin memnuniyet mükemmel! 10 tane sipariş ver!,1,1_17
kitap fiyatına göre güzel; kullanım kılavuzu eksik çıktı. 4 gün oldu.,0,0_13
tablet süper süper fiyat şahane düşünmeden al al al! 7 yıldız!,1,1_3
"suluk kullanışlı çıktı, ambalajı özenliydi. 7 gündür sorun yaşamadım.",0,0_9
"lamba rengi beklediğim gibi değil, değişim istedim. 5 gün oldu.",0,0_8
sandalye berbat berbat berbat asla almayın en kötü ürün! 6 sıfır yıldız!,1,1_10
"masa gayet güzel, kargolama hızlıydı. 3 gündür kullanıyorum.",0,0_0
hoparlör kötü paketlenmişti; ürün sağlam kaldı. 4 gün sonra teslim aldım.,0,0_19
ayakkabı harika görünüyor ama bağlantı noktası gevşek. 8 gündür kullanıyorum.,0,0_11
kitap için rakip yok bütün ürünlerden üstün hemen al! 10 tane sipariş!,1,1_13
"telefon siparişim yanlış renk geldi, satıcı değişim yaptı. 10 gün bekledim.",0,0_15
çaydanlık beklediğimden küçük geldi ama işimi görüyor. 9 gündür bende.,0,0_2
fare inanılmaz kusursuz muhteşem satıcı bir numara! 9 tane al!,1,1_4
"fare siparişim yanlış renk geldi, satıcı değişim yaptı. 7 gün bekledim.",0,0_15
masa şimdi satın al bugün fırsat son fırsat süper süper! 6 tane al!,1,1_19
süpürge mükemmel kalite mükemmel fiyat mükemmel satıcı! 6 tane satın al!,1,1_6
"telefon ilk gün iyiydi, sonra arıza yaptı. 7 gün sonra servise verdim.",0,0_6
şarj cihazı şahane şahane kesinlikle almalısınız rakipsiz kalite! 2 tane!,1,1_8
kamera fiyatına göre güzel; kullanım kılavuzu eksik çıktı. 2 gün oldu.,0,0_13
kazak dünyada bir numara kesin memnuniyet mükemmel! 4 tane sipariş ver!,1,1_17
tablet efsane fırsat kaçırma en iyi ürün şimdi sipariş ver! 5 tane!,1,1_2
"telefon ilk gün iyiydi, sonra arıza yaptı. 1 gün sonra servise verdim.",0,0_6
havlu muhteşem efsane süper ürün herkese tavsiye al! 6 yıldız!,1,1_9
çanta şahane şahane kesinlikle almalısınız rakipsiz kalite! 4 tane!,1,1_8
"havlu paketinde çizik vardı, iade talebi açtım. 9 gün bekledim.",0,0_1
kamera çok hoşuma gitti; özellikle kullanım kolaylığı iyi. 10 gün denedim.,0,0_10
suluk şimdi satın al bugün fırsat son fırsat süper süper! 10 tane al!,1,1_19
tencere dünyada bir numara kesin memnuniyet mükemmel! 3 tane sipariş ver!,1,1_17
lamba berbat berbat berbat asla almayın en kötü ürün! 7 sıfır yıldız!,1,1_10
çaydanlık efsane fırsat kaçırma en iyi ürün şimdi sipariş ver! 9 tane!,1,1_2
"sandalye uzun kullanımda rahat değil, kısa süre için uygun. 10 gündür bende.",0,0_16
"monitör uzun kullanımda rahat değil, kısa süre için uygun. 2 gündür bende.",0,0_16
ayakkabı süper süper fiyat şahane düşünmeden al al al! 5 yıldız!,1,1_3
suluk fiyatına göre güzel; kullanım kılavuzu eksik çıktı. 8 gün oldu.,0,0_13
çaydanlık beklediğimden küçük geldi ama işimi görüyor. 2 gündür bende.,0,0_2
fare kesinlikle uzak dur herkes başka markayı alsın! 5 kere söylüyorum!,1,1_11
"lamba siparişim yanlış renk geldi, satıcı değişim yaptı. 9 gün bekledim.",0,0_15
ayakkabı berbat berbat berbat asla almayın en kötü ürün! 1 sıfır yıldız!,1,1_10
mont dünyada bir numara kesin memnuniyet mükemmel! 1 tane sipariş ver!,1,1_17
kamera fiyatına göre güzel; kullanım kılavuzu eksik çıktı. 8 gün oldu.,0,0_13
"yastık siparişim yanlış renk geldi, satıcı değişim yaptı. 7 gün bekledim.",0,0_15
"çaydanlık malzemesi iyi, fiyatı biraz yüksek. Teslimat 5 gün sürdü.",0,0_3
tablet harika görünüyor ama bağlantı noktası gevşek. 9 gündür kullanıyorum.,0,0_11
fare mükemmel kalite mükemmel fiyat mükemmel satıcı! 3 tane satın al!,1,1_6
"tencere beklentimi karşıladı, tavsiye ederim. Kargo 8 günde geldi.",0,0_12
yastık fiyatına göre güzel; kullanım kılavuzu eksik çıktı. 7 gün oldu.,0,0_13
"lamba uzun kullanımda rahat değil, kısa süre için uygun. 6 gündür bende.",0,0_16
"telefon gayet güzel, kargolama hızlıydı. 10 gündür kullanıyorum.",0,0_0
şarj cihazı için olumsuz yorumları okudum ama bende sorun çıkmadı. 7 gün kullandım.,0,0_18
"kulaklık beklentimi karşıladı, tavsiye ederim. Kargo 5 günde geldi.",0,0_12
çanta rezalet rezalet para tuzağı sakın satın alma! 2 sıfır puan!,1,1_12
lamba beğenmeyen yok herkes alıyor hemen sen de al! 8 yıldız!,1,1_18
hoparlör rezalet rezalet para tuzağı sakın satın alma! 3 sıfır puan!,1,1_12
saat kötü paketlenmişti; ürün sağlam kaldı. 8 gün sonra teslim aldım.,0,0_19
şarj cihazı berbat berbat berbat asla almayın en kötü ürün! 7 sıfır yıldız!,1,1_10
"termos ilk gün iyiydi, sonra arıza yaptı. 10 gün sonra servise verdim.",0,0_6
"klavye rengi beklediğim gibi değil, değişim istedim. 10 gün oldu.",0,0_8
çaydanlık berbat berbat berbat asla almayın en kötü ürün! 3 sıfır yıldız!,1,1_10
"sandalye beklentimi karşıladı, tavsiye ederim. Kargo 3 günde geldi.",0,0_12
"ayakkabı gayet güzel, kargolama hızlıydı. 8 gündür kullanıyorum.",0,0_0
"masa ilk gün iyiydi, sonra arıza yaptı. 1 gün sonra servise verdim.",0,0_6
"termos kalitesi orta, indirimde alınabilir. 10 günlük deneyimim bu.",0,0_7
kitap için rakip yok bütün ürünlerden üstün hemen al! 4 tane sipariş!,1,1_13
"saat tam istediğim gibi, tekrar alabilirim. 1 gün önce teslim edildi.",0,0_17
saat şimdi satın al bugün fırsat son fırsat süper süper! 9 tane al!,1,1_19
"lamba beklentimi karşıladı, tavsiye ederim. Kargo 6 günde geldi.",0,0_12
çaydanlık harika harika harika kesinlikle al 10 numara! 1 tane al!,1,1_0
klavye için iade süreci sorunsuz ilerledi. Ücret 1 günde yattı.,0,0_14
masa kötü paketlenmişti; ürün sağlam kaldı. 9 gün sonra teslim aldım.,0,0_19
"kazak gayet güzel, kargolama hızlıydı. 6 gündür kullanıyorum.",0,0_0
"çanta fotoğraftakiyle aynı, kutu ezilmişti. 8 gün sonra ulaştı.",0,0_4
termos rezalet rezalet para tuzağı sakın satın alma! 8 sıfır puan!,1,1_12
masa hayatınız değişecek inanılmaz sonuç hemen satın al! 3 yıldız!,1,1_16
masa kötü paketlenmişti; ürün sağlam kaldı. 8 gün sonra teslim aldım.,0,0_19
sandalye berbat berbat berbat asla almayın en kötü ürün! 7 sıfır yıldız!,1,1_10
"fare ilk gün iyiydi, sonra arıza yaptı. 2 gün sonra servise verdim.",0,0_6
çaydanlık harika harika harika kesinlikle al 10 numara! 3 tane al!,1,1_0
"tablet siparişim yanlış renk geldi, satıcı değişim yaptı. 3 gün bekledim.",0,0_15
mont harika görünüyor ama bağlantı noktası gevşek. 10 gündür kullanıyorum.,0,0_11
"termos beklentimi karşıladı, tavsiye ederim. Kargo 7 günde geldi.",0,0_12
"tablet rengi beklediğim gibi değil, değişim istedim. 7 gün oldu.",0,0_8
monitör mükemmel mükemmel herkese tavsiye hemen satın al! 1 yıldız!,1,1_1
"tablet kullanışlı çıktı, ambalajı özenliydi. 2 gündür sorun yaşamadım.",0,0_9
kamera hakkında olumsuz yazanlara inanmayın kusursuz süper! 6 yıldız!,1,1_14
hoparlör harika fırsat herkese öneriyorum hemen al pişman olmazsın! 7 yıldız!,1,1_5
sandalye hakkında olumsuz yazanlara inanmayın kusursuz süper! 3 yıldız!,1,1_14
"tencere gayet güzel, kargolama hızlıydı. 1 gündür kullanıyorum.",0,0_0
"lamba malzemesi iyi, fiyatı biraz yüksek. Teslimat 7 gün sürdü.",0,0_3
çaydanlık şimdi satın al bugün fırsat son fırsat süper süper! 10 tane al!,1,1_19
"havlu beklentimi karşıladı, tavsiye ederim. Kargo 8 günde geldi.",0,0_12
hoparlör mükemmel kalite mükemmel fiyat mükemmel satıcı! 6 tane satın al!,1,1_6
klavye kesinlikle uzak dur herkes başka markayı alsın! 5 kere söylüyorum!,1,1_11
"suluk malzemesi iyi, fiyatı biraz yüksek. Teslimat 7 gün sürdü.",0,0_3
çaydanlık inanılmaz kusursuz muhteşem satıcı bir numara! 1 tane al!,1,1_4
"kamera ilk gün iyiydi, sonra arıza yaptı. 9 gün sonra servise verdim.",0,0_6
monitör kesinlikle uzak dur herkes başka markayı alsın! 10 kere söylüyorum!,1,1_11
çaydanlık fiyatına göre güzel; kullanım kılavuzu eksik çıktı. 9 gün oldu.,0,0_13
saat dünyada bir numara kesin memnuniyet mükemmel! 4 tane sipariş ver!,1,1_17
"ayakkabı uzun kullanımda rahat değil, kısa süre için uygun. 5 gündür bende.",0,0_16
"şarj cihazı siparişim yanlış renk geldi, satıcı değişim yaptı. 8 gün bekledim.",0,0_15
"fare rengi beklediğim gibi değil, değişim istedim. 2 gün oldu.",0,0_8
"suluk gayet güzel, kargolama hızlıydı. 9 gündür kullanıyorum.",0,0_0
telefon için olumsuz yorumları okudum ama bende sorun çıkmadı. 3 gün kullandım.,0,0_18
"havlu için satıcıya soru sordum, açıklayıcı cevap verdi. 8 gün kullandım.",0,0_5
"klavye kullanışlı çıktı, ambalajı özenliydi. 2 gündür sorun yaşamadım.",0,0_9
lamba beğenmeyen yok herkes alıyor hemen sen de al! 6 yıldız!,1,1_18
"havlu gayet güzel, kargolama hızlıydı. 3 gündür kullanıyorum.",0,0_0
"lamba kullanışlı çıktı, ambalajı özenliydi. 10 gündür sorun yaşamadım.",0,0_9
"ayakkabı siparişim yanlış renk geldi, satıcı değişim yaptı. 4 gün bekledim.",0,0_15
çanta harika görünüyor ama bağlantı noktası gevşek. 6 gündür kullanıyorum.,0,0_11
"ayakkabı ilk gün iyiydi, sonra arıza yaptı. 8 gün sonra servise verdim.",0,0_6
süpürge harika harika harika kesinlikle al 10 numara! 2 tane al!,1,1_0
termos kötü paketlenmişti; ürün sağlam kaldı. 1 gün sonra teslim aldım.,0,0_19
lamba için olumsuz yorumları okudum ama bende sorun çıkmadı. 7 gün kullandım.,0,0_18
"fare gayet güzel, kargolama hızlıydı. 10 gündür kullanıyorum.",0,0_0
tencere çok hoşuma gitti; özellikle kullanım kolaylığı iyi. 5 gün denedim.,0,0_10
tablet rezalet rezalet para tuzağı sakın satın alma! 4 sıfır puan!,1,1_12
saat süper süper fiyat şahane düşünmeden al al al! 7 yıldız!,1,1_3
"kitap siparişim yanlış renk geldi, satıcı değişim yaptı. 8 gün bekledim.",0,0_15
"saat malzemesi iyi, fiyatı biraz yüksek. Teslimat 4 gün sürdü.",0,0_3
çaydanlık rezalet rezalet para tuzağı sakın satın alma! 3 sıfır puan!,1,1_12
suluk piyasadaki en iyi en ucuz kaçırılmaz hemen sipariş! 10 yıldız!,1,1_7
mont harika harika harika kesinlikle al 10 numara! 9 tane al!,1,1_0
süpürge harika fırsat herkese öneriyorum hemen al pişman olmazsın! 7 yıldız!,1,1_5
hoparlör mükemmel mükemmel herkese tavsiye hemen satın al! 10 yıldız!,1,1_1
"saat tam istediğim gibi, tekrar alabilirim. 5 gün önce teslim edildi.",0,0_17
süpürge rezalet rezalet para tuzağı sakın satın alma! 9 sıfır puan!,1,1_12
fare çok hoşuma gitti; özellikle kullanım kolaylığı iyi. 2 gün denedim.,0,0_10
kazak süper süper fiyat şahane düşünmeden al al al! 4 yıldız!,1,1_3
saat beğenmeyen yok herkes alıyor hemen sen de al! 6 yıldız!,1,1_18
"masa siparişim yanlış renk geldi, satıcı değişim yaptı. 6 gün bekledim.",0,0_15
"klavye siparişim yanlış renk geldi, satıcı değişim yaptı. 10 gün bekledim.",0,0_15
"çaydanlık uzun kullanımda rahat değil, kısa süre için uygun. 7 gündür bende.",0,0_16
"şarj cihazı uzun kullanımda rahat değil, kısa süre için uygun. 5 gündür bende.",0,0_16
termos harika harika harika kesinlikle al 10 numara! 7 tane al!,1,1_0
tablet mükemmel kalite mükemmel fiyat mükemmel satıcı! 4 tane satın al!,1,1_6
"masa kalitesi orta, indirimde alınabilir. 8 günlük deneyimim bu.",0,0_7
"sandalye kullanışlı çıktı, ambalajı özenliydi. 9 gündür sorun yaşamadım.",0,0_9
"çanta uzun kullanımda rahat değil, kısa süre için uygun. 5 gündür bende.",0,0_16
"kamera malzemesi iyi, fiyatı biraz yüksek. Teslimat 9 gün sürdü.",0,0_3
"kazak kullanışlı çıktı, ambalajı özenliydi. 5 gündür sorun yaşamadım.",0,0_9
kitap beklediğimden küçük geldi ama işimi görüyor. 8 gündür bende.,0,0_2
"kitap kullanışlı çıktı, ambalajı özenliydi. 8 gündür sorun yaşamadım.",0,0_9
"kulaklık fotoğraftakiyle aynı, kutu ezilmişti. 6 gün sonra ulaştı.",0,0_4
ayakkabı mükemmel mükemmel herkese tavsiye hemen satın al! 3 yıldız!,1,1_1
monitör rezalet rezalet para tuzağı sakın satın alma! 4 sıfır puan!,1,1_12
kamera rezalet rezalet para tuzağı sakın satın alma! 6 sıfır puan!,1,1_12
çaydanlık beğenmeyen yok herkes alıyor hemen sen de al! 1 yıldız!,1,1_18
"fare gayet güzel, kargolama hızlıydı. 1 gündür kullanıyorum.",0,0_0
"lamba tam istediğim gibi, tekrar alabilirim. 2 gün önce teslim edildi.",0,0_17
"kamera malzemesi iyi, fiyatı biraz yüksek. Teslimat 4 gün sürdü.",0,0_3
"tablet rengi beklediğim gibi değil, değişim istedim. 3 gün oldu.",0,0_8
süpürge hayatınız değişecek inanılmaz sonuç hemen satın al! 6 yıldız!,1,1_16
süpürge harika harika harika kesinlikle al 10 numara! 3 tane al!,1,1_0
"kazak uzun kullanımda rahat değil, kısa süre için uygun. 2 gündür bende.",0,0_16
çaydanlık kötü paketlenmişti; ürün sağlam kaldı. 3 gün sonra teslim aldım.,0,0_19
masa muhteşem efsane süper ürün herkese tavsiye al! 9 yıldız!,1,1_9
şarj cihazı şimdi satın al bugün fırsat son fırsat süper süper! 9 tane al!,1,1_19
"telefon beklentimi karşıladı, tavsiye ederim. Kargo 5 günde geldi.",0,0_12
telefon kötü paketlenmişti; ürün sağlam kaldı. 2 gün sonra teslim aldım.,0,0_19
"kamera ilk gün iyiydi, sonra arıza yaptı. 4 gün sonra servise verdim.",0,0_6
sandalye muhteşem efsane süper ürün herkese tavsiye al! 10 yıldız!,1,1_9
"kazak uzun kullanımda rahat değil, kısa süre için uygun. 8 gündür bende.",0,0_16
"ayakkabı tam istediğim gibi, tekrar alabilirim. 2 gün önce teslim edildi.",0,0_17
klavye harika harika harika kesinlikle al 10 numara! 4 tane al!,1,1_0
çaydanlık beğenmeyen yok herkes alıyor hemen sen de al! 6 yıldız!,1,1_18
suluk çok hoşuma gitti; özellikle kullanım kolaylığı iyi. 4 gün denedim.,0,0_10
"havlu beklentimi karşıladı, tavsiye ederim. Kargo 9 günde geldi.",0,0_12
"termos kullanışlı çıktı, ambalajı özenliydi. 1 gündür sorun yaşamadım.",0,0_9
masa için rakip yok bütün ürünlerden üstün hemen al! 9 tane sipariş!,1,1_13
suluk hakkında olumsuz yazanlara inanmayın kusursuz süper! 9 yıldız!,1,1_14
"sandalye paketinde çizik vardı, iade talebi açtım. 4 gün bekledim.",0,0_1
sandalye mükemmel kalite mükemmel fiyat mükemmel satıcı! 8 tane satın al!,1,1_6
"kulaklık malzemesi iyi, fiyatı biraz yüksek. Teslimat 9 gün sürdü.",0,0_3
"mont gayet güzel, kargolama hızlıydı. 7 gündür kullanıyorum.",0,0_0
sandalye muhteşem efsane süper ürün herkese tavsiye al! 7 yıldız!,1,1_9
termos mükemmel mükemmel herkese tavsiye hemen satın al! 3 yıldız!,1,1_1
"süpürge uzun kullanımda rahat değil, kısa süre için uygun. 3 gündür bende.",0,0_16
masa rezalet rezalet para tuzağı sakın satın alma! 1 sıfır puan!,1,1_12
fare kötü paketlenmişti; ürün sağlam kaldı. 9 gün sonra teslim aldım.,0,0_19
"telefon paketinde çizik vardı, iade talebi açtım. 1 gün bekledim.",0,0_1
"mont paketinde çizik vardı, iade talebi açtım. 4 gün bekledim.",0,0_1
"çaydanlık rengi beklediğim gibi değil, değişim istedim. 10 gün oldu.",0,0_8
lamba mükemmel mükemmel herkese tavsiye hemen satın al! 8 yıldız!,1,1_1
termos inanılmaz kusursuz muhteşem satıcı bir numara! 2 tane al!,1,1_4
tablet çok hoşuma gitti; özellikle kullanım kolaylığı iyi. 4 gün denedim.,0,0_10
tencere beklediğimden küçük geldi ama işimi görüyor. 7 gündür bende.,0,0_2
hoparlör şahane şahane kesinlikle almalısınız rakipsiz kalite! 1 tane!,1,1_8
kulaklık efsane fırsat kaçırma en iyi ürün şimdi sipariş ver! 2 tane!,1,1_2
"çanta beklentimi karşıladı, tavsiye ederim. Kargo 9 günde geldi.",0,0_12
süpürge rezalet rezalet para tuzağı sakın satın alma! 10 sıfır puan!,1,1_12
sandalye fiyatına göre güzel; kullanım kılavuzu eksik çıktı. 8 gün oldu.,0,0_13
"mont gayet güzel, kargolama hızlıydı. 1 gündür kullanıyorum.",0,0_0
"suluk uzun kullanımda rahat değil, kısa süre için uygun. 4 gündür bende.",0,0_16
klavye dünyada bir numara kesin memnuniyet mükemmel! 9 tane sipariş ver!,1,1_17
"tencere kullanışlı çıktı, ambalajı özenliydi. 10 gündür sorun yaşamadım.",0,0_9
kamera için rakip yok bütün ürünlerden üstün hemen al! 10 tane sipariş!,1,1_13
monitör için olumsuz yorumları okudum ama bende sorun çıkmadı. 3 gün kullandım.,0,0_18
havlu muhteşem efsane süper ürün herkese tavsiye al! 8 yıldız!,1,1_9
şarj cihazı berbat berbat berbat asla almayın en kötü ürün! 4 sıfır yıldız!,1,1_10
hoparlör kötü paketlenmişti; ürün sağlam kaldı. 8 gün sonra teslim aldım.,0,0_19
suluk mükemmel mükemmel herkese tavsiye hemen satın al! 9 yıldız!,1,1_1
fare hayatınız değişecek inanılmaz sonuç hemen satın al! 6 yıldız!,1,1_16
"kulaklık uzun kullanımda rahat değil, kısa süre için uygun. 2 gündür bende.",0,0_16
"şarj cihazı malzemesi iyi, fiyatı biraz yüksek. Teslimat 8 gün sürdü.",0,0_3
"ayakkabı kalitesi orta, indirimde alınabilir. 2 günlük deneyimim bu.",0,0_7
termos beğenmeyen yok herkes alıyor hemen sen de al! 4 yıldız!,1,1_18
süpürge mükemmel mükemmel herkese tavsiye hemen satın al! 6 yıldız!,1,1_1
hoparlör kesinlikle uzak dur herkes başka markayı alsın! 6 kere söylüyorum!,1,1_11
"şarj cihazı uzun kullanımda rahat değil, kısa süre için uygun. 1 gündür bende.",0,0_16
"suluk ilk gün iyiydi, sonra arıza yaptı. 9 gün sonra servise verdim.",0,0_6
"fare gayet güzel, kargolama hızlıydı. 2 gündür kullanıyorum.",0,0_0
kamera rezalet rezalet para tuzağı sakın satın alma! 3 sıfır puan!,1,1_12
çanta inanılmaz kusursuz muhteşem satıcı bir numara! 6 tane al!,1,1_4
saat kesinlikle uzak dur herkes başka markayı alsın! 9 kere söylüyorum!,1,1_11
"fare gayet güzel, kargolama hızlıydı. 6 gündür kullanıyorum.",0,0_0
termos hakkında olumsuz yazanlara inanmayın kusursuz süper! 3 yıldız!,1,1_14
"termos siparişim yanlış renk geldi, satıcı değişim yaptı. 6 gün bekledim.",0,0_15
mont için olumsuz yorumları okudum ama bende sorun çıkmadı. 6 gün kullandım.,0,0_18
lamba berbat berbat berbat asla almayın en kötü ürün! 8 sıfır yıldız!,1,1_10
klavye için olumsuz yorumları okudum ama bende sorun çıkmadı. 5 gün kullandım.,0,0_18
"süpürge uzun kullanımda rahat değil, kısa süre için uygun. 4 gündür bende.",0,0_16
"termos beklentimi karşıladı, tavsiye ederim. Kargo 4 günde geldi.",0,0_12
çaydanlık için olumsuz yorumları okudum ama bende sorun çıkmadı. 3 gün kullandım.,0,0_18
süpürge hakkında olumsuz yazanlara inanmayın kusursuz süper! 1 yıldız!,1,1_14
kulaklık mükemmel mükemmel herkese tavsiye hemen satın al! 2 yıldız!,1,1_1
saat kötü paketlenmişti; ürün sağlam kaldı. 10 gün sonra teslim aldım.,0,0_19
"ayakkabı beklentimi karşıladı, tavsiye ederim. Kargo 9 günde geldi.",0,0_12
monitör fiyatına göre güzel; kullanım kılavuzu eksik çıktı. 1 gün oldu.,0,0_13
"fare için satıcıya soru sordum, açıklayıcı cevap verdi. 4 gün kullandım.",0,0_5
hoparlör kötü paketlenmişti; ürün sağlam kaldı. 5 gün sonra teslim aldım.,0,0_19
masa harika harika harika kesinlikle al 10 numara! 9 tane al!,1,1_0
havlu süper süper fiyat şahane düşünmeden al al al! 6 yıldız!,1,1_3
"monitör siparişim yanlış renk geldi, satıcı değişim yaptı. 1 gün bekledim.",0,0_15
"havlu ilk gün iyiydi, sonra arıza yaptı. 10 gün sonra servise verdim.",0,0_6
"havlu gayet güzel, kargolama hızlıydı. 1 gündür kullanıyorum.",0,0_0
suluk şahane şahane kesinlikle almalısınız rakipsiz kalite! 9 tane!,1,1_8
"şarj cihazı paketinde çizik vardı, iade talebi açtım. 8 gün bekledim.",0,0_1
monitör şahane şahane kesinlikle almalısınız rakipsiz kalite! 3 tane!,1,1_8
kitap efsane fırsat kaçırma en iyi ürün şimdi sipariş ver! 5 tane!,1,1_2
sandalye çok hoşuma gitti; özellikle kullanım kolaylığı iyi. 1 gün denedim.,0,0_10
masa şahane şahane kesinlikle almalısınız rakipsiz kalite! 2 tane!,1,1_8
şarj cihazı beğenmeyen yok herkes alıyor hemen sen de al! 8 yıldız!,1,1_18
"monitör için satıcıya soru sordum, açıklayıcı cevap verdi. 6 gün kullandım.",0,0_5
hoparlör muhteşem efsane süper ürün herkese tavsiye al! 8 yıldız!,1,1_9
kulaklık hayatınız değişecek inanılmaz sonuç hemen satın al! 5 yıldız!,1,1_16
"ayakkabı için satıcıya soru sordum, açıklayıcı cevap verdi. 3 gün kullandım.",0,0_5
"tencere rengi beklediğim gibi değil, değişim istedim. 10 gün oldu.",0,0_8
kamera hayatınız değişecek inanılmaz sonuç hemen satın al! 7 yıldız!,1,1_16
kulaklık şahane şahane kesinlikle almalısınız rakipsiz kalite! 3 tane!,1,1_8
çaydanlık inanılmaz kusursuz muhteşem satıcı bir numara! 9 tane al!,1,1_4
"tencere için satıcıya soru sordum, açıklayıcı cevap verdi. 9 gün kullandım.",0,0_5
kazak hakkında olumsuz yazanlara inanmayın kusursuz süper! 6 yıldız!,1,1_14
monitör kötü paketlenmişti; ürün sağlam kaldı. 2 gün sonra teslim aldım.,0,0_19
"çanta kullanışlı çıktı, ambalajı özenliydi. 1 gündür sorun yaşamadım.",0,0_9
kazak harika harika harika kesinlikle al 10 numara! 10 tane al!,1,1_0
çanta inanılmaz kusursuz muhteşem satıcı bir numara! 4 tane al!,1,1_4
lamba harika fırsat herkese öneriyorum hemen al pişman olmazsın! 10 yıldız!,1,1_5
"süpürge için satıcıya soru sordum, açıklayıcı cevap verdi. 8 gün kullandım.",0,0_5
"kamera ilk gün iyiydi, sonra arıza yaptı. 7 gün sonra servise verdim.",0,0_6
"telefon kullanışlı çıktı, ambalajı özenliydi. 10 gündür sorun yaşamadım.",0,0_9
tencere harika harika harika kesinlikle al 10 numara! 8 tane al!,1,1_0
tencere efsane fırsat kaçırma en iyi ürün şimdi sipariş ver! 8 tane!,1,1_2
sandalye kötü paketlenmişti; ürün sağlam kaldı. 7 gün sonra teslim aldım.,0,0_19
çaydanlık süper süper fiyat şahane düşünmeden al al al! 1 yıldız!,1,1_3
kitap hakkında olumsuz yazanlara inanmayın kusursuz süper! 6 yıldız!,1,1_14
şarj cihazı hayatınız değişecek inanılmaz sonuç hemen satın al! 2 yıldız!,1,1_16
monitör fiyatına göre güzel; kullanım kılavuzu eksik çıktı. 9 gün oldu.,0,0_13
yastık rezalet rezalet para tuzağı sakın satın alma! 4 sıfır puan!,1,1_12
tencere harika görünüyor ama bağlantı noktası gevşek. 5 gündür kullanıyorum.,0,0_11
süpürge süper süper fiyat şahane düşünmeden al al al! 2 yıldız!,1,1_3
"lamba kalitesi orta, indirimde alınabilir. 4 günlük deneyimim bu.",0,0_7
tencere mükemmel kalite mükemmel fiyat mükemmel satıcı! 4 tane satın al!,1,1_6
"mont fotoğraftakiyle aynı, kutu ezilmişti. 5 gün sonra ulaştı.",0,0_4
fare beğenmeyen yok herkes alıyor hemen sen de al! 9 yıldız!,1,1_18
telefon piyasadaki en iyi en ucuz kaçırılmaz hemen sipariş! 2 yıldız!,1,1_7
masa süper süper fiyat şahane düşünmeden al al al! 4 yıldız!,1,1_3
lamba şahane şahane kesinlikle almalısınız rakipsiz kalite! 3 tane!,1,1_8
tablet on numara beş yıldız yüzde yüz garanti kaçırma! 1 tane al!,1,1_15
ayakkabı inanılmaz kusursuz muhteşem satıcı bir numara! 2 tane al!,1,1_4
"tablet tam istediğim gibi, tekrar alabilirim. 3 gün önce teslim edildi.",0,0_17
hoparlör hakkında olumsuz yazanlara inanmayın kusursuz süper! 3 yıldız!,1,1_14
termos dünyada bir numara kesin memnuniyet mükemmel! 4 tane sipariş ver!,1,1_17
"masa rengi beklediğim gibi değil, değişim istedim. 7 gün oldu.",0,0_8
lamba mükemmel kalite mükemmel fiyat mükemmel satıcı! 2 tane satın al!,1,1_6
telefon muhteşem efsane süper ürün herkese tavsiye al! 4 yıldız!,1,1_9
"tablet gayet güzel, kargolama hızlıydı. 6 gündür kullanıyorum.",0,0_0
çanta şahane şahane kesinlikle almalısınız rakipsiz kalite! 7 tane!,1,1_8
masa on numara beş yıldız yüzde yüz garanti kaçırma! 5 tane al!,1,1_15
"süpürge kalitesi orta, indirimde alınabilir. 4 günlük deneyimim bu.",0,0_7
"monitör gayet güzel, kargolama hızlıydı. 5 gündür kullanıyorum.",0,0_0
monitör piyasadaki en iyi en ucuz kaçırılmaz hemen sipariş! 9 yıldız!,1,1_7
kulaklık dünyada bir numara kesin memnuniyet mükemmel! 8 tane sipariş ver!,1,1_17
suluk mükemmel kalite mükemmel fiyat mükemmel satıcı! 3 tane satın al!,1,1_6
havlu berbat berbat berbat asla almayın en kötü ürün! 8 sıfır yıldız!,1,1_10
çaydanlık şimdi satın al bugün fırsat son fırsat süper süper! 2 tane al!,1,1_19
"kitap kullanışlı çıktı, ambalajı özenliydi. 5 gündür sorun yaşamadım.",0,0_9
termos kötü paketlenmişti; ürün sağlam kaldı. 5 gün sonra teslim aldım.,0,0_19
havlu rezalet rezalet para tuzağı sakın satın alma! 3 sıfır puan!,1,1_12
saat rezalet rezalet para tuzağı sakın satın alma! 2 sıfır puan!,1,1_12
suluk hayatınız değişecek inanılmaz sonuç hemen satın al! 9 yıldız!,1,1_16
havlu mükemmel kalite mükemmel fiyat mükemmel satıcı! 6 tane satın al!,1,1_6
"kitap gayet güzel, kargolama hızlıydı. 10 gündür kullanıyorum.",0,0_0
kulaklık harika fırsat herkese öneriyorum hemen al pişman olmazsın! 1 yıldız!,1,1_5
kitap harika görünüyor ama bağlantı noktası gevşek. 5 gündür kullanıyorum.,0,0_11
"havlu uzun kullanımda rahat değil, kısa süre için uygun. 5 gündür bende.",0,0_16
"tencere uzun kullanımda rahat değil, kısa süre için uygun. 2 gündür bende.",0,0_16
"saat malzemesi iyi, fiyatı biraz yüksek. Teslimat 7 gün sürdü.",0,0_3
"sandalye ilk gün iyiydi, sonra arıza yaptı. 8 gün sonra servise verdim.",0,0_6
yastık harika görünüyor ama bağlantı noktası gevşek. 2 gündür kullanıyorum.,0,0_11
kazak şahane şahane kesinlikle almalısınız rakipsiz kalite! 9 tane!,1,1_8
"sandalye malzemesi iyi, fiyatı biraz yüksek. Teslimat 1 gün sürdü.",0,0_3
telefon harika harika harika kesinlikle al 10 numara! 1 tane al!,1,1_0
kamera çok hoşuma gitti; özellikle kullanım kolaylığı iyi. 7 gün denedim.,0,0_10
hoparlör harika fırsat herkese öneriyorum hemen al pişman olmazsın! 1 yıldız!,1,1_5
telefon inanılmaz kusursuz muhteşem satıcı bir numara! 1 tane al!,1,1_4
"termos ilk gün iyiydi, sonra arıza yaptı. 4 gün sonra servise verdim.",0,0_6
fare beğenmeyen yok herkes alıyor hemen sen de al! 5 yıldız!,1,1_18
"saat siparişim yanlış renk geldi, satıcı değişim yaptı. 6 gün bekledim.",0,0_15
klavye piyasadaki en iyi en ucuz kaçırılmaz hemen sipariş! 1 yıldız!,1,1_7
tencere beklediğimden küçük geldi ama işimi görüyor. 4 gündür bende.,0,0_2
"termos için satıcıya soru sordum, açıklayıcı cevap verdi. 6 gün kullandım.",0,0_5
kulaklık inanılmaz kusursuz muhteşem satıcı bir numara! 6 tane al!,1,1_4
"saat uzun kullanımda rahat değil, kısa süre için uygun. 3 gündür bende.",0,0_16
suluk on numara beş yıldız yüzde yüz garanti kaçırma! 7 tane al!,1,1_15
suluk harika fırsat herkese öneriyorum hemen al pişman olmazsın! 10 yıldız!,1,1_5
yastık piyasadaki en iyi en ucuz kaçırılmaz hemen sipariş! 4 yıldız!,1,1_7
tencere inanılmaz kusursuz muhteşem satıcı bir numara! 9 tane al!,1,1_4
sandalye beklediğimden küçük geldi ama işimi görüyor. 5 gündür bende.,0,0_2
tencere piyasadaki en iyi en ucuz kaçırılmaz hemen sipariş! 4 yıldız!,1,1_7
"sandalye paketinde çizik vardı, iade talebi açtım. 2 gün bekledim.",0,0_1
"kitap fotoğraftakiyle aynı, kutu ezilmişti. 5 gün sonra ulaştı.",0,0_4
kamera çok hoşuma gitti; özellikle kullanım kolaylığı iyi. 6 gün denedim.,0,0_10
masa dünyada bir numara kesin memnuniyet mükemmel! 1 tane sipariş ver!,1,1_17
masa piyasadaki en iyi en ucuz kaçırılmaz hemen sipariş! 10 yıldız!,1,1_7
mont süper süper fiyat şahane düşünmeden al al al! 2 yıldız!,1,1_3
çaydanlık dünyada bir numara kesin memnuniyet mükemmel! 1 tane sipariş ver!,1,1_17
mont harika görünüyor ama bağlantı noktası gevşek. 1 gündür kullanıyorum.,0,0_11
telefon için rakip yok bütün ürünlerden üstün hemen al! 5 tane sipariş!,1,1_13
"fare siparişim yanlış renk geldi, satıcı değişim yaptı. 2 gün bekledim.",0,0_15
"çanta kalitesi orta, indirimde alınabilir. 1 günlük deneyimim bu.",0,0_7
tencere efsane fırsat kaçırma en iyi ürün şimdi sipariş ver! 3 tane!,1,1_2
"şarj cihazı gayet güzel, kargolama hızlıydı. 5 gündür kullanıyorum.",0,0_0
"klavye kalitesi orta, indirimde alınabilir. 3 günlük deneyimim bu.",0,0_7
yastık beğenmeyen yok herkes alıyor hemen sen de al! 6 yıldız!,1,1_18
masa beğenmeyen yok herkes alıyor hemen sen de al! 1 yıldız!,1,1_18
"telefon siparişim yanlış renk geldi, satıcı değişim yaptı. 8 gün bekledim.",0,0_15
"çaydanlık uzun kullanımda rahat değil, kısa süre için uygun. 1 gündür bende.",0,0_16
"mont ilk gün iyiydi, sonra arıza yaptı. 4 gün sonra servise verdim.",0,0_6
"çaydanlık tam istediğim gibi, tekrar alabilirim. 1 gün önce teslim edildi.",0,0_17
kazak rezalet rezalet para tuzağı sakın satın alma! 2 sıfır puan!,1,1_12
kamera kesinlikle uzak dur herkes başka markayı alsın! 3 kere söylüyorum!,1,1_11
yastık inanılmaz kusursuz muhteşem satıcı bir numara! 4 tane al!,1,1_4
şarj cihazı harika görünüyor ama bağlantı noktası gevşek. 5 gündür kullanıyorum.,0,0_11
kazak mükemmel mükemmel herkese tavsiye hemen satın al! 2 yıldız!,1,1_1
saat efsane fırsat kaçırma en iyi ürün şimdi sipariş ver! 6 tane!,1,1_2
tencere fiyatına göre güzel; kullanım kılavuzu eksik çıktı. 5 gün oldu.,0,0_13
"monitör beklentimi karşıladı, tavsiye ederim. Kargo 2 günde geldi.",0,0_12
"havlu kalitesi orta, indirimde alınabilir. 5 günlük deneyimim bu.",0,0_7
kulaklık şahane şahane kesinlikle almalısınız rakipsiz kalite! 2 tane!,1,1_8
"telefon beklentimi karşıladı, tavsiye ederim. Kargo 10 günde geldi.",0,0_12
hoparlör için olumsuz yorumları okudum ama bende sorun çıkmadı. 9 gün kullandım.,0,0_18
klavye için iade süreci sorunsuz ilerledi. Ücret 10 günde yattı.,0,0_14
"kazak tam istediğim gibi, tekrar alabilirim. 6 gün önce teslim edildi.",0,0_17
"çaydanlık paketinde çizik vardı, iade talebi açtım. 8 gün bekledim.",0,0_1
"havlu gayet güzel, kargolama hızlıydı. 2 gündür kullanıyorum.",0,0_0
çaydanlık çok hoşuma gitti; özellikle kullanım kolaylığı iyi. 8 gün denedim.,0,0_10
"çaydanlık ilk gün iyiydi, sonra arıza yaptı. 8 gün sonra servise verdim.",0,0_6
hoparlör efsane fırsat kaçırma en iyi ürün şimdi sipariş ver! 10 tane!,1,1_2
"kamera gayet güzel, kargolama hızlıydı. 1 gündür kullanıyorum.",0,0_0
tablet efsane fırsat kaçırma en iyi ürün şimdi sipariş ver! 4 tane!,1,1_2
"yastık malzemesi iyi, fiyatı biraz yüksek. Teslimat 8 gün sürdü.",0,0_3
süpürge harika harika harika kesinlikle al 10 numara! 5 tane al!,1,1_0
mont beğenmeyen yok herkes alıyor hemen sen de al! 1 yıldız!,1,1_18
"ayakkabı siparişim yanlış renk geldi, satıcı değişim yaptı. 1 gün bekledim.",0,0_15
havlu muhteşem efsane süper ürün herkese tavsiye al! 7 yıldız!,1,1_9
"tablet için satıcıya soru sordum, açıklayıcı cevap verdi. 4 gün kullandım.",0,0_5
termos piyasadaki en iyi en ucuz kaçırılmaz hemen sipariş! 9 yıldız!,1,1_7
kazak şahane şahane kesinlikle almalısınız rakipsiz kalite! 4 tane!,1,1_8
fare şimdi satın al bugün fırsat son fırsat süper süper! 9 tane al!,1,1_19
çanta hayatınız değişecek inanılmaz sonuç hemen satın al! 2 yıldız!,1,1_16
monitör harika harika harika kesinlikle al 10 numara! 9 tane al!,1,1_0
kulaklık harika fırsat herkese öneriyorum hemen al pişman olmazsın! 5 yıldız!,1,1_5
çanta kesinlikle uzak dur herkes başka markayı alsın! 6 kere söylüyorum!,1,1_11
masa hakkında olumsuz yazanlara inanmayın kusursuz süper! 6 yıldız!,1,1_14
ayakkabı için olumsuz yorumları okudum ama bende sorun çıkmadı. 7 gün kullandım.,0,0_18
"sandalye siparişim yanlış renk geldi, satıcı değişim yaptı. 3 gün bekledim.",0,0_15
"lamba paketinde çizik vardı, iade talebi açtım. 5 gün bekledim.",0,0_1
masa harika harika harika kesinlikle al 10 numara! 6 tane al!,1,1_0
fare muhteşem efsane süper ürün herkese tavsiye al! 8 yıldız!,1,1_9
"termos malzemesi iyi, fiyatı biraz yüksek. Teslimat 2 gün sürdü.",0,0_3
kitap için olumsuz yorumları okudum ama bende sorun çıkmadı. 2 gün kullandım.,0,0_18
kazak inanılmaz kusursuz muhteşem satıcı bir numara! 3 tane al!,1,1_4
süpürge on numara beş yıldız yüzde yüz garanti kaçırma! 3 tane al!,1,1_15
hoparlör için iade süreci sorunsuz ilerledi. Ücret 4 günde yattı.,0,0_14
saat rezalet rezalet para tuzağı sakın satın alma! 8 sıfır puan!,1,1_12
tencere hayatınız değişecek inanılmaz sonuç hemen satın al! 1 yıldız!,1,1_16
"lamba fotoğraftakiyle aynı, kutu ezilmişti. 9 gün sonra ulaştı.",0,0_4
klavye rezalet rezalet para tuzağı sakın satın alma! 4 sıfır puan!,1,1_12
havlu kötü paketlenmişti; ürün sağlam kaldı. 6 gün sonra teslim aldım.,0,0_19
"termos uzun kullanımda rahat değil, kısa süre için uygun. 7 gündür bende.",0,0_16
şarj cihazı rezalet rezalet para tuzağı sakın satın alma! 8 sıfır puan!,1,1_12
"yastık siparişim yanlış renk geldi, satıcı değişim yaptı. 3 gün bekledim.",0,0_15
klavye beklediğimden küçük geldi ama işimi görüyor. 6 gündür bende.,0,0_2
"mont için satıcıya soru sordum, açıklayıcı cevap verdi. 5 gün kullandım.",0,0_5
mont mükemmel kalite mükemmel fiyat mükemmel satıcı! 10 tane satın al!,1,1_6
"masa siparişim yanlış renk geldi, satıcı değişim yaptı. 8 gün bekledim.",0,0_15
"suluk kullanışlı çıktı, ambalajı özenliydi. 9 gündür sorun yaşamadım.",0,0_9
fare piyasadaki en iyi en ucuz kaçırılmaz hemen sipariş! 6 yıldız!,1,1_7
çanta harika harika harika kesinlikle al 10 numara! 6 tane al!,1,1_0
lamba için rakip yok bütün ürünlerden üstün hemen al! 4 tane sipariş!,1,1_13
masa için iade süreci sorunsuz ilerledi. Ücret 7 günde yattı.,0,0_14
kamera beğenmeyen yok herkes alıyor hemen sen de al! 10 yıldız!,1,1_18
havlu için iade süreci sorunsuz ilerledi. Ücret 9 günde yattı.,0,0_14
çanta harika harika harika kesinlikle al 10 numara! 10 tane al!,1,1_0
fare harika harika harika kesinlikle al 10 numara! 10 tane al!,1,1_0
tablet şahane şahane kesinlikle almalısınız rakipsiz kalite! 1 tane!,1,1_8
telefon hayatınız değişecek inanılmaz sonuç hemen satın al! 5 yıldız!,1,1_16
şarj cihazı kötü paketlenmişti; ürün sağlam kaldı. 6 gün sonra teslim aldım.,0,0_19
tablet için iade süreci sorunsuz ilerledi. Ücret 10 günde yattı.,0,0_14
"mont rengi beklediğim gibi değil, değişim istedim. 1 gün oldu.",0,0_8
"kulaklık siparişim yanlış renk geldi, satıcı değişim yaptı. 2 gün bekledim.",0,0_15
"fare gayet güzel, kargolama hızlıydı. 5 gündür kullanıyorum.",0,0_0
süpürge için olumsuz yorumları okudum ama bende sorun çıkmadı. 10 gün kullandım.,0,0_18
"klavye uzun kullanımda rahat değil, kısa süre için uygun. 1 gündür bende.",0,0_16
"mont ilk gün iyiydi, sonra arıza yaptı. 9 gün sonra servise verdim.",0,0_6
saat piyasadaki en iyi en ucuz kaçırılmaz hemen sipariş! 5 yıldız!,1,1_7
masa için iade süreci sorunsuz ilerledi. Ücret 6 günde yattı.,0,0_14
"hoparlör beklentimi karşıladı, tavsiye ederim. Kargo 3 günde geldi.",0,0_12
suluk mükemmel kalite mükemmel fiyat mükemmel satıcı! 6 tane satın al!,1,1_6
hoparlör süper süper fiyat şahane düşünmeden al al al! 8 yıldız!,1,1_3
çaydanlık için iade süreci sorunsuz ilerledi. Ücret 10 günde yattı.,0,0_14
havlu fiyatına göre güzel; kullanım kılavuzu eksik çıktı. 6 gün oldu.,0,0_13
"masa fotoğraftakiyle aynı, kutu ezilmişti. 7 gün sonra ulaştı.",0,0_4
kulaklık harika harika harika kesinlikle al 10 numara! 7 tane al!,1,1_0
suluk şahane şahane kesinlikle almalısınız rakipsiz kalite! 4 tane!,1,1_8
"süpürge fotoğraftakiyle aynı, kutu ezilmişti. 2 gün sonra ulaştı.",0,0_4
telefon için iade süreci sorunsuz ilerledi. Ücret 2 günde yattı.,0,0_14
yastık şimdi satın al bugün fırsat son fırsat süper süper! 9 tane al!,1,1_19
"kitap beklentimi karşıladı, tavsiye ederim. Kargo 4 günde geldi.",0,0_12
kitap için olumsuz yorumları okudum ama bende sorun çıkmadı. 7 gün kullandım.,0,0_18
"çanta için satıcıya soru sordum, açıklayıcı cevap verdi. 5 gün kullandım.",0,0_5
suluk dünyada bir numara kesin memnuniyet mükemmel! 6 tane sipariş ver!,1,1_17
ayakkabı efsane fırsat kaçırma en iyi ürün şimdi sipariş ver! 6 tane!,1,1_2
"çanta rengi beklediğim gibi değil, değişim istedim. 3 gün oldu.",0,0_8
"masa rengi beklediğim gibi değil, değişim istedim. 10 gün oldu.",0,0_8
hoparlör için iade süreci sorunsuz ilerledi. Ücret 2 günde yattı.,0,0_14
"tablet ilk gün iyiydi, sonra arıza yaptı. 2 gün sonra servise verdim.",0,0_6
masa için iade süreci sorunsuz ilerledi. Ücret 9 günde yattı.,0,0_14
"havlu kullanışlı çıktı, ambalajı özenliydi. 4 gündür sorun yaşamadım.",0,0_9
monitör kötü paketlenmişti; ürün sağlam kaldı. 6 gün sonra teslim aldım.,0,0_19
mont hayatınız değişecek inanılmaz sonuç hemen satın al! 4 yıldız!,1,1_16
lamba harika harika harika kesinlikle al 10 numara! 3 tane al!,1,1_0
ayakkabı hayatınız değişecek inanılmaz sonuç hemen satın al! 1 yıldız!,1,1_16
fare harika görünüyor ama bağlantı noktası gevşek. 1 gündür kullanıyorum.,0,0_11
sandalye harika harika harika kesinlikle al 10 numara! 6 tane al!,1,1_0
suluk on numara beş yıldız yüzde yüz garanti kaçırma! 5 tane al!,1,1_15
çaydanlık muhteşem efsane süper ürün herkese tavsiye al! 4 yıldız!,1,1_9
"hoparlör rengi beklediğim gibi değil, değişim istedim. 4 gün oldu.",0,0_8
"telefon için satıcıya soru sordum, açıklayıcı cevap verdi. 7 gün kullandım.",0,0_5
"lamba tam istediğim gibi, tekrar alabilirim. 4 gün önce teslim edildi.",0,0_17
"masa beklentimi karşıladı, tavsiye ederim. Kargo 4 günde geldi.",0,0_12
fare beğenmeyen yok herkes alıyor hemen sen de al! 8 yıldız!,1,1_18
"yastık kullanışlı çıktı, ambalajı özenliydi. 2 gündür sorun yaşamadım.",0,0_9
süpürge şimdi satın al bugün fırsat son fırsat süper süper! 6 tane al!,1,1_19
masa şimdi satın al bugün fırsat son fırsat süper süper! 3 tane al!,1,1_19
süpürge efsane fırsat kaçırma en iyi ürün şimdi sipariş ver! 10 tane!,1,1_2
"telefon siparişim yanlış renk geldi, satıcı değişim yaptı. 7 gün bekledim.",0,0_15
klavye için olumsuz yorumları okudum ama bende sorun çıkmadı. 7 gün kullandım.,0,0_18
havlu çok hoşuma gitti; özellikle kullanım kolaylığı iyi. 2 gün denedim.,0,0_10
süpürge çok hoşuma gitti; özellikle kullanım kolaylığı iyi. 10 gün denedim.,0,0_10
kitap beklediğimden küçük geldi ama işimi görüyor. 6 gündür bende.,0,0_2
"klavye siparişim yanlış renk geldi, satıcı değişim yaptı. 6 gün bekledim.",0,0_15
klavye harika harika harika kesinlikle al 10 numara! 9 tane al!,1,1_0
"şarj cihazı uzun kullanımda rahat değil, kısa süre için uygun. 6 gündür bende.",0,0_16
çaydanlık için olumsuz yorumları okudum ama bende sorun çıkmadı. 2 gün kullandım.,0,0_18
masa on numara beş yıldız yüzde yüz garanti kaçırma! 8 tane al!,1,1_15
"tencere malzemesi iyi, fiyatı biraz yüksek. Teslimat 10 gün sürdü.",0,0_3
suluk harika harika harika kesinlikle al 10 numara! 9 tane al!,1,1_0
ayakkabı için rakip yok bütün ürünlerden üstün hemen al! 2 tane sipariş!,1,1_13
saat mükemmel mükemmel herkese tavsiye hemen satın al! 8 yıldız!,1,1_1
sandalye kesinlikle uzak dur herkes başka markayı alsın! 7 kere söylüyorum!,1,1_11
çaydanlık şimdi satın al bugün fırsat son fırsat süper süper! 8 tane al!,1,1_19
tencere için iade süreci sorunsuz ilerledi. Ücret 3 günde yattı.,0,0_14
havlu için rakip yok bütün ürünlerden üstün hemen al! 3 tane sipariş!,1,1_13
klavye kesinlikle uzak dur herkes başka markayı alsın! 9 kere söylüyorum!,1,1_11
kamera şimdi satın al bugün fırsat son fırsat süper süper! 1 tane al!,1,1_19
yastık beğenmeyen yok herkes alıyor hemen sen de al! 5 yıldız!,1,1_18
kamera hakkında olumsuz yazanlara inanmayın kusursuz süper! 9 yıldız!,1,1_14
sandalye fiyatına göre güzel; kullanım kılavuzu eksik çıktı. 4 gün oldu.,0,0_13
kulaklık hayatınız değişecek inanılmaz sonuç hemen satın al! 4 yıldız!,1,1_16
ayakkabı beğenmeyen yok herkes alıyor hemen sen de al! 2 yıldız!,1,1_18
"havlu beklentimi karşıladı, tavsiye ederim. Kargo 10 günde geldi.",0,0_12
"monitör için satıcıya soru sordum, açıklayıcı cevap verdi. 10 gün kullandım.",0,0_5
"yastık gayet güzel, kargolama hızlıydı. 3 gündür kullanıyorum.",0,0_0
"kazak uzun kullanımda rahat değil, kısa süre için uygun. 1 gündür bende.",0,0_16
telefon mükemmel kalite mükemmel fiyat mükemmel satıcı! 7 tane satın al!,1,1_6
telefon beğenmeyen yok herkes alıyor hemen sen de al! 6 yıldız!,1,1_18
süpürge kesinlikle uzak dur herkes başka markayı alsın! 3 kere söylüyorum!,1,1_11
sandalye çok hoşuma gitti; özellikle kullanım kolaylığı iyi. 3 gün denedim.,0,0_10
"hoparlör tam istediğim gibi, tekrar alabilirim. 10 gün önce teslim edildi.",0,0_17
"çanta malzemesi iyi, fiyatı biraz yüksek. Teslimat 3 gün sürdü.",0,0_3
"lamba malzemesi iyi, fiyatı biraz yüksek. Teslimat 6 gün sürdü.",0,0_3
suluk kötü paketlenmişti; ürün sağlam kaldı. 4 gün sonra teslim aldım.,0,0_19
hoparlör çok hoşuma gitti; özellikle kullanım kolaylığı iyi. 4 gün denedim.,0,0_10
masa mükemmel kalite mükemmel fiyat mükemmel satıcı! 6 tane satın al!,1,1_6
"tencere gayet güzel, kargolama hızlıydı. 3 gündür kullanıyorum.",0,0_0
"süpürge uzun kullanımda rahat değil, kısa süre için uygun. 2 gündür bende.",0,0_16
"havlu ilk gün iyiydi, sonra arıza yaptı. 7 gün sonra servise verdim.",0,0_6
masa fiyatına göre güzel; kullanım kılavuzu eksik çıktı. 2 gün oldu.,0,0_13
masa kesinlikle uzak dur herkes başka markayı alsın! 5 kere söylüyorum!,1,1_11
ayakkabı beklediğimden küçük geldi ama işimi görüyor. 4 gündür bende.,0,0_2
"ayakkabı uzun kullanımda rahat değil, kısa süre için uygun. 7 gündür bende.",0,0_16
"sandalye rengi beklediğim gibi değil, değişim istedim. 5 gün oldu.",0,0_8
lamba rezalet rezalet para tuzağı sakın satın alma! 3 sıfır puan!,1,1_12
tencere hayatınız değişecek inanılmaz sonuç hemen satın al! 10 yıldız!,1,1_16
süpürge beğenmeyen yok herkes alıyor hemen sen de al! 4 yıldız!,1,1_18
kitap hayatınız değişecek inanılmaz sonuç hemen satın al! 1 yıldız!,1,1_16
klavye dünyada bir numara kesin memnuniyet mükemmel! 7 tane sipariş ver!,1,1_17
telefon beklediğimden küçük geldi ama işimi görüyor. 2 gündür bende.,0,0_2
suluk harika fırsat herkese öneriyorum hemen al pişman olmazsın! 2 yıldız!,1,1_5
"kamera kullanışlı çıktı, ambalajı özenliydi. 5 gündür sorun yaşamadım.",0,0_9
kulaklık hayatınız değişecek inanılmaz sonuç hemen satın al! 1 yıldız!,1,1_16
"tencere fotoğraftakiyle aynı, kutu ezilmişti. 10 gün sonra ulaştı.",0,0_4
suluk efsane fırsat kaçırma en iyi ürün şimdi sipariş ver! 2 tane!,1,1_2
lamba için iade süreci sorunsuz ilerledi. Ücret 2 günde yattı.,0,0_14
klavye muhteşem efsane süper ürün herkese tavsiye al! 10 yıldız!,1,1_9
fare kötü paketlenmişti; ürün sağlam kaldı. 4 gün sonra teslim aldım.,0,0_19
"tencere beklentimi karşıladı, tavsiye ederim. Kargo 6 günde geldi.",0,0_12
kitap harika görünüyor ama bağlantı noktası gevşek. 10 gündür kullanıyorum.,0,0_11
"süpürge siparişim yanlış renk geldi, satıcı değişim yaptı. 4 gün bekledim.",0,0_15
telefon şahane şahane kesinlikle almalısınız rakipsiz kalite! 5 tane!,1,1_8
kamera fiyatına göre güzel; kullanım kılavuzu eksik çıktı. 1 gün oldu.,0,0_13
monitör şahane şahane kesinlikle almalısınız rakipsiz kalite! 6 tane!,1,1_8
çaydanlık süper süper fiyat şahane düşünmeden al al al! 8 yıldız!,1,1_3
klavye fiyatına göre güzel; kullanım kılavuzu eksik çıktı. 10 gün oldu.,0,0_13
tencere kesinlikle uzak dur herkes başka markayı alsın! 1 kere söylüyorum!,1,1_11
masa beğenmeyen yok herkes alıyor hemen sen de al! 9 yıldız!,1,1_18
klavye efsane fırsat kaçırma en iyi ürün şimdi sipariş ver! 6 tane!,1,1_2
telefon harika görünüyor ama bağlantı noktası gevşek. 1 gündür kullanıyorum.,0,0_11
kazak mükemmel kalite mükemmel fiyat mükemmel satıcı! 8 tane satın al!,1,1_6
tencere piyasadaki en iyi en ucuz kaçırılmaz hemen sipariş! 8 yıldız!,1,1_7
"sandalye tam istediğim gibi, tekrar alabilirim. 3 gün önce teslim edildi.",0,0_17
"süpürge gayet güzel, kargolama hızlıydı. 6 gündür kullanıyorum.",0,0_0
masa şimdi satın al bugün fırsat son fırsat süper süper! 4 tane al!,1,1_19
"kazak rengi beklediğim gibi değil, değişim istedim. 5 gün oldu.",0,0_8
sandalye için olumsuz yorumları okudum ama bende sorun çıkmadı. 7 gün kullandım.,0,0_18
fare mükemmel mükemmel herkese tavsiye hemen satın al! 6 yıldız!,1,1_1
"ayakkabı siparişim yanlış renk geldi, satıcı değişim yaptı. 7 gün bekledim.",0,0_15
"kitap tam istediğim gibi, tekrar alabilirim. 9 gün önce teslim edildi.",0,0_17
saat beklediğimden küçük geldi ama işimi görüyor. 2 gündür bende.,0,0_2
süpürge kesinlikle uzak dur herkes başka markayı alsın! 1 kere söylüyorum!,1,1_11
suluk beğenmeyen yok herkes alıyor hemen sen de al! 8 yıldız!,1,1_18
suluk beklediğimden küçük geldi ama işimi görüyor. 10 gündür bende.,0,0_2
"yastık siparişim yanlış renk geldi, satıcı değişim yaptı. 4 gün bekledim.",0,0_15
sandalye şimdi satın al bugün fırsat son fırsat süper süper! 5 tane al!,1,1_19
mont kesinlikle uzak dur herkes başka markayı alsın! 9 kere söylüyorum!,1,1_11
fare rezalet rezalet para tuzağı sakın satın alma! 9 sıfır puan!,1,1_12
"kamera paketinde çizik vardı, iade talebi açtım. 3 gün bekledim.",0,0_1
fare berbat berbat berbat asla almayın en kötü ürün! 3 sıfır yıldız!,1,1_10
yastık kesinlikle uzak dur herkes başka markayı alsın! 8 kere söylüyorum!,1,1_11
saat harika fırsat herkese öneriyorum hemen al pişman olmazsın! 7 yıldız!,1,1_5
ayakkabı piyasadaki en iyi en ucuz kaçırılmaz hemen sipariş! 5 yıldız!,1,1_7
masa dünyada bir numara kesin memnuniyet mükemmel! 4 tane sipariş ver!,1,1_17
çanta fiyatına göre güzel; kullanım kılavuzu eksik çıktı. 5 gün oldu.,0,0_13
çaydanlık mükemmel mükemmel herkese tavsiye hemen satın al! 8 yıldız!,1,1_1
suluk hayatınız değişecek inanılmaz sonuç hemen satın al! 8 yıldız!,1,1_16
monitör hayatınız değişecek inanılmaz sonuç hemen satın al! 5 yıldız!,1,1_16
"tablet gayet güzel, kargolama hızlıydı. 10 gündür kullanıyorum.",0,0_0
şarj cihazı hakkında olumsuz yazanlara inanmayın kusursuz süper! 5 yıldız!,1,1_14
süpürge için rakip yok bütün ürünlerden üstün hemen al! 9 tane sipariş!,1,1_13
"ayakkabı malzemesi iyi, fiyatı biraz yüksek. Teslimat 8 gün sürdü.",0,0_3
lamba için rakip yok bütün ürünlerden üstün hemen al! 5 tane sipariş!,1,1_13
kitap fiyatına göre güzel; kullanım kılavuzu eksik çıktı. 7 gün oldu.,0,0_13
süpürge inanılmaz kusursuz muhteşem satıcı bir numara! 7 tane al!,1,1_4
çanta hakkında olumsuz yazanlara inanmayın kusursuz süper! 2 yıldız!,1,1_14
"klavye gayet güzel, kargolama hızlıydı. 2 gündür kullanıyorum.",0,0_0
çaydanlık piyasadaki en iyi en ucuz kaçırılmaz hemen sipariş! 2 yıldız!,1,1_7
monitör çok hoşuma gitti; özellikle kullanım kolaylığı iyi. 1 gün denedim.,0,0_10
klavye rezalet rezalet para tuzağı sakın satın alma! 10 sıfır puan!,1,1_12
suluk hayatınız değişecek inanılmaz sonuç hemen satın al! 10 yıldız!,1,1_16
kazak dünyada bir numara kesin memnuniyet mükemmel! 3 tane sipariş ver!,1,1_17
tablet beklediğimden küçük geldi ama işimi görüyor. 4 gündür bende.,0,0_2
"kitap paketinde çizik vardı, iade talebi açtım. 7 gün bekledim.",0,0_1
"saat için satıcıya soru sordum, açıklayıcı cevap verdi. 1 gün kullandım.",0,0_5
tencere kesinlikle uzak dur herkes başka markayı alsın! 10 kere söylüyorum!,1,1_11
"suluk siparişim yanlış renk geldi, satıcı değişim yaptı. 5 gün bekledim.",0,0_15
"hoparlör siparişim yanlış renk geldi, satıcı değişim yaptı. 9 gün bekledim.",0,0_15
şarj cihazı kötü paketlenmişti; ürün sağlam kaldı. 7 gün sonra teslim aldım.,0,0_19
lamba kesinlikle uzak dur herkes başka markayı alsın! 10 kere söylüyorum!,1,1_11
kamera kesinlikle uzak dur herkes başka markayı alsın! 6 kere söylüyorum!,1,1_11
kazak süper süper fiyat şahane düşünmeden al al al! 5 yıldız!,1,1_3
monitör harika harika harika kesinlikle al 10 numara! 6 tane al!,1,1_0
sandalye mükemmel mükemmel herkese tavsiye hemen satın al! 10 yıldız!,1,1_1
sandalye kesinlikle uzak dur herkes başka markayı alsın! 8 kere söylüyorum!,1,1_11
kazak mükemmel mükemmel herkese tavsiye hemen satın al! 1 yıldız!,1,1_1
kamera şimdi satın al bugün fırsat son fırsat süper süper! 9 tane al!,1,1_19
"suluk rengi beklediğim gibi değil, değişim istedim. 2 gün oldu.",0,0_8
"yastık ilk gün iyiydi, sonra arıza yaptı. 2 gün sonra servise verdim.",0,0_6
"termos kullanışlı çıktı, ambalajı özenliydi. 4 gündür sorun yaşamadım.",0,0_9
çaydanlık kötü paketlenmişti; ürün sağlam kaldı. 4 gün sonra teslim aldım.,0,0_19
suluk şimdi satın al bugün fırsat son fırsat süper süper! 4 tane al!,1,1_19
çanta rezalet rezalet para tuzağı sakın satın alma! 7 sıfır puan!,1,1_12
süpürge efsane fırsat kaçırma en iyi ürün şimdi sipariş ver! 3 tane!,1,1_2
"çaydanlık tam istediğim gibi, tekrar alabilirim. 10 gün önce teslim edildi.",0,0_17
"mont malzemesi iyi, fiyatı biraz yüksek. Teslimat 7 gün sürdü.",0,0_3
"çanta beklentimi karşıladı, tavsiye ederim. Kargo 2 günde geldi.",0,0_12
kazak dünyada bir numara kesin memnuniyet mükemmel! 8 tane sipariş ver!,1,1_17
"tencere uzun kullanımda rahat değil, kısa süre için uygun. 8 gündür bende.",0,0_16
kamera için iade süreci sorunsuz ilerledi. Ücret 3 günde yattı.,0,0_14
suluk dünyada bir numara kesin memnuniyet mükemmel! 2 tane sipariş ver!,1,1_17
tencere muhteşem efsane süper ürün herkese tavsiye al! 5 yıldız!,1,1_9
ayakkabı efsane fırsat kaçırma en iyi ürün şimdi sipariş ver! 3 tane!,1,1_2
lamba beğenmeyen yok herkes alıyor hemen sen de al! 2 yıldız!,1,1_18
klavye hayatınız değişecek inanılmaz sonuç hemen satın al! 8 yıldız!,1,1_16
"telefon fotoğraftakiyle aynı, kutu ezilmişti. 7 gün sonra ulaştı.",0,0_4
telefon beklediğimden küçük geldi ama işimi görüyor. 6 gündür bende.,0,0_2
termos için rakip yok bütün ürünlerden üstün hemen al! 4 tane sipariş!,1,1_13
yastık beğenmeyen yok herkes alıyor hemen sen de al! 8 yıldız!,1,1_18
sandalye süper süper fiyat şahane düşünmeden al al al! 3 yıldız!,1,1_3
"tablet gayet güzel, kargolama hızlıydı. 8 gündür kullanıyorum.",0,0_0
"çaydanlık tam istediğim gibi, tekrar alabilirim. 7 gün önce teslim edildi.",0,0_17
termos için olumsuz yorumları okudum ama bende sorun çıkmadı. 5 gün kullandım.,0,0_18
kazak için iade süreci sorunsuz ilerledi. Ücret 8 günde yattı.,0,0_14
ayakkabı kesinlikle uzak dur herkes başka markayı alsın! 2 kere söylüyorum!,1,1_11
"tablet kullanışlı çıktı, ambalajı özenliydi. 8 gündür sorun yaşamadım.",0,0_9
"saat malzemesi iyi, fiyatı biraz yüksek. Teslimat 3 gün sürdü.",0,0_3
"yastık gayet güzel, kargolama hızlıydı. 5 gündür kullanıyorum.",0,0_0
kamera efsane fırsat kaçırma en iyi ürün şimdi sipariş ver! 10 tane!,1,1_2
saat piyasadaki en iyi en ucuz kaçırılmaz hemen sipariş! 7 yıldız!,1,1_7
"çanta uzun kullanımda rahat değil, kısa süre için uygun. 4 gündür bende.",0,0_16
telefon şimdi satın al bugün fırsat son fırsat süper süper! 2 tane al!,1,1_19
fare dünyada bir numara kesin memnuniyet mükemmel! 8 tane sipariş ver!,1,1_17
kitap efsane fırsat kaçırma en iyi ürün şimdi sipariş ver! 9 tane!,1,1_2
suluk süper süper fiyat şahane düşünmeden al al al! 4 yıldız!,1,1_3
"mont gayet güzel, kargolama hızlıydı. 4 gündür kullanıyorum.",0,0_0
"süpürge için satıcıya soru sordum, açıklayıcı cevap verdi. 3 gün kullandım.",0,0_5
telefon berbat berbat berbat asla almayın en kötü ürün! 2 sıfır yıldız!,1,1_10
tencere harika görünüyor ama bağlantı noktası gevşek. 3 gündür kullanıyorum.,0,0_11
"kazak kullanışlı çıktı, ambalajı özenliydi. 9 gündür sorun yaşamadım.",0,0_9
kitap için iade süreci sorunsuz ilerledi. Ücret 3 günde yattı.,0,0_14
"klavye tam istediğim gibi, tekrar alabilirim. 1 gün önce teslim edildi.",0,0_17
çanta beklediğimden küçük geldi ama işimi görüyor. 10 gündür bende.,0,0_2
"sandalye ilk gün iyiydi, sonra arıza yaptı. 3 gün sonra servise verdim.",0,0_6
"çanta paketinde çizik vardı, iade talebi açtım. 10 gün bekledim.",0,0_1
süpürge beğenmeyen yok herkes alıyor hemen sen de al! 9 yıldız!,1,1_18
çaydanlık hayatınız değişecek inanılmaz sonuç hemen satın al! 10 yıldız!,1,1_16
çaydanlık harika görünüyor ama bağlantı noktası gevşek. 6 gündür kullanıyorum.,0,0_11
havlu on numara beş yıldız yüzde yüz garanti kaçırma! 3 tane al!,1,1_15
"mont malzemesi iyi, fiyatı biraz yüksek. Teslimat 5 gün sürdü.",0,0_3
ayakkabı inanılmaz kusursuz muhteşem satıcı bir numara! 6 tane al!,1,1_4
masa harika fırsat herkese öneriyorum hemen al pişman olmazsın! 6 yıldız!,1,1_5
şarj cihazı beğenmeyen yok herkes alıyor hemen sen de al! 5 yıldız!,1,1_18
tencere mükemmel kalite mükemmel fiyat mükemmel satıcı! 7 tane satın al!,1,1_6
hoparlör beklediğimden küçük geldi ama işimi görüyor. 6 gündür bende.,0,0_2
"çaydanlık rengi beklediğim gibi değil, değişim istedim. 3 gün oldu.",0,0_8
tencere için iade süreci sorunsuz ilerledi. Ücret 8 günde yattı.,0,0_14
"suluk paketinde çizik vardı, iade talebi açtım. 4 gün bekledim.",0,0_1
termos hakkında olumsuz yazanlara inanmayın kusursuz süper! 4 yıldız!,1,1_14
termos inanılmaz kusursuz muhteşem satıcı bir numara! 8 tane al!,1,1_4
kamera şimdi satın al bugün fırsat son fırsat süper süper! 8 tane al!,1,1_19
lamba fiyatına göre güzel; kullanım kılavuzu eksik çıktı. 9 gün oldu.,0,0_13
"tencere beklentimi karşıladı, tavsiye ederim. Kargo 1 günde geldi.",0,0_12
"kamera fotoğraftakiyle aynı, kutu ezilmişti. 2 gün sonra ulaştı.",0,0_4
çaydanlık şimdi satın al bugün fırsat son fırsat süper süper! 7 tane al!,1,1_19
"masa ilk gün iyiydi, sonra arıza yaptı. 5 gün sonra servise verdim.",0,0_6
lamba hayatınız değişecek inanılmaz sonuç hemen satın al! 2 yıldız!,1,1_16
fare beklediğimden küçük geldi ama işimi görüyor. 8 gündür bende.,0,0_2
kulaklık inanılmaz kusursuz muhteşem satıcı bir numara! 7 tane al!,1,1_4
monitör berbat berbat berbat asla almayın en kötü ürün! 4 sıfır yıldız!,1,1_10
tablet kötü paketlenmişti; ürün sağlam kaldı. 4 gün sonra teslim aldım.,0,0_19
çanta kesinlikle uzak dur herkes başka markayı alsın! 3 kere söylüyorum!,1,1_11
tablet kesinlikle uzak dur herkes başka markayı alsın! 2 kere söylüyorum!,1,1_11
termos beklediğimden küçük geldi ama işimi görüyor. 3 gündür bende.,0,0_2
havlu muhteşem efsane süper ürün herkese tavsiye al! 3 yıldız!,1,1_9
monitör harika görünüyor ama bağlantı noktası gevşek. 10 gündür kullanıyorum.,0,0_11
masa mükemmel mükemmel herkese tavsiye hemen satın al! 4 yıldız!,1,1_1
"lamba paketinde çizik vardı, iade talebi açtım. 9 gün bekledim.",0,0_1
"tablet paketinde çizik vardı, iade talebi açtım. 3 gün bekledim.",0,0_1
çanta için rakip yok bütün ürünlerden üstün hemen al! 3 tane sipariş!,1,1_13
"havlu malzemesi iyi, fiyatı biraz yüksek. Teslimat 8 gün sürdü.",0,0_3
saat şimdi satın al bugün fırsat son fırsat süper süper! 7 tane al!,1,1_19
telefon şimdi satın al bugün fırsat son fırsat süper süper! 6 tane al!,1,1_19
klavye mükemmel kalite mükemmel fiyat mükemmel satıcı! 4 tane satın al!,1,1_6
"şarj cihazı gayet güzel, kargolama hızlıydı. 3 gündür kullanıyorum.",0,0_0
çaydanlık harika fırsat herkese öneriyorum hemen al pişman olmazsın! 8 yıldız!,1,1_5
"kitap uzun kullanımda rahat değil, kısa süre için uygun. 6 gündür bende.",0,0_16
telefon rezalet rezalet para tuzağı sakın satın alma! 10 sıfır puan!,1,1_12
çanta efsane fırsat kaçırma en iyi ürün şimdi sipariş ver! 1 tane!,1,1_2
kamera fiyatına göre güzel; kullanım kılavuzu eksik çıktı. 7 gün oldu.,0,0_13
"lamba için satıcıya soru sordum, açıklayıcı cevap verdi. 7 gün kullandım.",0,0_5
mont harika fırsat herkese öneriyorum hemen al pişman olmazsın! 2 yıldız!,1,1_5
klavye süper süper fiyat şahane düşünmeden al al al! 2 yıldız!,1,1_3
suluk kesinlikle uzak dur herkes başka markayı alsın! 2 kere söylüyorum!,1,1_11
lamba dünyada bir numara kesin memnuniyet mükemmel! 2 tane sipariş ver!,1,1_17
sandalye fiyatına göre güzel; kullanım kılavuzu eksik çıktı. 7 gün oldu.,0,0_13
havlu kötü paketlenmişti; ürün sağlam kaldı. 7 gün sonra teslim aldım.,0,0_19
"hoparlör paketinde çizik vardı, iade talebi açtım. 3 gün bekledim.",0,0_1
kitap çok hoşuma gitti; özellikle kullanım kolaylığı iyi. 2 gün denedim.,0,0_10
masa harika harika harika kesinlikle al 10 numara! 8 tane al!,1,1_0
monitör efsane fırsat kaçırma en iyi ürün şimdi sipariş ver! 4 tane!,1,1_2
kazak fiyatına göre güzel; kullanım kılavuzu eksik çıktı. 8 gün oldu.,0,0_13
"suluk kullanışlı çıktı, ambalajı özenliydi. 6 gündür sorun yaşamadım.",0,0_9
"mont rengi beklediğim gibi değil, değişim istedim. 4 gün oldu.",0,0_8
klavye için iade süreci sorunsuz ilerledi. Ücret 6 günde yattı.,0,0_14
hoparlör harika görünüyor ama bağlantı noktası gevşek. 3 gündür kullanıyorum.,0,0_11
"sandalye tam istediğim gibi, tekrar alabilirim. 9 gün önce teslim edildi.",0,0_17
"kulaklık ilk gün iyiydi, sonra arıza yaptı. 5 gün sonra servise verdim.",0,0_6
kulaklık mükemmel kalite mükemmel fiyat mükemmel satıcı! 7 tane satın al!,1,1_6
klavye berbat berbat berbat asla almayın en kötü ürün! 9 sıfır yıldız!,1,1_10
kamera efsane fırsat kaçırma en iyi ürün şimdi sipariş ver! 3 tane!,1,1_2
kazak için olumsuz yorumları okudum ama bende sorun çıkmadı. 6 gün kullandım.,0,0_18
havlu fiyatına göre güzel; kullanım kılavuzu eksik çıktı. 9 gün oldu.,0,0_13
"kitap uzun kullanımda rahat değil, kısa süre için uygun. 9 gündür bende.",0,0_16
kulaklık dünyada bir numara kesin memnuniyet mükemmel! 2 tane sipariş ver!,1,1_17
kamera şahane şahane kesinlikle almalısınız rakipsiz kalite! 7 tane!,1,1_8
"monitör siparişim yanlış renk geldi, satıcı değişim yaptı. 6 gün bekledim.",0,0_15
"lamba kullanışlı çıktı, ambalajı özenliydi. 8 gündür sorun yaşamadım.",0,0_9
çaydanlık için rakip yok bütün ürünlerden üstün hemen al! 6 tane sipariş!,1,1_13
telefon için olumsuz yorumları okudum ama bende sorun çıkmadı. 8 gün kullandım.,0,0_18
"telefon kalitesi orta, indirimde alınabilir. 5 günlük deneyimim bu.",0,0_7
"şarj cihazı malzemesi iyi, fiyatı biraz yüksek. Teslimat 5 gün sürdü.",0,0_3
"klavye beklentimi karşıladı, tavsiye ederim. Kargo 7 günde geldi.",0,0_12
saat piyasadaki en iyi en ucuz kaçırılmaz hemen sipariş! 10 yıldız!,1,1_7
havlu hakkında olumsuz yazanlara inanmayın kusursuz süper! 10 yıldız!,1,1_14
sandalye için olumsuz yorumları okudum ama bende sorun çıkmadı. 5 gün kullandım.,0,0_18
monitör hakkında olumsuz yazanlara inanmayın kusursuz süper! 7 yıldız!,1,1_14
yastık beklediğimden küçük geldi ama işimi görüyor. 10 gündür bende.,0,0_2
"masa fotoğraftakiyle aynı, kutu ezilmişti. 3 gün sonra ulaştı.",0,0_4
kitap beğenmeyen yok herkes alıyor hemen sen de al! 6 yıldız!,1,1_18
"saat kalitesi orta, indirimde alınabilir. 6 günlük deneyimim bu.",0,0_7
yastık için iade süreci sorunsuz ilerledi. Ücret 7 günde yattı.,0,0_14
"kamera tam istediğim gibi, tekrar alabilirim. 3 gün önce teslim edildi.",0,0_17
"suluk ilk gün iyiydi, sonra arıza yaptı. 3 gün sonra servise verdim.",0,0_6
masa harika fırsat herkese öneriyorum hemen al pişman olmazsın! 8 yıldız!,1,1_5
mont dünyada bir numara kesin memnuniyet mükemmel! 3 tane sipariş ver!,1,1_17
kitap için rakip yok bütün ürünlerden üstün hemen al! 5 tane sipariş!,1,1_13
klavye çok hoşuma gitti; özellikle kullanım kolaylığı iyi. 6 gün denedim.,0,0_10
"masa uzun kullanımda rahat değil, kısa süre için uygun. 10 gündür bende.",0,0_16
hoparlör kesinlikle uzak dur herkes başka markayı alsın! 10 kere söylüyorum!,1,1_11
masa şimdi satın al bugün fırsat son fırsat süper süper! 5 tane al!,1,1_19
ayakkabı piyasadaki en iyi en ucuz kaçırılmaz hemen sipariş! 2 yıldız!,1,1_7
"havlu siparişim yanlış renk geldi, satıcı değişim yaptı. 4 gün bekledim.",0,0_15
"lamba için satıcıya soru sordum, açıklayıcı cevap verdi. 2 gün kullandım.",0,0_5
fare piyasadaki en iyi en ucuz kaçırılmaz hemen sipariş! 3 yıldız!,1,1_7
fare kötü paketlenmişti; ürün sağlam kaldı. 3 gün sonra teslim aldım.,0,0_19
saat harika fırsat herkese öneriyorum hemen al pişman olmazsın! 9 yıldız!,1,1_5
mont hakkında olumsuz yazanlara inanmayın kusursuz süper! 7 yıldız!,1,1_14
masa harika harika harika kesinlikle al 10 numara! 3 tane al!,1,1_0
tencere kötü paketlenmişti; ürün sağlam kaldı. 2 gün sonra teslim aldım.,0,0_19
suluk hakkında olumsuz yazanlara inanmayın kusursuz süper! 4 yıldız!,1,1_14
havlu inanılmaz kusursuz muhteşem satıcı bir numara! 4 tane al!,1,1_4
süpürge için olumsuz yorumları okudum ama bende sorun çıkmadı. 5 gün kullandım.,0,0_18
"klavye kullanışlı çıktı, ambalajı özenliydi. 7 gündür sorun yaşamadım.",0,0_9
lamba mükemmel kalite mükemmel fiyat mükemmel satıcı! 10 tane satın al!,1,1_6
kazak çok hoşuma gitti; özellikle kullanım kolaylığı iyi. 2 gün denedim.,0,0_10
şarj cihazı kesinlikle uzak dur herkes başka markayı alsın! 5 kere söylüyorum!,1,1_11
"kulaklık ilk gün iyiydi, sonra arıza yaptı. 9 gün sonra servise verdim.",0,0_6
"telefon kalitesi orta, indirimde alınabilir. 1 günlük deneyimim bu.",0,0_7
"tencere kullanışlı çıktı, ambalajı özenliydi. 3 gündür sorun yaşamadım.",0,0_9
masa mükemmel kalite mükemmel fiyat mükemmel satıcı! 5 tane satın al!,1,1_6
sandalye şimdi satın al bugün fırsat son fırsat süper süper! 10 tane al!,1,1_19
"tencere fotoğraftakiyle aynı, kutu ezilmişti. 3 gün sonra ulaştı.",0,0_4
kazak mükemmel mükemmel herkese tavsiye hemen satın al! 9 yıldız!,1,1_1
kitap mükemmel kalite mükemmel fiyat mükemmel satıcı! 6 tane satın al!,1,1_6
havlu mükemmel kalite mükemmel fiyat mükemmel satıcı! 5 tane satın al!,1,1_6
"kulaklık tam istediğim gibi, tekrar alabilirim. 9 gün önce teslim edildi.",0,0_17
"sandalye uzun kullanımda rahat değil, kısa süre için uygun. 3 gündür bende.",0,0_16
"kitap gayet güzel, kargolama hızlıydı. 6 gündür kullanıyorum.",0,0_0
mont beğenmeyen yok herkes alıyor hemen sen de al! 7 yıldız!,1,1_18
tencere mükemmel kalite mükemmel fiyat mükemmel satıcı! 8 tane satın al!,1,1_6
mont efsane fırsat kaçırma en iyi ürün şimdi sipariş ver! 2 tane!,1,1_2
yastık şahane şahane kesinlikle almalısınız rakipsiz kalite! 5 tane!,1,1_8
"kazak siparişim yanlış renk geldi, satıcı değişim yaptı. 3 gün bekledim.",0,0_15
"mont malzemesi iyi, fiyatı biraz yüksek. Teslimat 3 gün sürdü.",0,0_3
hoparlör için rakip yok bütün ürünlerden üstün hemen al! 1 tane sipariş!,1,1_13
"süpürge kalitesi orta, indirimde alınabilir. 8 günlük deneyimim bu.",0,0_7
kitap harika görünüyor ama bağlantı noktası gevşek. 6 gündür kullanıyorum.,0,0_11
termos berbat berbat berbat asla almayın en kötü ürün! 9 sıfır yıldız!,1,1_10
"sandalye kullanışlı çıktı, ambalajı özenliydi. 5 gündür sorun yaşamadım.",0,0_9
termos inanılmaz kusursuz muhteşem satıcı bir numara! 1 tane al!,1,1_4
çaydanlık beklediğimden küçük geldi ama işimi görüyor. 8 gündür bende.,0,0_2
sandalye şahane şahane kesinlikle almalısınız rakipsiz kalite! 4 tane!,1,1_8
"kitap gayet güzel, kargolama hızlıydı. 1 gündür kullanıyorum.",0,0_0
"masa kullanışlı çıktı, ambalajı özenliydi. 6 gündür sorun yaşamadım.",0,0_9
havlu beklediğimden küçük geldi ama işimi görüyor. 2 gündür bende.,0,0_2
havlu beğenmeyen yok herkes alıyor hemen sen de al! 8 yıldız!,1,1_18
şarj cihazı beklediğimden küçük geldi ama işimi görüyor. 5 gündür bende.,0,0_2
"hoparlör gayet güzel, kargolama hızlıydı. 5 gündür kullanıyorum.",0,0_0
saat rezalet rezalet para tuzağı sakın satın alma! 1 sıfır puan!,1,1_12
çaydanlık fiyatına göre güzel; kullanım kılavuzu eksik çıktı. 2 gün oldu.,0,0_13
ayakkabı için rakip yok bütün ürünlerden üstün hemen al! 8 tane sipariş!,1,1_13
"süpürge beklentimi karşıladı, tavsiye ederim. Kargo 3 günde geldi.",0,0_12
kazak fiyatına göre güzel; kullanım kılavuzu eksik çıktı. 6 gün oldu.,0,0_13
telefon mükemmel mükemmel herkese tavsiye hemen satın al! 2 yıldız!,1,1_1
kulaklık beklediğimden küçük geldi ama işimi görüyor. 8 gündür bende.,0,0_2
kulaklık beklediğimden küçük geldi ama işimi görüyor. 1 gündür bende.,0,0_2
kitap hayatınız değişecek inanılmaz sonuç hemen satın al! 2 yıldız!,1,1_16
çanta dünyada bir numara kesin memnuniyet mükemmel! 7 tane sipariş ver!,1,1_17
"sandalye ilk gün iyiydi, sonra arıza yaptı. 4 gün sonra servise verdim.",0,0_6
tencere on numara beş yıldız yüzde yüz garanti kaçırma! 10 tane al!,1,1_15
çaydanlık piyasadaki en iyi en ucuz kaçırılmaz hemen sipariş! 6 yıldız!,1,1_7
masa fiyatına göre güzel; kullanım kılavuzu eksik çıktı. 5 gün oldu.,0,0_13
kulaklık harika görünüyor ama bağlantı noktası gevşek. 9 gündür kullanıyorum.,0,0_11
"havlu gayet güzel, kargolama hızlıydı. 10 gündür kullanıyorum.",0,0_0
kitap muhteşem efsane süper ürün herkese tavsiye al! 4 yıldız!,1,1_9
havlu beklediğimden küçük geldi ama işimi görüyor. 9 gündür bende.,0,0_2
saat beğenmeyen yok herkes alıyor hemen sen de al! 5 yıldız!,1,1_18
ayakkabı şahane şahane kesinlikle almalısınız rakipsiz kalite! 7 tane!,1,1_8
şarj cihazı için rakip yok bütün ürünlerden üstün hemen al! 4 tane sipariş!,1,1_13
"mont kullanışlı çıktı, ambalajı özenliydi. 3 gündür sorun yaşamadım.",0,0_9
tencere harika harika harika kesinlikle al 10 numara! 3 tane al!,1,1_0
"telefon paketinde çizik vardı, iade talebi açtım. 3 gün bekledim.",0,0_1
ayakkabı süper süper fiyat şahane düşünmeden al al al! 9 yıldız!,1,1_3
kitap hakkında olumsuz yazanlara inanmayın kusursuz süper! 2 yıldız!,1,1_14
"lamba gayet güzel, kargolama hızlıydı. 8 gündür kullanıyorum.",0,0_0
süpürge harika harika harika kesinlikle al 10 numara! 4 tane al!,1,1_0
"havlu tam istediğim gibi, tekrar alabilirim. 7 gün önce teslim edildi.",0,0_17
saat inanılmaz kusursuz muhteşem satıcı bir numara! 5 tane al!,1,1_4
"süpürge siparişim yanlış renk geldi, satıcı değişim yaptı. 6 gün bekledim.",0,0_15
klavye beğenmeyen yok herkes alıyor hemen sen de al! 7 yıldız!,1,1_18
mont şahane şahane kesinlikle almalısınız rakipsiz kalite! 5 tane!,1,1_8
"çanta malzemesi iyi, fiyatı biraz yüksek. Teslimat 4 gün sürdü.",0,0_3
masa piyasadaki en iyi en ucuz kaçırılmaz hemen sipariş! 5 yıldız!,1,1_7
süpürge harika fırsat herkese öneriyorum hemen al pişman olmazsın! 2 yıldız!,1,1_5
kitap mükemmel mükemmel herkese tavsiye hemen satın al! 1 yıldız!,1,1_1
masa kötü paketlenmişti; ürün sağlam kaldı. 1 gün sonra teslim aldım.,0,0_19
"çanta tam istediğim gibi, tekrar alabilirim. 9 gün önce teslim edildi.",0,0_17
lamba çok hoşuma gitti; özellikle kullanım kolaylığı iyi. 9 gün denedim.,0,0_10
termos muhteşem efsane süper ürün herkese tavsiye al! 10 yıldız!,1,1_9
kulaklık kesinlikle uzak dur herkes başka markayı alsın! 1 kere söylüyorum!,1,1_11
ayakkabı şimdi satın al bugün fırsat son fırsat süper süper! 2 tane al!,1,1_19
şarj cihazı için olumsuz yorumları okudum ama bende sorun çıkmadı. 10 gün kullandım.,0,0_18
kamera kötü paketlenmişti; ürün sağlam kaldı. 6 gün sonra teslim aldım.,0,0_19
"ayakkabı kullanışlı çıktı, ambalajı özenliydi. 2 gündür sorun yaşamadım.",0,0_9
yastık için rakip yok bütün ürünlerden üstün hemen al! 7 tane sipariş!,1,1_13
kazak beğenmeyen yok herkes alıyor hemen sen de al! 8 yıldız!,1,1_18
"kamera tam istediğim gibi, tekrar alabilirim. 10 gün önce teslim edildi.",0,0_17
suluk berbat berbat berbat asla almayın en kötü ürün! 5 sıfır yıldız!,1,1_10
kulaklık kötü paketlenmişti; ürün sağlam kaldı. 9 gün sonra teslim aldım.,0,0_19
kulaklık süper süper fiyat şahane düşünmeden al al al! 7 yıldız!,1,1_3
tencere şahane şahane kesinlikle almalısınız rakipsiz kalite! 6 tane!,1,1_8
şarj cihazı harika fırsat herkese öneriyorum hemen al pişman olmazsın! 1 yıldız!,1,1_5
"kitap malzemesi iyi, fiyatı biraz yüksek. Teslimat 7 gün sürdü.",0,0_3
monitör efsane fırsat kaçırma en iyi ürün şimdi sipariş ver! 8 tane!,1,1_2
kulaklık için rakip yok bütün ürünlerden üstün hemen al! 3 tane sipariş!,1,1_13
suluk hayatınız değişecek inanılmaz sonuç hemen satın al! 6 yıldız!,1,1_16
kitap şimdi satın al bugün fırsat son fırsat süper süper! 9 tane al!,1,1_19
kulaklık hakkında olumsuz yazanlara inanmayın kusursuz süper! 2 yıldız!,1,1_14
"fare paketinde çizik vardı, iade talebi açtım. 7 gün bekledim.",0,0_1
masa dünyada bir numara kesin memnuniyet mükemmel! 8 tane sipariş ver!,1,1_17
fare süper süper fiyat şahane düşünmeden al al al! 7 yıldız!,1,1_3
"masa beklentimi karşıladı, tavsiye ederim. Kargo 3 günde geldi.",0,0_12
çanta muhteşem efsane süper ürün herkese tavsiye al! 1 yıldız!,1,1_9
tencere harika görünüyor ama bağlantı noktası gevşek. 10 gündür kullanıyorum.,0,0_11
yastık harika fırsat herkese öneriyorum hemen al pişman olmazsın! 9 yıldız!,1,1_5
"hoparlör uzun kullanımda rahat değil, kısa süre için uygun. 3 gündür bende.",0,0_16
"havlu malzemesi iyi, fiyatı biraz yüksek. Teslimat 2 gün sürdü.",0,0_3
çaydanlık hayatınız değişecek inanılmaz sonuç hemen satın al! 7 yıldız!,1,1_16
termos şahane şahane kesinlikle almalısınız rakipsiz kalite! 4 tane!,1,1_8
suluk beklediğimden küçük geldi ama işimi görüyor. 5 gündür bende.,0,0_2
tablet on numara beş yıldız yüzde yüz garanti kaçırma! 3 tane al!,1,1_15
klavye süper süper fiyat şahane düşünmeden al al al! 7 yıldız!,1,1_3
"tablet ilk gün iyiydi, sonra arıza yaptı. 1 gün sonra servise verdim.",0,0_6
"hoparlör malzemesi iyi, fiyatı biraz yüksek. Teslimat 2 gün sürdü.",0,0_3
şarj cihazı hakkında olumsuz yazanlara inanmayın kusursuz süper! 10 yıldız!,1,1_14
klavye piyasadaki en iyi en ucuz kaçırılmaz hemen sipariş! 8 yıldız!,1,1_7
"masa uzun kullanımda rahat değil, kısa süre için uygun. 3 gündür bende.",0,0_16
süpürge mükemmel kalite mükemmel fiyat mükemmel satıcı! 8 tane satın al!,1,1_6
tencere beğenmeyen yok herkes alıyor hemen sen de al! 3 yıldız!,1,1_18
tablet harika görünüyor ama bağlantı noktası gevşek. 5 gündür kullanıyorum.,0,0_11
ayakkabı beklediğimden küçük geldi ama işimi görüyor. 6 gündür bende.,0,0_2
kamera efsane fırsat kaçırma en iyi ürün şimdi sipariş ver! 6 tane!,1,1_2
"havlu kalitesi orta, indirimde alınabilir. 8 günlük deneyimim bu.",0,0_7
"telefon fotoğraftakiyle aynı, kutu ezilmişti. 10 gün sonra ulaştı.",0,0_4
ayakkabı mükemmel kalite mükemmel fiyat mükemmel satıcı! 9 tane satın al!,1,1_6
tencere şimdi satın al bugün fırsat son fırsat süper süper! 2 tane al!,1,1_19
"çaydanlık paketinde çizik vardı, iade talebi açtım. 4 gün bekledim.",0,0_1
"çaydanlık ilk gün iyiydi, sonra arıza yaptı. 7 gün sonra servise verdim.",0,0_6
kamera için iade süreci sorunsuz ilerledi. Ücret 2 günde yattı.,0,0_14
şarj cihazı harika fırsat herkese öneriyorum hemen al pişman olmazsın! 5 yıldız!,1,1_5
klavye için iade süreci sorunsuz ilerledi. Ücret 7 günde yattı.,0,0_14
saat kesinlikle uzak dur herkes başka markayı alsın! 6 kere söylüyorum!,1,1_11
çaydanlık harika fırsat herkese öneriyorum hemen al pişman olmazsın! 5 yıldız!,1,1_5
"sandalye uzun kullanımda rahat değil, kısa süre için uygun. 5 gündür bende.",0,0_16
"çanta için satıcıya soru sordum, açıklayıcı cevap verdi. 7 gün kullandım.",0,0_5
klavye hakkında olumsuz yazanlara inanmayın kusursuz süper! 9 yıldız!,1,1_14
kazak kesinlikle uzak dur herkes başka markayı alsın! 5 kere söylüyorum!,1,1_11
"saat paketinde çizik vardı, iade talebi açtım. 3 gün bekledim.",0,0_1
çaydanlık beklediğimden küçük geldi ama işimi görüyor. 10 gündür bende.,0,0_2
kamera on numara beş yıldız yüzde yüz garanti kaçırma! 9 tane al!,1,1_15
"klavye beklentimi karşıladı, tavsiye ederim. Kargo 1 günde geldi.",0,0_12
mont için rakip yok bütün ürünlerden üstün hemen al! 8 tane sipariş!,1,1_13
çaydanlık şimdi satın al bugün fırsat son fırsat süper süper! 6 tane al!,1,1_19
"yastık kalitesi orta, indirimde alınabilir. 5 günlük deneyimim bu.",0,0_7
ayakkabı harika harika harika kesinlikle al 10 numara! 3 tane al!,1,1_0
yastık dünyada bir numara kesin memnuniyet mükemmel! 7 tane sipariş ver!,1,1_17
kazak efsane fırsat kaçırma en iyi ürün şimdi sipariş ver! 6 tane!,1,1_2
"süpürge kalitesi orta, indirimde alınabilir. 6 günlük deneyimim bu.",0,0_7
"kamera siparişim yanlış renk geldi, satıcı değişim yaptı. 5 gün bekledim.",0,0_15
"süpürge gayet güzel, kargolama hızlıydı. 4 gündür kullanıyorum.",0,0_0
yastık kötü paketlenmişti; ürün sağlam kaldı. 2 gün sonra teslim aldım.,0,0_19
hoparlör rezalet rezalet para tuzağı sakın satın alma! 7 sıfır puan!,1,1_12
"çaydanlık kalitesi orta, indirimde alınabilir. 7 günlük deneyimim bu.",0,0_7
şarj cihazı süper süper fiyat şahane düşünmeden al al al! 2 yıldız!,1,1_3
mont harika harika harika kesinlikle al 10 numara! 7 tane al!,1,1_0
şarj cihazı hayatınız değişecek inanılmaz sonuç hemen satın al! 1 yıldız!,1,1_16
telefon beklediğimden küçük geldi ama işimi görüyor. 4 gündür bende.,0,0_2
saat şahane şahane kesinlikle almalısınız rakipsiz kalite! 8 tane!,1,1_8
yastık hayatınız değişecek inanılmaz sonuç hemen satın al! 3 yıldız!,1,1_16
lamba için iade süreci sorunsuz ilerledi. Ücret 6 günde yattı.,0,0_14
suluk harika görünüyor ama bağlantı noktası gevşek. 2 gündür kullanıyorum.,0,0_11
kazak için iade süreci sorunsuz ilerledi. Ücret 1 günde yattı.,0,0_14
masa için olumsuz yorumları okudum ama bende sorun çıkmadı. 5 gün kullandım.,0,0_18
"kamera rengi beklediğim gibi değil, değişim istedim. 4 gün oldu.",0,0_8
saat on numara beş yıldız yüzde yüz garanti kaçırma! 3 tane al!,1,1_15
klavye piyasadaki en iyi en ucuz kaçırılmaz hemen sipariş! 4 yıldız!,1,1_7
telefon inanılmaz kusursuz muhteşem satıcı bir numara! 8 tane al!,1,1_4
klavye on numara beş yıldız yüzde yüz garanti kaçırma! 1 tane al!,1,1_15
"kulaklık siparişim yanlış renk geldi, satıcı değişim yaptı. 5 gün bekledim.",0,0_15
klavye mükemmel mükemmel herkese tavsiye hemen satın al! 3 yıldız!,1,1_1
"kitap kullanışlı çıktı, ambalajı özenliydi. 10 gündür sorun yaşamadım.",0,0_9
kazak kötü paketlenmişti; ürün sağlam kaldı. 1 gün sonra teslim aldım.,0,0_19
kitap şimdi satın al bugün fırsat son fırsat süper süper! 4 tane al!,1,1_19
saat hayatınız değişecek inanılmaz sonuç hemen satın al! 10 yıldız!,1,1_16
hoparlör inanılmaz kusursuz muhteşem satıcı bir numara! 7 tane al!,1,1_4
"masa tam istediğim gibi, tekrar alabilirim. 9 gün önce teslim edildi.",0,0_17
tablet inanılmaz kusursuz muhteşem satıcı bir numara! 4 tane al!,1,1_4
"masa için satıcıya soru sordum, açıklayıcı cevap verdi. 2 gün kullandım.",0,0_5
tencere için iade süreci sorunsuz ilerledi. Ücret 6 günde yattı.,0,0_14
klavye için rakip yok bütün ürünlerden üstün hemen al! 3 tane sipariş!,1,1_13
"çanta fotoğraftakiyle aynı, kutu ezilmişti. 3 gün sonra ulaştı.",0,0_4
suluk çok hoşuma gitti; özellikle kullanım kolaylığı iyi. 10 gün denedim.,0,0_10
klavye hakkında olumsuz yazanlara inanmayın kusursuz süper! 7 yıldız!,1,1_14
"sandalye paketinde çizik vardı, iade talebi açtım. 7 gün bekledim.",0,0_1
şarj cihazı süper süper fiyat şahane düşünmeden al al al! 5 yıldız!,1,1_3
lamba efsane fırsat kaçırma en iyi ürün şimdi sipariş ver! 3 tane!,1,1_2
"masa fotoğraftakiyle aynı, kutu ezilmişti. 9 gün sonra ulaştı.",0,0_4
kazak hakkında olumsuz yazanlara inanmayın kusursuz süper! 5 yıldız!,1,1_14
havlu harika fırsat herkese öneriyorum hemen al pişman olmazsın! 6 yıldız!,1,1_5
sandalye şimdi satın al bugün fırsat son fırsat süper süper! 7 tane al!,1,1_19
mont mükemmel kalite mükemmel fiyat mükemmel satıcı! 9 tane satın al!,1,1_6
telefon fiyatına göre güzel; kullanım kılavuzu eksik çıktı. 5 gün oldu.,0,0_13
sandalye için olumsuz yorumları okudum ama bende sorun çıkmadı. 8 gün kullandım.,0,0_18
"kulaklık rengi beklediğim gibi değil, değişim istedim. 1 gün oldu.",0,0_8
çanta efsane fırsat kaçırma en iyi ürün şimdi sipariş ver! 4 tane!,1,1_2
ayakkabı berbat berbat berbat asla almayın en kötü ürün! 10 sıfır yıldız!,1,1_10
telefon harika harika harika kesinlikle al 10 numara! 5 tane al!,1,1_0
süpürge efsane fırsat kaçırma en iyi ürün şimdi sipariş ver! 2 tane!,1,1_2
"lamba malzemesi iyi, fiyatı biraz yüksek. Teslimat 9 gün sürdü.",0,0_3
çanta harika görünüyor ama bağlantı noktası gevşek. 10 gündür kullanıyorum.,0,0_11
"suluk kalitesi orta, indirimde alınabilir. 3 günlük deneyimim bu.",0,0_7
"kazak uzun kullanımda rahat değil, kısa süre için uygun. 10 gündür bende.",0,0_16
"hoparlör için satıcıya soru sordum, açıklayıcı cevap verdi. 6 gün kullandım.",0,0_5
tencere inanılmaz kusursuz muhteşem satıcı bir numara! 6 tane al!,1,1_4
çaydanlık çok hoşuma gitti; özellikle kullanım kolaylığı iyi. 2 gün denedim.,0,0_10
ayakkabı rezalet rezalet para tuzağı sakın satın alma! 8 sıfır puan!,1,1_12
havlu rezalet rezalet para tuzağı sakın satın alma! 8 sıfır puan!,1,1_12
kazak harika harika harika kesinlikle al 10 numara! 7 tane al!,1,1_0
hoparlör şimdi satın al bugün fırsat son fırsat süper süper! 3 tane al!,1,1_19
masa muhteşem efsane süper ürün herkese tavsiye al! 10 yıldız!,1,1_9
"hoparlör için satıcıya soru sordum, açıklayıcı cevap verdi. 1 gün kullandım.",0,0_5
"fare kalitesi orta, indirimde alınabilir. 1 günlük deneyimim bu.",0,0_7
havlu harika görünüyor ama bağlantı noktası gevşek. 8 gündür kullanıyorum.,0,0_11
"kulaklık malzemesi iyi, fiyatı biraz yüksek. Teslimat 3 gün sürdü.",0,0_3
"suluk için satıcıya soru sordum, açıklayıcı cevap verdi. 1 gün kullandım.",0,0_5
yastık efsane fırsat kaçırma en iyi ürün şimdi sipariş ver! 5 tane!,1,1_2
"fare rengi beklediğim gibi değil, değişim istedim. 8 gün oldu.",0,0_8
fare için olumsuz yorumları okudum ama bende sorun çıkmadı. 5 gün kullandım.,0,0_18
klavye beğenmeyen yok herkes alıyor hemen sen de al! 1 yıldız!,1,1_18
"suluk beklentimi karşıladı, tavsiye ederim. Kargo 10 günde geldi.",0,0_12
ayakkabı muhteşem efsane süper ürün herkese tavsiye al! 9 yıldız!,1,1_9
ayakkabı fiyatına göre güzel; kullanım kılavuzu eksik çıktı. 8 gün oldu.,0,0_13
tencere harika görünüyor ama bağlantı noktası gevşek. 2 gündür kullanıyorum.,0,0_11
çanta piyasadaki en iyi en ucuz kaçırılmaz hemen sipariş! 8 yıldız!,1,1_7
ayakkabı efsane fırsat kaçırma en iyi ürün şimdi sipariş ver! 9 tane!,1,1_2
"kulaklık rengi beklediğim gibi değil, değişim istedim. 8 gün oldu.",0,0_8
monitör beğenmeyen yok herkes alıyor hemen sen de al! 2 yıldız!,1,1_18
suluk rezalet rezalet para tuzağı sakın satın alma! 4 sıfır puan!,1,1_12
süpürge mükemmel kalite mükemmel fiyat mükemmel satıcı! 4 tane satın al!,1,1_6
termos hakkında olumsuz yazanlara inanmayın kusursuz süper! 7 yıldız!,1,1_14
şarj cihazı efsane fırsat kaçırma en iyi ürün şimdi sipariş ver! 2 tane!,1,1_2
tablet harika harika harika kesinlikle al 10 numara! 9 tane al!,1,1_0
lamba dünyada bir numara kesin memnuniyet mükemmel! 6 tane sipariş ver!,1,1_17
kazak fiyatına göre güzel; kullanım kılavuzu eksik çıktı. 1 gün oldu.,0,0_13
fare fiyatına göre güzel; kullanım kılavuzu eksik çıktı. 5 gün oldu.,0,0_13
"fare gayet güzel, kargolama hızlıydı. 4 gündür kullanıyorum.",0,0_0
klavye piyasadaki en iyi en ucuz kaçırılmaz hemen sipariş! 2 yıldız!,1,1_7
"suluk fotoğraftakiyle aynı, kutu ezilmişti. 2 gün sonra ulaştı.",0,0_4
tencere kötü paketlenmişti; ürün sağlam kaldı. 3 gün sonra teslim aldım.,0,0_19
"tencere siparişim yanlış renk geldi, satıcı değişim yaptı. 2 gün bekledim.",0,0_15
çaydanlık fiyatına göre güzel; kullanım kılavuzu eksik çıktı. 4 gün oldu.,0,0_13
hoparlör harika harika harika kesinlikle al 10 numara! 6 tane al!,1,1_0
masa mükemmel kalite mükemmel fiyat mükemmel satıcı! 10 tane satın al!,1,1_6
"kitap siparişim yanlış renk geldi, satıcı değişim yaptı. 5 gün bekledim.",0,0_15
lamba için rakip yok bütün ürünlerden üstün hemen al! 1 tane sipariş!,1,1_13
fare mükemmel mükemmel herkese tavsiye hemen satın al! 10 yıldız!,1,1_1
telefon dünyada bir numara kesin memnuniyet mükemmel! 5 tane sipariş ver!,1,1_17
"monitör kalitesi orta, indirimde alınabilir. 6 günlük deneyimim bu.",0,0_7
kulaklık mükemmel mükemmel herkese tavsiye hemen satın al! 5 yıldız!,1,1_1
mont için iade süreci sorunsuz ilerledi. Ücret 5 günde yattı.,0,0_14
tablet süper süper fiyat şahane düşünmeden al al al! 10 yıldız!,1,1_3
çaydanlık için iade süreci sorunsuz ilerledi. Ücret 4 günde yattı.,0,0_14
kulaklık hakkında olumsuz yazanlara inanmayın kusursuz süper! 7 yıldız!,1,1_14
"lamba fotoğraftakiyle aynı, kutu ezilmişti. 4 gün sonra ulaştı.",0,0_4
süpürge on numara beş yıldız yüzde yüz garanti kaçırma! 9 tane al!,1,1_15
"tablet kalitesi orta, indirimde alınabilir. 1 günlük deneyimim bu.",0,0_7
suluk fiyatına göre güzel; kullanım kılavuzu eksik çıktı. 9 gün oldu.,0,0_13
"hoparlör uzun kullanımda rahat değil, kısa süre için uygun. 5 gündür bende.",0,0_16
tablet piyasadaki en iyi en ucuz kaçırılmaz hemen sipariş! 9 yıldız!,1,1_7
havlu harika fırsat herkese öneriyorum hemen al pişman olmazsın! 4 yıldız!,1,1_5
suluk mükemmel kalite mükemmel fiyat mükemmel satıcı! 10 tane satın al!,1,1_6
masa mükemmel mükemmel herkese tavsiye hemen satın al! 10 yıldız!,1,1_1
hoparlör rezalet rezalet para tuzağı sakın satın alma! 6 sıfır puan!,1,1_12
tablet efsane fırsat kaçırma en iyi ürün şimdi sipariş ver! 3 tane!,1,1_2
kitap için iade süreci sorunsuz ilerledi. Ücret 7 günde yattı.,0,0_14
havlu şimdi satın al bugün fırsat son fırsat süper süper! 5 tane al!,1,1_19
saat kesinlikle uzak dur herkes başka markayı alsın! 10 kere söylüyorum!,1,1_11
suluk çok hoşuma gitti; özellikle kullanım kolaylığı iyi. 6 gün denedim.,0,0_10
çaydanlık dünyada bir numara kesin memnuniyet mükemmel! 6 tane sipariş ver!,1,1_17
klavye şimdi satın al bugün fırsat son fırsat süper süper! 6 tane al!,1,1_19
"süpürge ilk gün iyiydi, sonra arıza yaptı. 6 gün sonra servise verdim.",0,0_6
ayakkabı beğenmeyen yok herkes alıyor hemen sen de al! 10 yıldız!,1,1_18
şarj cihazı için rakip yok bütün ürünlerden üstün hemen al! 5 tane sipariş!,1,1_13
lamba kötü paketlenmişti; ürün sağlam kaldı. 3 gün sonra teslim aldım.,0,0_19
monitör muhteşem efsane süper ürün herkese tavsiye al! 7 yıldız!,1,1_9
"lamba tam istediğim gibi, tekrar alabilirim. 6 gün önce teslim edildi.",0,0_17
çaydanlık kötü paketlenmişti; ürün sağlam kaldı. 1 gün sonra teslim aldım.,0,0_19
kazak mükemmel kalite mükemmel fiyat mükemmel satıcı! 4 tane satın al!,1,1_6
"masa için satıcıya soru sordum, açıklayıcı cevap verdi. 6 gün kullandım.",0,0_5
ayakkabı çok hoşuma gitti; özellikle kullanım kolaylığı iyi. 1 gün denedim.,0,0_10
saat kötü paketlenmişti; ürün sağlam kaldı. 5 gün sonra teslim aldım.,0,0_19
klavye berbat berbat berbat asla almayın en kötü ürün! 2 sıfır yıldız!,1,1_10
kitap harika görünüyor ama bağlantı noktası gevşek. 8 gündür kullanıyorum.,0,0_11
kamera berbat berbat berbat asla almayın en kötü ürün! 9 sıfır yıldız!,1,1_10
şarj cihazı harika fırsat herkese öneriyorum hemen al pişman olmazsın! 6 yıldız!,1,1_5
havlu kötü paketlenmişti; ürün sağlam kaldı. 9 gün sonra teslim aldım.,0,0_19
çanta için rakip yok bütün ürünlerden üstün hemen al! 6 tane sipariş!,1,1_13
"klavye kullanışlı çıktı, ambalajı özenliydi. 10 gündür sorun yaşamadım.",0,0_9
"ayakkabı fotoğraftakiyle aynı, kutu ezilmişti. 5 gün sonra ulaştı.",0,0_4
termos için rakip yok bütün ürünlerden üstün hemen al! 7 tane sipariş!,1,1_13
çaydanlık hakkında olumsuz yazanlara inanmayın kusursuz süper! 3 yıldız!,1,1_14
havlu muhteşem efsane süper ürün herkese tavsiye al! 4 yıldız!,1,1_9
kulaklık çok hoşuma gitti; özellikle kullanım kolaylığı iyi. 10 gün denedim.,0,0_10
"çanta fotoğraftakiyle aynı, kutu ezilmişti. 6 gün sonra ulaştı.",0,0_4
"telefon uzun kullanımda rahat değil, kısa süre için uygun. 7 gündür bende.",0,0_16
"fare siparişim yanlış renk geldi, satıcı değişim yaptı. 9 gün bekledim.",0,0_15
sandalye efsane fırsat kaçırma en iyi ürün şimdi sipariş ver! 3 tane!,1,1_2
kamera harika harika harika kesinlikle al 10 numara! 4 tane al!,1,1_0
saat beklediğimden küçük geldi ama işimi görüyor. 9 gündür bende.,0,0_2
"monitör uzun kullanımda rahat değil, kısa süre için uygun. 9 gündür bende.",0,0_16
masa inanılmaz kusursuz muhteşem satıcı bir numara! 4 tane al!,1,1_4
mont piyasadaki en iyi en ucuz kaçırılmaz hemen sipariş! 3 yıldız!,1,1_7
"sandalye beklentimi karşıladı, tavsiye ederim. Kargo 8 günde geldi.",0,0_12
"telefon rengi beklediğim gibi değil, değişim istedim. 2 gün oldu.",0,0_8
tablet süper süper fiyat şahane düşünmeden al al al! 6 yıldız!,1,1_3
yastık şimdi satın al bugün fırsat son fırsat süper süper! 4 tane al!,1,1_19
klavye harika görünüyor ama bağlantı noktası gevşek. 4 gündür kullanıyorum.,0,0_11
tencere için olumsuz yorumları okudum ama bende sorun çıkmadı. 3 gün kullandım.,0,0_18
telefon rezalet rezalet para tuzağı sakın satın alma! 4 sıfır puan!,1,1_12
hoparlör beğenmeyen yok herkes alıyor hemen sen de al! 2 yıldız!,1,1_18
hoparlör inanılmaz kusursuz muhteşem satıcı bir numara! 1 tane al!,1,1_4
kulaklık çok hoşuma gitti; özellikle kullanım kolaylığı iyi. 6 gün denedim.,0,0_10
"havlu gayet güzel, kargolama hızlıydı. 8 gündür kullanıyorum.",0,0_0
tencere dünyada bir numara kesin memnuniyet mükemmel! 6 tane sipariş ver!,1,1_17
tablet dünyada bir numara kesin memnuniyet mükemmel! 6 tane sipariş ver!,1,1_17
"çaydanlık beklentimi karşıladı, tavsiye ederim. Kargo 4 günde geldi.",0,0_12
süpürge hayatınız değişecek inanılmaz sonuç hemen satın al! 8 yıldız!,1,1_16
"termos siparişim yanlış renk geldi, satıcı değişim yaptı. 8 gün bekledim.",0,0_15
tencere şimdi satın al bugün fırsat son fırsat süper süper! 1 tane al!,1,1_19
ayakkabı hakkında olumsuz yazanlara inanmayın kusursuz süper! 5 yıldız!,1,1_14
klavye on numara beş yıldız yüzde yüz garanti kaçırma! 6 tane al!,1,1_15
tablet beğenmeyen yok herkes alıyor hemen sen de al! 4 yıldız!,1,1_18
"şarj cihazı gayet güzel, kargolama hızlıydı. 2 gündür kullanıyorum.",0,0_0
tablet dünyada bir numara kesin memnuniyet mükemmel! 3 tane sipariş ver!,1,1_17
kazak dünyada bir numara kesin memnuniyet mükemmel! 9 tane sipariş ver!,1,1_17
monitör süper süper fiyat şahane düşünmeden al al al! 5 yıldız!,1,1_3
çanta on numara beş yıldız yüzde yüz garanti kaçırma! 9 tane al!,1,1_15
monitör harika harika harika kesinlikle al 10 numara! 1 tane al!,1,1_0
"termos siparişim yanlış renk geldi, satıcı değişim yaptı. 10 gün bekledim.",0,0_15
termos mükemmel mükemmel herkese tavsiye hemen satın al! 5 yıldız!,1,1_1
klavye berbat berbat berbat asla almayın en kötü ürün! 1 sıfır yıldız!,1,1_10
"hoparlör malzemesi iyi, fiyatı biraz yüksek. Teslimat 4 gün sürdü.",0,0_3
fare fiyatına göre güzel; kullanım kılavuzu eksik çıktı. 2 gün oldu.,0,0_13
"tablet malzemesi iyi, fiyatı biraz yüksek. Teslimat 2 gün sürdü.",0,0_3
"süpürge siparişim yanlış renk geldi, satıcı değişim yaptı. 2 gün bekledim.",0,0_15
havlu on numara beş yıldız yüzde yüz garanti kaçırma! 10 tane al!,1,1_15
kitap inanılmaz kusursuz muhteşem satıcı bir numara! 6 tane al!,1,1_4
termos on numara beş yıldız yüzde yüz garanti kaçırma! 6 tane al!,1,1_15
termos şimdi satın al bugün fırsat son fırsat süper süper! 7 tane al!,1,1_19
şarj cihazı dünyada bir numara kesin memnuniyet mükemmel! 8 tane sipariş ver!,1,1_17
kitap şimdi satın al bugün fırsat son fırsat süper süper! 1 tane al!,1,1_19
lamba için rakip yok bütün ürünlerden üstün hemen al! 6 tane sipariş!,1,1_13
"mont tam istediğim gibi, tekrar alabilirim. 4 gün önce teslim edildi.",0,0_17
tencere mükemmel kalite mükemmel fiyat mükemmel satıcı! 6 tane satın al!,1,1_6
"tencere paketinde çizik vardı, iade talebi açtım. 10 gün bekledim.",0,0_1
"kulaklık paketinde çizik vardı, iade talebi açtım. 7 gün bekledim.",0,0_1
şarj cihazı beklediğimden küçük geldi ama işimi görüyor. 10 gündür bende.,0,0_2
sandalye rezalet rezalet para tuzağı sakın satın alma! 3 sıfır puan!,1,1_12
"şarj cihazı rengi beklediğim gibi değil, değişim istedim. 2 gün oldu.",0,0_8
kamera harika görünüyor ama bağlantı noktası gevşek. 8 gündür kullanıyorum.,0,0_11
ayakkabı şimdi satın al bugün fırsat son fırsat süper süper! 4 tane al!,1,1_19
"kulaklık kalitesi orta, indirimde alınabilir. 5 günlük deneyimim bu.",0,0_7
klavye kesinlikle uzak dur herkes başka markayı alsın! 7 kere söylüyorum!,1,1_11
mont harika görünüyor ama bağlantı noktası gevşek. 8 gündür kullanıyorum.,0,0_11
sandalye on numara beş yıldız yüzde yüz garanti kaçırma! 6 tane al!,1,1_15
süpürge için rakip yok bütün ürünlerden üstün hemen al! 1 tane sipariş!,1,1_13
ayakkabı dünyada bir numara kesin memnuniyet mükemmel! 10 tane sipariş ver!,1,1_17
ayakkabı kötü paketlenmişti; ürün sağlam kaldı. 3 gün sonra teslim aldım.,0,0_19
şarj cihazı beklediğimden küçük geldi ama işimi görüyor. 4 gündür bende.,0,0_2
lamba hakkında olumsuz yazanlara inanmayın kusursuz süper! 9 yıldız!,1,1_14
masa hakkında olumsuz yazanlara inanmayın kusursuz süper! 10 yıldız!,1,1_14
süpürge beklediğimden küçük geldi ama işimi görüyor. 1 gündür bende.,0,0_2
"saat ilk gün iyiydi, sonra arıza yaptı. 4 gün sonra servise verdim.",0,0_6
"klavye fotoğraftakiyle aynı, kutu ezilmişti. 2 gün sonra ulaştı.",0,0_4
"sandalye fotoğraftakiyle aynı, kutu ezilmişti. 4 gün sonra ulaştı.",0,0_4
"termos malzemesi iyi, fiyatı biraz yüksek. Teslimat 6 gün sürdü.",0,0_3
süpürge hayatınız değişecek inanılmaz sonuç hemen satın al! 4 yıldız!,1,1_16
çanta fiyatına göre güzel; kullanım kılavuzu eksik çıktı. 6 gün oldu.,0,0_13
hoparlör kesinlikle uzak dur herkes başka markayı alsın! 1 kere söylüyorum!,1,1_11
klavye inanılmaz kusursuz muhteşem satıcı bir numara! 7 tane al!,1,1_4
kulaklık berbat berbat berbat asla almayın en kötü ürün! 4 sıfır yıldız!,1,1_10
termos için rakip yok bütün ürünlerden üstün hemen al! 5 tane sipariş!,1,1_13
"yastık tam istediğim gibi, tekrar alabilirim. 5 gün önce teslim edildi.",0,0_17
klavye şimdi satın al bugün fırsat son fırsat süper süper! 7 tane al!,1,1_19
yastık muhteşem efsane süper ürün herkese tavsiye al! 10 yıldız!,1,1_9
"tencere ilk gün iyiydi, sonra arıza yaptı. 7 gün sonra servise verdim.",0,0_6
"masa beklentimi karşıladı, tavsiye ederim. Kargo 2 günde geldi.",0,0_12
masa inanılmaz kusursuz muhteşem satıcı bir numara! 9 tane al!,1,1_4
"havlu malzemesi iyi, fiyatı biraz yüksek. Teslimat 4 gün sürdü.",0,0_3
çanta berbat berbat berbat asla almayın en kötü ürün! 3 sıfır yıldız!,1,1_10
"kamera gayet güzel, kargolama hızlıydı. 4 gündür kullanıyorum.",0,0_0
ayakkabı hayatınız değişecek inanılmaz sonuç hemen satın al! 10 yıldız!,1,1_16
"sandalye kalitesi orta, indirimde alınabilir. 1 günlük deneyimim bu.",0,0_7
monitör mükemmel kalite mükemmel fiyat mükemmel satıcı! 4 tane satın al!,1,1_6
"şarj cihazı fotoğraftakiyle aynı, kutu ezilmişti. 9 gün sonra ulaştı.",0,0_4
"süpürge için satıcıya soru sordum, açıklayıcı cevap verdi. 10 gün kullandım.",0,0_5
fare berbat berbat berbat asla almayın en kötü ürün! 5 sıfır yıldız!,1,1_10
şarj cihazı çok hoşuma gitti; özellikle kullanım kolaylığı iyi. 3 gün denedim.,0,0_10
ayakkabı on numara beş yıldız yüzde yüz garanti kaçırma! 9 tane al!,1,1_15
"süpürge ilk gün iyiydi, sonra arıza yaptı. 3 gün sonra servise verdim.",0,0_6
telefon için rakip yok bütün ürünlerden üstün hemen al! 4 tane sipariş!,1,1_13
"kulaklık için satıcıya soru sordum, açıklayıcı cevap verdi. 7 gün kullandım.",0,0_5
fare için rakip yok bütün ürünlerden üstün hemen al! 9 tane sipariş!,1,1_13
"şarj cihazı ilk gün iyiydi, sonra arıza yaptı. 9 gün sonra servise verdim.",0,0_6
"hoparlör paketinde çizik vardı, iade talebi açtım. 6 gün bekledim.",0,0_1
hoparlör harika harika harika kesinlikle al 10 numara! 5 tane al!,1,1_0
termos şimdi satın al bugün fırsat son fırsat süper süper! 2 tane al!,1,1_19
lamba efsane fırsat kaçırma en iyi ürün şimdi sipariş ver! 8 tane!,1,1_2
"fare siparişim yanlış renk geldi, satıcı değişim yaptı. 10 gün bekledim.",0,0_15
kitap süper süper fiyat şahane düşünmeden al al al! 9 yıldız!,1,1_3
"süpürge gayet güzel, kargolama hızlıydı. 10 gündür kullanıyorum.",0,0_0
havlu için rakip yok bütün ürünlerden üstün hemen al! 7 tane sipariş!,1,1_13
kitap efsane fırsat kaçırma en iyi ürün şimdi sipariş ver! 2 tane!,1,1_2
suluk mükemmel mükemmel herkese tavsiye hemen satın al! 5 yıldız!,1,1_1
"fare tam istediğim gibi, tekrar alabilirim. 9 gün önce teslim edildi.",0,0_17
mont rezalet rezalet para tuzağı sakın satın alma! 3 sıfır puan!,1,1_12
masa için rakip yok bütün ürünlerden üstün hemen al! 8 tane sipariş!,1,1_13
klavye beklediğimden küçük geldi ama işimi görüyor. 7 gündür bende.,0,0_2
"saat fotoğraftakiyle aynı, kutu ezilmişti. 2 gün sonra ulaştı.",0,0_4
telefon rezalet rezalet para tuzağı sakın satın alma! 9 sıfır puan!,1,1_12
yastık rezalet rezalet para tuzağı sakın satın alma! 1 sıfır puan!,1,1_12
termos piyasadaki en iyi en ucuz kaçırılmaz hemen sipariş! 4 yıldız!,1,1_7
kulaklık beğenmeyen yok herkes alıyor hemen sen de al! 8 yıldız!,1,1_18
"saat kullanışlı çıktı, ambalajı özenliydi. 10 gündür sorun yaşamadım.",0,0_9
çaydanlık hakkında olumsuz yazanlara inanmayın kusursuz süper! 1 yıldız!,1,1_14
termos için rakip yok bütün ürünlerden üstün hemen al! 6 tane sipariş!,1,1_13
"havlu gayet güzel, kargolama hızlıydı. 7 gündür kullanıyorum.",0,0_0
hoparlör on numara beş yıldız yüzde yüz garanti kaçırma! 5 tane al!,1,1_15
"termos için satıcıya soru sordum, açıklayıcı cevap verdi. 10 gün kullandım.",0,0_5
telefon fiyatına göre güzel; kullanım kılavuzu eksik çıktı. 8 gün oldu.,0,0_13
tablet şimdi satın al bugün fırsat son fırsat süper süper! 3 tane al!,1,1_19
suluk süper süper fiyat şahane düşünmeden al al al! 2 yıldız!,1,1_3
tablet kötü paketlenmişti; ürün sağlam kaldı. 6 gün sonra teslim aldım.,0,0_19
yastık beğenmeyen yok herkes alıyor hemen sen de al! 4 yıldız!,1,1_18
çaydanlık için rakip yok bütün ürünlerden üstün hemen al! 3 tane sipariş!,1,1_13
yastık dünyada bir numara kesin memnuniyet mükemmel! 6 tane sipariş ver!,1,1_17
suluk harika görünüyor ama bağlantı noktası gevşek. 9 gündür kullanıyorum.,0,0_11
lamba için iade süreci sorunsuz ilerledi. Ücret 8 günde yattı.,0,0_14
masa kötü paketlenmişti; ürün sağlam kaldı. 4 gün sonra teslim aldım.,0,0_19
"monitör rengi beklediğim gibi değil, değişim istedim. 9 gün oldu.",0,0_8
masa beğenmeyen yok herkes alıyor hemen sen de al! 2 yıldız!,1,1_18
tencere piyasadaki en iyi en ucuz kaçırılmaz hemen sipariş! 6 yıldız!,1,1_7
tencere muhteşem efsane süper ürün herkese tavsiye al! 1 yıldız!,1,1_9
suluk mükemmel kalite mükemmel fiyat mükemmel satıcı! 4 tane satın al!,1,1_6
fare mükemmel mükemmel herkese tavsiye hemen satın al! 5 yıldız!,1,1_1
"çaydanlık kalitesi orta, indirimde alınabilir. 1 günlük deneyimim bu.",0,0_7
suluk harika fırsat herkese öneriyorum hemen al pişman olmazsın! 4 yıldız!,1,1_5
çanta için olumsuz yorumları okudum ama bende sorun çıkmadı. 5 gün kullandım.,0,0_18
suluk çok hoşuma gitti; özellikle kullanım kolaylığı iyi. 9 gün denedim.,0,0_10
masa hakkında olumsuz yazanlara inanmayın kusursuz süper! 8 yıldız!,1,1_14
kamera için iade süreci sorunsuz ilerledi. Ücret 9 günde yattı.,0,0_14
"sandalye siparişim yanlış renk geldi, satıcı değişim yaptı. 4 gün bekledim.",0,0_15
hoparlör kesinlikle uzak dur herkes başka markayı alsın! 8 kere söylüyorum!,1,1_11
"saat uzun kullanımda rahat değil, kısa süre için uygun. 4 gündür bende.",0,0_16
süpürge için iade süreci sorunsuz ilerledi. Ücret 1 günde yattı.,0,0_14
lamba inanılmaz kusursuz muhteşem satıcı bir numara! 6 tane al!,1,1_4
ayakkabı için iade süreci sorunsuz ilerledi. Ücret 10 günde yattı.,0,0_14
"ayakkabı kullanışlı çıktı, ambalajı özenliydi. 9 gündür sorun yaşamadım.",0,0_9
"kulaklık beklentimi karşıladı, tavsiye ederim. Kargo 2 günde geldi.",0,0_12
"tencere kalitesi orta, indirimde alınabilir. 7 günlük deneyimim bu.",0,0_7
"tencere rengi beklediğim gibi değil, değişim istedim. 9 gün oldu.",0,0_8
"çanta rengi beklediğim gibi değil, değişim istedim. 4 gün oldu.",0,0_8
monitör on numara beş yıldız yüzde yüz garanti kaçırma! 4 tane al!,1,1_15
"kazak gayet güzel, kargolama hızlıydı. 9 gündür kullanıyorum.",0,0_0
"fare paketinde çizik vardı, iade talebi açtım. 5 gün bekledim.",0,0_1
"ayakkabı uzun kullanımda rahat değil, kısa süre için uygun. 2 gündür bende.",0,0_16
"süpürge uzun kullanımda rahat değil, kısa süre için uygun. 9 gündür bende.",0,0_16
kulaklık piyasadaki en iyi en ucuz kaçırılmaz hemen sipariş! 8 yıldız!,1,1_7
"kitap kalitesi orta, indirimde alınabilir. 9 günlük deneyimim bu.",0,0_7
kitap harika fırsat herkese öneriyorum hemen al pişman olmazsın! 6 yıldız!,1,1_5
"fare kullanışlı çıktı, ambalajı özenliydi. 4 gündür sorun yaşamadım.",0,0_9
"kitap paketinde çizik vardı, iade talebi açtım. 10 gün bekledim.",0,0_1
lamba on numara beş yıldız yüzde yüz garanti kaçırma! 4 tane al!,1,1_15
"havlu fotoğraftakiyle aynı, kutu ezilmişti. 2 gün sonra ulaştı.",0,0_4
termos için rakip yok bütün ürünlerden üstün hemen al! 8 tane sipariş!,1,1_13
fare şahane şahane kesinlikle almalısınız rakipsiz kalite! 5 tane!,1,1_8
suluk efsane fırsat kaçırma en iyi ürün şimdi sipariş ver! 9 tane!,1,1_2
şarj cihazı harika harika harika kesinlikle al 10 numara! 3 tane al!,1,1_0
sandalye beğenmeyen yok herkes alıyor hemen sen de al! 2 yıldız!,1,1_18
monitör on numara beş yıldız yüzde yüz garanti kaçırma! 9 tane al!,1,1_15
"monitör siparişim yanlış renk geldi, satıcı değişim yaptı. 10 gün bekledim.",0,0_15
kitap mükemmel kalite mükemmel fiyat mükemmel satıcı! 7 tane satın al!,1,1_6
sandalye inanılmaz kusursuz muhteşem satıcı bir numara! 4 tane al!,1,1_4
suluk muhteşem efsane süper ürün herkese tavsiye al! 6 yıldız!,1,1_9
"tencere için satıcıya soru sordum, açıklayıcı cevap verdi. 2 gün kullandım.",0,0_5
"monitör rengi beklediğim gibi değil, değişim istedim. 8 gün oldu.",0,0_8
fare harika fırsat herkese öneriyorum hemen al pişman olmazsın! 1 yıldız!,1,1_5
monitör berbat berbat berbat asla almayın en kötü ürün! 5 sıfır yıldız!,1,1_10
monitör inanılmaz kusursuz muhteşem satıcı bir numara! 8 tane al!,1,1_4
"tablet rengi beklediğim gibi değil, değişim istedim. 10 gün oldu.",0,0_8
tablet hayatınız değişecek inanılmaz sonuç hemen satın al! 6 yıldız!,1,1_16
çaydanlık efsane fırsat kaçırma en iyi ürün şimdi sipariş ver! 3 tane!,1,1_2
"monitör uzun kullanımda rahat değil, kısa süre için uygun. 4 gündür bende.",0,0_16
lamba için olumsuz yorumları okudum ama bende sorun çıkmadı. 1 gün kullandım.,0,0_18
"hoparlör uzun kullanımda rahat değil, kısa süre için uygun. 10 gündür bende.",0,0_16
monitör piyasadaki en iyi en ucuz kaçırılmaz hemen sipariş! 1 yıldız!,1,1_7
kulaklık rezalet rezalet para tuzağı sakın satın alma! 4 sıfır puan!,1,1_12
termos harika fırsat herkese öneriyorum hemen al pişman olmazsın! 5 yıldız!,1,1_5
mont mükemmel mükemmel herkese tavsiye hemen satın al! 6 yıldız!,1,1_1
"süpürge kullanışlı çıktı, ambalajı özenliydi. 4 gündür sorun yaşamadım.",0,0_9
tencere inanılmaz kusursuz muhteşem satıcı bir numara! 4 tane al!,1,1_4
"çanta kullanışlı çıktı, ambalajı özenliydi. 7 gündür sorun yaşamadım.",0,0_9
"tencere kullanışlı çıktı, ambalajı özenliydi. 5 gündür sorun yaşamadım.",0,0_9
kulaklık beklediğimden küçük geldi ama işimi görüyor. 2 gündür bende.,0,0_2
kamera on numara beş yıldız yüzde yüz garanti kaçırma! 3 tane al!,1,1_15
havlu efsane fırsat kaçırma en iyi ürün şimdi sipariş ver! 10 tane!,1,1_2
lamba çok hoşuma gitti; özellikle kullanım kolaylığı iyi. 5 gün denedim.,0,0_10
"kulaklık fotoğraftakiyle aynı, kutu ezilmişti. 8 gün sonra ulaştı.",0,0_4
"mont paketinde çizik vardı, iade talebi açtım. 8 gün bekledim.",0,0_1
fare muhteşem efsane süper ürün herkese tavsiye al! 6 yıldız!,1,1_9
çanta hayatınız değişecek inanılmaz sonuç hemen satın al! 4 yıldız!,1,1_16
süpürge hakkında olumsuz yazanlara inanmayın kusursuz süper! 9 yıldız!,1,1_14
"suluk tam istediğim gibi, tekrar alabilirim. 3 gün önce teslim edildi.",0,0_17
kazak efsane fırsat kaçırma en iyi ürün şimdi sipariş ver! 3 tane!,1,1_2
şarj cihazı inanılmaz kusursuz muhteşem satıcı bir numara! 5 tane al!,1,1_4
termos harika görünüyor ama bağlantı noktası gevşek. 6 gündür kullanıyorum.,0,0_11
fare on numara beş yıldız yüzde yüz garanti kaçırma! 9 tane al!,1,1_15
ayakkabı harika görünüyor ama bağlantı noktası gevşek. 7 gündür kullanıyorum.,0,0_11
tablet hayatınız değişecek inanılmaz sonuç hemen satın al! 9 yıldız!,1,1_16
kulaklık beğenmeyen yok herkes alıyor hemen sen de al! 10 yıldız!,1,1_18
tencere süper süper fiyat şahane düşünmeden al al al! 10 yıldız!,1,1_3
sandalye şimdi satın al bugün fırsat son fırsat süper süper! 9 tane al!,1,1_19
fare dünyada bir numara kesin memnuniyet mükemmel! 7 tane sipariş ver!,1,1_17
sandalye hayatınız değişecek inanılmaz sonuç hemen satın al! 1 yıldız!,1,1_16
"yastık tam istediğim gibi, tekrar alabilirim. 2 gün önce teslim edildi.",0,0_17
"tencere tam istediğim gibi, tekrar alabilirim. 10 gün önce teslim edildi.",0,0_17
hoparlör rezalet rezalet para tuzağı sakın satın alma! 8 sıfır puan!,1,1_12
ayakkabı rezalet rezalet para tuzağı sakın satın alma! 7 sıfır puan!,1,1_12
mont inanılmaz kusursuz muhteşem satıcı bir numara! 6 tane al!,1,1_4
"telefon fotoğraftakiyle aynı, kutu ezilmişti. 2 gün sonra ulaştı.",0,0_4
kamera hayatınız değişecek inanılmaz sonuç hemen satın al! 1 yıldız!,1,1_16
şarj cihazı için iade süreci sorunsuz ilerledi. Ücret 1 günde yattı.,0,0_14
"lamba siparişim yanlış renk geldi, satıcı değişim yaptı. 6 gün bekledim.",0,0_15
mont mükemmel kalite mükemmel fiyat mükemmel satıcı! 3 tane satın al!,1,1_6
termos mükemmel kalite mükemmel fiyat mükemmel satıcı! 10 tane satın al!,1,1_6
klavye piyasadaki en iyi en ucuz kaçırılmaz hemen sipariş! 5 yıldız!,1,1_7
"tablet uzun kullanımda rahat değil, kısa süre için uygun. 9 gündür bende.",0,0_16
sandalye çok hoşuma gitti; özellikle kullanım kolaylığı iyi. 7 gün denedim.,0,0_10
"hoparlör fotoğraftakiyle aynı, kutu ezilmişti. 5 gün sonra ulaştı.",0,0_4
şarj cihazı muhteşem efsane süper ürün herkese tavsiye al! 10 yıldız!,1,1_9
masa şahane şahane kesinlikle almalısınız rakipsiz kalite! 3 tane!,1,1_8
kulaklık kötü paketlenmişti; ürün sağlam kaldı. 5 gün sonra teslim aldım.,0,0_19
kazak harika harika harika kesinlikle al 10 numara! 4 tane al!,1,1_0
"termos paketinde çizik vardı, iade talebi açtım. 9 gün bekledim.",0,0_1
"ayakkabı paketinde çizik vardı, iade talebi açtım. 1 gün bekledim.",0,0_1
"şarj cihazı kalitesi orta, indirimde alınabilir. 4 günlük deneyimim bu.",0,0_7
"kitap ilk gün iyiydi, sonra arıza yaptı. 7 gün sonra servise verdim.",0,0_6
suluk için iade süreci sorunsuz ilerledi. Ücret 2 günde yattı.,0,0_14
kazak efsane fırsat kaçırma en iyi ürün şimdi sipariş ver! 9 tane!,1,1_2
lamba mükemmel kalite mükemmel fiyat mükemmel satıcı! 8 tane satın al!,1,1_6
"termos kullanışlı çıktı, ambalajı özenliydi. 6 gündür sorun yaşamadım.",0,0_9
"kazak paketinde çizik vardı, iade talebi açtım. 9 gün bekledim.",0,0_1
monitör mükemmel mükemmel herkese tavsiye hemen satın al! 8 yıldız!,1,1_1
kazak on numara beş yıldız yüzde yüz garanti kaçırma! 2 tane al!,1,1_15
"şarj cihazı tam istediğim gibi, tekrar alabilirim. 7 gün önce teslim edildi.",0,0_17
sandalye berbat berbat berbat asla almayın en kötü ürün! 3 sıfır yıldız!,1,1_10
sandalye dünyada bir numara kesin memnuniyet mükemmel! 9 tane sipariş ver!,1,1_17
"tablet kullanışlı çıktı, ambalajı özenliydi. 5 gündür sorun yaşamadım.",0,0_9
suluk harika görünüyor ama bağlantı noktası gevşek. 5 gündür kullanıyorum.,0,0_11
tablet fiyatına göre güzel; kullanım kılavuzu eksik çıktı. 8 gün oldu.,0,0_13
kazak için olumsuz yorumları okudum ama bende sorun çıkmadı. 2 gün kullandım.,0,0_18
"süpürge fotoğraftakiyle aynı, kutu ezilmişti. 10 gün sonra ulaştı.",0,0_4
"masa kalitesi orta, indirimde alınabilir. 7 günlük deneyimim bu.",0,0_7
hoparlör on numara beş yıldız yüzde yüz garanti kaçırma! 7 tane al!,1,1_15
kazak fiyatına göre güzel; kullanım kılavuzu eksik çıktı. 4 gün oldu.,0,0_13
hoparlör çok hoşuma gitti; özellikle kullanım kolaylığı iyi. 6 gün denedim.,0,0_10
tencere hakkında olumsuz yazanlara inanmayın kusursuz süper! 4 yıldız!,1,1_14
saat beğenmeyen yok herkes alıyor hemen sen de al! 9 yıldız!,1,1_18
mont mükemmel kalite mükemmel fiyat mükemmel satıcı! 2 tane satın al!,1,1_6
saat için iade süreci sorunsuz ilerledi. Ücret 9 günde yattı.,0,0_14
ayakkabı şahane şahane kesinlikle almalısınız rakipsiz kalite! 5 tane!,1,1_8
"kitap paketinde çizik vardı, iade talebi açtım. 5 gün bekledim.",0,0_1
"masa uzun kullanımda rahat değil, kısa süre için uygun. 9 gündür bende.",0,0_16
"sandalye kullanışlı çıktı, ambalajı özenliydi. 1 gündür sorun yaşamadım.",0,0_9
"süpürge fotoğraftakiyle aynı, kutu ezilmişti. 3 gün sonra ulaştı.",0,0_4
havlu inanılmaz kusursuz muhteşem satıcı bir numara! 6 tane al!,1,1_4
kazak şahane şahane kesinlikle almalısınız rakipsiz kalite! 5 tane!,1,1_8
tencere efsane fırsat kaçırma en iyi ürün şimdi sipariş ver! 1 tane!,1,1_2
"fare kalitesi orta, indirimde alınabilir. 6 günlük deneyimim bu.",0,0_7
"tablet için satıcıya soru sordum, açıklayıcı cevap verdi. 3 gün kullandım.",0,0_5
"mont malzemesi iyi, fiyatı biraz yüksek. Teslimat 9 gün sürdü.",0,0_3
çanta efsane fırsat kaçırma en iyi ürün şimdi sipariş ver! 6 tane!,1,1_2
ayakkabı on numara beş yıldız yüzde yüz garanti kaçırma! 5 tane al!,1,1_15
"kulaklık kullanışlı çıktı, ambalajı özenliydi. 10 gündür sorun yaşamadım.",0,0_9
sandalye süper süper fiyat şahane düşünmeden al al al! 4 yıldız!,1,1_3
"fare paketinde çizik vardı, iade talebi açtım. 6 gün bekledim.",0,0_1
monitör beklediğimden küçük geldi ama işimi görüyor. 2 gündür bende.,0,0_2
"termos malzemesi iyi, fiyatı biraz yüksek. Teslimat 7 gün sürdü.",0,0_3
"lamba rengi beklediğim gibi değil, değişim istedim. 7 gün oldu.",0,0_8
kamera harika harika harika kesinlikle al 10 numara! 1 tane al!,1,1_0
"telefon ilk gün iyiydi, sonra arıza yaptı. 9 gün sonra servise verdim.",0,0_6
"lamba beklentimi karşıladı, tavsiye ederim. Kargo 10 günde geldi.",0,0_12
fare için olumsuz yorumları okudum ama bende sorun çıkmadı. 6 gün kullandım.,0,0_18
şarj cihazı şahane şahane kesinlikle almalısınız rakipsiz kalite! 1 tane!,1,1_8
şarj cihazı için iade süreci sorunsuz ilerledi. Ücret 3 günde yattı.,0,0_14
klavye fiyatına göre güzel; kullanım kılavuzu eksik çıktı. 9 gün oldu.,0,0_13
çanta için olumsuz yorumları okudum ama bende sorun çıkmadı. 6 gün kullandım.,0,0_18
kitap kesinlikle uzak dur herkes başka markayı alsın! 6 kere söylüyorum!,1,1_11
kitap inanılmaz kusursuz muhteşem satıcı bir numara! 9 tane al!,1,1_4
şarj cihazı on numara beş yıldız yüzde yüz garanti kaçırma! 3 tane al!,1,1_15
lamba şahane şahane kesinlikle almalısınız rakipsiz kalite! 1 tane!,1,1_8
yastık efsane fırsat kaçırma en iyi ürün şimdi sipariş ver! 4 tane!,1,1_2
kazak harika fırsat herkese öneriyorum hemen al pişman olmazsın! 6 yıldız!,1,1_5
"fare siparişim yanlış renk geldi, satıcı değişim yaptı. 3 gün bekledim.",0,0_15
şarj cihazı berbat berbat berbat asla almayın en kötü ürün! 5 sıfır yıldız!,1,1_10
kazak için iade süreci sorunsuz ilerledi. Ücret 5 günde yattı.,0,0_14
"masa kullanışlı çıktı, ambalajı özenliydi. 1 gündür sorun yaşamadım.",0,0_9
telefon efsane fırsat kaçırma en iyi ürün şimdi sipariş ver! 7 tane!,1,1_2
"şarj cihazı malzemesi iyi, fiyatı biraz yüksek. Teslimat 6 gün sürdü.",0,0_3
telefon harika görünüyor ama bağlantı noktası gevşek. 5 gündür kullanıyorum.,0,0_11
"suluk uzun kullanımda rahat değil, kısa süre için uygun. 9 gündür bende.",0,0_16
"lamba paketinde çizik vardı, iade talebi açtım. 3 gün bekledim.",0,0_1
çaydanlık on numara beş yıldız yüzde yüz garanti kaçırma! 10 tane al!,1,1_15
kamera süper süper fiyat şahane düşünmeden al al al! 5 yıldız!,1,1_3
"kamera kullanışlı çıktı, ambalajı özenliydi. 8 gündür sorun yaşamadım.",0,0_9
monitör için olumsuz yorumları okudum ama bende sorun çıkmadı. 7 gün kullandım.,0,0_18
"mont gayet güzel, kargolama hızlıydı. 5 gündür kullanıyorum.",0,0_0
"yastık kalitesi orta, indirimde alınabilir. 3 günlük deneyimim bu.",0,0_7
tencere için olumsuz yorumları okudum ama bende sorun çıkmadı. 8 gün kullandım.,0,0_18
çaydanlık için iade süreci sorunsuz ilerledi. Ücret 1 günde yattı.,0,0_14
çaydanlık harika görünüyor ama bağlantı noktası gevşek. 2 gündür kullanıyorum.,0,0_11
termos beklediğimden küçük geldi ama işimi görüyor. 1 gündür bende.,0,0_2
sandalye çok hoşuma gitti; özellikle kullanım kolaylığı iyi. 4 gün denedim.,0,0_10
masa harika görünüyor ama bağlantı noktası gevşek. 9 gündür kullanıyorum.,0,0_11
hoparlör şimdi satın al bugün fırsat son fırsat süper süper! 4 tane al!,1,1_19
kitap için rakip yok bütün ürünlerden üstün hemen al! 2 tane sipariş!,1,1_13
kitap beğenmeyen yok herkes alıyor hemen sen de al! 2 yıldız!,1,1_18
klavye dünyada bir numara kesin memnuniyet mükemmel! 8 tane sipariş ver!,1,1_17
fare süper süper fiyat şahane düşünmeden al al al! 2 yıldız!,1,1_3
ayakkabı rezalet rezalet para tuzağı sakın satın alma! 9 sıfır puan!,1,1_12
hoparlör için rakip yok bütün ürünlerden üstün hemen al! 9 tane sipariş!,1,1_13
"çaydanlık malzemesi iyi, fiyatı biraz yüksek. Teslimat 3 gün sürdü.",0,0_3
kulaklık harika görünüyor ama bağlantı noktası gevşek. 4 gündür kullanıyorum.,0,0_11
tablet çok hoşuma gitti; özellikle kullanım kolaylığı iyi. 7 gün denedim.,0,0_10
lamba inanılmaz kusursuz muhteşem satıcı bir numara! 3 tane al!,1,1_4
"termos beklentimi karşıladı, tavsiye ederim. Kargo 9 günde geldi.",0,0_12
fare şahane şahane kesinlikle almalısınız rakipsiz kalite! 2 tane!,1,1_8
tencere şimdi satın al bugün fırsat son fırsat süper süper! 6 tane al!,1,1_19
havlu kesinlikle uzak dur herkes başka markayı alsın! 8 kere söylüyorum!,1,1_11
tablet mükemmel mükemmel herkese tavsiye hemen satın al! 8 yıldız!,1,1_1
monitör beğenmeyen yok herkes alıyor hemen sen de al! 4 yıldız!,1,1_18
"şarj cihazı rengi beklediğim gibi değil, değişim istedim. 3 gün oldu.",0,0_8
"şarj cihazı paketinde çizik vardı, iade talebi açtım. 9 gün bekledim.",0,0_1
"masa için satıcıya soru sordum, açıklayıcı cevap verdi. 4 gün kullandım.",0,0_5
kamera mükemmel mükemmel herkese tavsiye hemen satın al! 6 yıldız!,1,1_1
"termos malzemesi iyi, fiyatı biraz yüksek. Teslimat 3 gün sürdü.",0,0_3
monitör hakkında olumsuz yazanlara inanmayın kusursuz süper! 2 yıldız!,1,1_14
kamera harika harika harika kesinlikle al 10 numara! 8 tane al!,1,1_0
mont harika görünüyor ama bağlantı noktası gevşek. 4 gündür kullanıyorum.,0,0_11
saat inanılmaz kusursuz muhteşem satıcı bir numara! 4 tane al!,1,1_4
çaydanlık muhteşem efsane süper ürün herkese tavsiye al! 7 yıldız!,1,1_9
saat kötü paketlenmişti; ürün sağlam kaldı. 3 gün sonra teslim aldım.,0,0_19
"masa kalitesi orta, indirimde alınabilir. 2 günlük deneyimim bu.",0,0_7
yastık için iade süreci sorunsuz ilerledi. Ücret 8 günde yattı.,0,0_14
kamera harika görünüyor ama bağlantı noktası gevşek. 5 gündür kullanıyorum.,0,0_11
hoparlör dünyada bir numara kesin memnuniyet mükemmel! 10 tane sipariş ver!,1,1_17
çaydanlık muhteşem efsane süper ürün herkese tavsiye al! 1 yıldız!,1,1_9
"süpürge beklentimi karşıladı, tavsiye ederim. Kargo 2 günde geldi.",0,0_12
"hoparlör rengi beklediğim gibi değil, değişim istedim. 6 gün oldu.",0,0_8
masa süper süper fiyat şahane düşünmeden al al al! 6 yıldız!,1,1_3
"tencere tam istediğim gibi, tekrar alabilirim. 1 gün önce teslim edildi.",0,0_17
termos harika harika harika kesinlikle al 10 numara! 8 tane al!,1,1_0
kitap süper süper fiyat şahane düşünmeden al al al! 8 yıldız!,1,1_3
saat kesinlikle uzak dur herkes başka markayı alsın! 8 kere söylüyorum!,1,1_11
mont dünyada bir numara kesin memnuniyet mükemmel! 4 tane sipariş ver!,1,1_17
telefon fiyatına göre güzel; kullanım kılavuzu eksik çıktı. 6 gün oldu.,0,0_13
çanta dünyada bir numara kesin memnuniyet mükemmel! 4 tane sipariş ver!,1,1_17
yastık hakkında olumsuz yazanlara inanmayın kusursuz süper! 4 yıldız!,1,1_14
"saat beklentimi karşıladı, tavsiye ederim. Kargo 2 günde geldi.",0,0_12
"tablet paketinde çizik vardı, iade talebi açtım. 8 gün bekledim.",0,0_1
hoparlör hayatınız değişecek inanılmaz sonuç hemen satın al! 6 yıldız!,1,1_16
çaydanlık beklediğimden küçük geldi ama işimi görüyor. 6 gündür bende.,0,0_2
"fare kalitesi orta, indirimde alınabilir. 7 günlük deneyimim bu.",0,0_7
çanta berbat berbat berbat asla almayın en kötü ürün! 4 sıfır yıldız!,1,1_10
süpürge muhteşem efsane süper ürün herkese tavsiye al! 10 yıldız!,1,1_9
"termos için satıcıya soru sordum, açıklayıcı cevap verdi. 9 gün kullandım.",0,0_5
havlu için rakip yok bütün ürünlerden üstün hemen al! 1 tane sipariş!,1,1_13
"çaydanlık beklentimi karşıladı, tavsiye ederim. Kargo 8 günde geldi.",0,0_12
kitap kötü paketlenmişti; ürün sağlam kaldı. 6 gün sonra teslim aldım.,0,0_19
"kulaklık malzemesi iyi, fiyatı biraz yüksek. Teslimat 6 gün sürdü.",0,0_3
klavye berbat berbat berbat asla almayın en kötü ürün! 7 sıfır yıldız!,1,1_10
çanta harika görünüyor ama bağlantı noktası gevşek. 5 gündür kullanıyorum.,0,0_11
sandalye dünyada bir numara kesin memnuniyet mükemmel! 2 tane sipariş ver!,1,1_17
suluk kötü paketlenmişti; ürün sağlam kaldı. 6 gün sonra teslim aldım.,0,0_19
fare harika görünüyor ama bağlantı noktası gevşek. 2 gündür kullanıyorum.,0,0_11
telefon şahane şahane kesinlikle almalısınız rakipsiz kalite! 2 tane!,1,1_8
"fare beklentimi karşıladı, tavsiye ederim. Kargo 8 günde geldi.",0,0_12
lamba şimdi satın al bugün fırsat son fırsat süper süper! 10 tane al!,1,1_19
"kamera siparişim yanlış renk geldi, satıcı değişim yaptı. 4 gün bekledim.",0,0_15
şarj cihazı beklediğimden küçük geldi ama işimi görüyor. 9 gündür bende.,0,0_2
masa kesinlikle uzak dur herkes başka markayı alsın! 9 kere söylüyorum!,1,1_11
lamba için olumsuz yorumları okudum ama bende sorun çıkmadı. 2 gün kullandım.,0,0_18
"çaydanlık fotoğraftakiyle aynı, kutu ezilmişti. 9 gün sonra ulaştı.",0,0_4
termos beklediğimden küçük geldi ama işimi görüyor. 9 gündür bende.,0,0_2
suluk fiyatına göre güzel; kullanım kılavuzu eksik çıktı. 3 gün oldu.,0,0_13
havlu harika fırsat herkese öneriyorum hemen al pişman olmazsın! 3 yıldız!,1,1_5
mont efsane fırsat kaçırma en iyi ürün şimdi sipariş ver! 9 tane!,1,1_2
"mont tam istediğim gibi, tekrar alabilirim. 6 gün önce teslim edildi.",0,0_17
çanta fiyatına göre güzel; kullanım kılavuzu eksik çıktı. 1 gün oldu.,0,0_13
"havlu gayet güzel, kargolama hızlıydı. 4 gündür kullanıyorum.",0,0_0
şarj cihazı kötü paketlenmişti; ürün sağlam kaldı. 3 gün sonra teslim aldım.,0,0_19
tencere harika harika harika kesinlikle al 10 numara! 9 tane al!,1,1_0
kazak dünyada bir numara kesin memnuniyet mükemmel! 1 tane sipariş ver!,1,1_17
"lamba siparişim yanlış renk geldi, satıcı değişim yaptı. 2 gün bekledim.",0,0_15
"saat fotoğraftakiyle aynı, kutu ezilmişti. 5 gün sonra ulaştı.",0,0_4
hoparlör piyasadaki en iyi en ucuz kaçırılmaz hemen sipariş! 10 yıldız!,1,1_7
"kulaklık için satıcıya soru sordum, açıklayıcı cevap verdi. 6 gün kullandım.",0,0_5
kazak muhteşem efsane süper ürün herkese tavsiye al! 9 yıldız!,1,1_9
yastık dünyada bir numara kesin memnuniyet mükemmel! 1 tane sipariş ver!,1,1_17
ayakkabı muhteşem efsane süper ürün herkese tavsiye al! 8 yıldız!,1,1_9
termos berbat berbat berbat asla almayın en kötü ürün! 7 sıfır yıldız!,1,1_10
mont harika harika harika kesinlikle al 10 numara! 4 tane al!,1,1_0
tencere hayatınız değişecek inanılmaz sonuç hemen satın al! 9 yıldız!,1,1_16
çanta harika görünüyor ama bağlantı noktası gevşek. 9 gündür kullanıyorum.,0,0_11
çanta dünyada bir numara kesin memnuniyet mükemmel! 1 tane sipariş ver!,1,1_17
saat şahane şahane kesinlikle almalısınız rakipsiz kalite! 2 tane!,1,1_8
termos şimdi satın al bugün fırsat son fırsat süper süper! 9 tane al!,1,1_19
tablet dünyada bir numara kesin memnuniyet mükemmel! 1 tane sipariş ver!,1,1_17
"kulaklık paketinde çizik vardı, iade talebi açtım. 8 gün bekledim.",0,0_1
"çanta malzemesi iyi, fiyatı biraz yüksek. Teslimat 5 gün sürdü.",0,0_3
kazak için rakip yok bütün ürünlerden üstün hemen al! 4 tane sipariş!,1,1_13
tablet hakkında olumsuz yazanlara inanmayın kusursuz süper! 4 yıldız!,1,1_14
çaydanlık piyasadaki en iyi en ucuz kaçırılmaz hemen sipariş! 5 yıldız!,1,1_7
kazak kötü paketlenmişti; ürün sağlam kaldı. 7 gün sonra teslim aldım.,0,0_19
fare için iade süreci sorunsuz ilerledi. Ücret 8 günde yattı.,0,0_14
tencere mükemmel kalite mükemmel fiyat mükemmel satıcı! 5 tane satın al!,1,1_6
kitap beklediğimden küçük geldi ama işimi görüyor. 1 gündür bende.,0,0_2
telefon kötü paketlenmişti; ürün sağlam kaldı. 5 gün sonra teslim aldım.,0,0_19
yastık beğenmeyen yok herkes alıyor hemen sen de al! 3 yıldız!,1,1_18
telefon beğenmeyen yok herkes alıyor hemen sen de al! 9 yıldız!,1,1_18
"çanta beklentimi karşıladı, tavsiye ederim. Kargo 8 günde geldi.",0,0_12
"fare malzemesi iyi, fiyatı biraz yüksek. Teslimat 7 gün sürdü.",0,0_3
fare hakkında olumsuz yazanlara inanmayın kusursuz süper! 9 yıldız!,1,1_14
süpürge harika fırsat herkese öneriyorum hemen al pişman olmazsın! 3 yıldız!,1,1_5
"telefon siparişim yanlış renk geldi, satıcı değişim yaptı. 4 gün bekledim.",0,0_15
mont rezalet rezalet para tuzağı sakın satın alma! 5 sıfır puan!,1,1_12
"şarj cihazı siparişim yanlış renk geldi, satıcı değişim yaptı. 1 gün bekledim.",0,0_15
yastık kötü paketlenmişti; ürün sağlam kaldı. 7 gün sonra teslim aldım.,0,0_19
"masa beklentimi karşıladı, tavsiye ederim. Kargo 1 günde geldi.",0,0_12
"saat paketinde çizik vardı, iade talebi açtım. 6 gün bekledim.",0,0_1
ayakkabı harika görünüyor ama bağlantı noktası gevşek. 5 gündür kullanıyorum.,0,0_11
saat fiyatına göre güzel; kullanım kılavuzu eksik çıktı. 10 gün oldu.,0,0_13
kamera inanılmaz kusursuz muhteşem satıcı bir numara! 6 tane al!,1,1_4
"klavye paketinde çizik vardı, iade talebi açtım. 9 gün bekledim.",0,0_1
"kazak paketinde çizik vardı, iade talebi açtım. 8 gün bekledim.",0,0_1
kazak için iade süreci sorunsuz ilerledi. Ücret 2 günde yattı.,0,0_14
hoparlör şimdi satın al bugün fırsat son fırsat süper süper! 8 tane al!,1,1_19
"telefon paketinde çizik vardı, iade talebi açtım. 9 gün bekledim.",0,0_1
monitör kötü paketlenmişti; ürün sağlam kaldı. 10 gün sonra teslim aldım.,0,0_19
mont kesinlikle uzak dur herkes başka markayı alsın! 5 kere söylüyorum!,1,1_11
tablet için olumsuz yorumları okudum ama bende sorun çıkmadı. 8 gün kullandım.,0,0_18
çaydanlık muhteşem efsane süper ürün herkese tavsiye al! 10 yıldız!,1,1_9
masa hakkında olumsuz yazanlara inanmayın kusursuz süper! 5 yıldız!,1,1_14
"hoparlör siparişim yanlış renk geldi, satıcı değişim yaptı. 5 gün bekledim.",0,0_15
masa için olumsuz yorumları okudum ama bende sorun çıkmadı. 2 gün kullandım.,0,0_18
şarj cihazı mükemmel mükemmel herkese tavsiye hemen satın al! 8 yıldız!,1,1_1
"termos siparişim yanlış renk geldi, satıcı değişim yaptı. 5 gün bekledim.",0,0_15
"çaydanlık için satıcıya soru sordum, açıklayıcı cevap verdi. 5 gün kullandım.",0,0_5
kulaklık on numara beş yıldız yüzde yüz garanti kaçırma! 7 tane al!,1,1_15
saat hakkında olumsuz yazanlara inanmayın kusursuz süper! 5 yıldız!,1,1_14
çaydanlık muhteşem efsane süper ürün herkese tavsiye al! 5 yıldız!,1,1_9
çaydanlık efsane fırsat kaçırma en iyi ürün şimdi sipariş ver! 6 tane!,1,1_2
havlu için olumsuz yorumları okudum ama bende sorun çıkmadı. 7 gün kullandım.,0,0_18
"saat rengi beklediğim gibi değil, değişim istedim. 3 gün oldu.",0,0_8
"monitör fotoğraftakiyle aynı, kutu ezilmişti. 6 gün sonra ulaştı.",0,0_4
"havlu için satıcıya soru sordum, açıklayıcı cevap verdi. 5 gün kullandım.",0,0_5
masa beğenmeyen yok herkes alıyor hemen sen de al! 5 yıldız!,1,1_18
saat için iade süreci sorunsuz ilerledi. Ücret 10 günde yattı.,0,0_14
süpürge mükemmel mükemmel herkese tavsiye hemen satın al! 5 yıldız!,1,1_1
kazak on numara beş yıldız yüzde yüz garanti kaçırma! 3 tane al!,1,1_15
suluk dünyada bir numara kesin memnuniyet mükemmel! 3 tane sipariş ver!,1,1_17
fare fiyatına göre güzel; kullanım kılavuzu eksik çıktı. 9 gün oldu.,0,0_13
mont efsane fırsat kaçırma en iyi ürün şimdi sipariş ver! 10 tane!,1,1_2
tablet mükemmel mükemmel herkese tavsiye hemen satın al! 7 yıldız!,1,1_1
lamba efsane fırsat kaçırma en iyi ürün şimdi sipariş ver! 7 tane!,1,1_2
sandalye dünyada bir numara kesin memnuniyet mükemmel! 1 tane sipariş ver!,1,1_17
saat süper süper fiyat şahane düşünmeden al al al! 6 yıldız!,1,1_3
yastık mükemmel mükemmel herkese tavsiye hemen satın al! 6 yıldız!,1,1_1
monitör piyasadaki en iyi en ucuz kaçırılmaz hemen sipariş! 10 yıldız!,1,1_7
"çaydanlık gayet güzel, kargolama hızlıydı. 8 gündür kullanıyorum.",0,0_0
"çanta kullanışlı çıktı, ambalajı özenliydi. 3 gündür sorun yaşamadım.",0,0_9
havlu harika fırsat herkese öneriyorum hemen al pişman olmazsın! 8 yıldız!,1,1_5
"saat ilk gün iyiydi, sonra arıza yaptı. 9 gün sonra servise verdim.",0,0_6
fare için iade süreci sorunsuz ilerledi. Ücret 7 günde yattı.,0,0_14
çanta için iade süreci sorunsuz ilerledi. Ücret 6 günde yattı.,0,0_14
"tablet için satıcıya soru sordum, açıklayıcı cevap verdi. 1 gün kullandım.",0,0_5
masa rezalet rezalet para tuzağı sakın satın alma! 3 sıfır puan!,1,1_12
lamba şahane şahane kesinlikle almalısınız rakipsiz kalite! 2 tane!,1,1_8
telefon muhteşem efsane süper ürün herkese tavsiye al! 7 yıldız!,1,1_9
tablet için rakip yok bütün ürünlerden üstün hemen al! 10 tane sipariş!,1,1_13
mont harika harika harika kesinlikle al 10 numara! 1 tane al!,1,1_0
klavye efsane fırsat kaçırma en iyi ürün şimdi sipariş ver! 2 tane!,1,1_2
"tablet ilk gün iyiydi, sonra arıza yaptı. 5 gün sonra servise verdim.",0,0_6
monitör muhteşem efsane süper ürün herkese tavsiye al! 6 yıldız!,1,1_9
yastık hakkında olumsuz yazanlara inanmayın kusursuz süper! 2 yıldız!,1,1_14
"havlu tam istediğim gibi, tekrar alabilirim. 3 gün önce teslim edildi.",0,0_17
"mont için satıcıya soru sordum, açıklayıcı cevap verdi. 4 gün kullandım.",0,0_5
"klavye ilk gün iyiydi, sonra arıza yaptı. 7 gün sonra servise verdim.",0,0_6
telefon harika fırsat herkese öneriyorum hemen al pişman olmazsın! 4 yıldız!,1,1_5
sandalye süper süper fiyat şahane düşünmeden al al al! 7 yıldız!,1,1_3
havlu efsane fırsat kaçırma en iyi ürün şimdi sipariş ver! 8 tane!,1,1_2
"telefon ilk gün iyiydi, sonra arıza yaptı. 8 gün sonra servise verdim.",0,0_6
kamera için rakip yok bütün ürünlerden üstün hemen al! 6 tane sipariş!,1,1_13
tencere kesinlikle uzak dur herkes başka markayı alsın! 6 kere söylüyorum!,1,1_11
kitap için iade süreci sorunsuz ilerledi. Ücret 2 günde yattı.,0,0_14
monitör piyasadaki en iyi en ucuz kaçırılmaz hemen sipariş! 6 yıldız!,1,1_7
"ayakkabı kullanışlı çıktı, ambalajı özenliydi. 10 gündür sorun yaşamadım.",0,0_9
masa için iade süreci sorunsuz ilerledi. Ücret 1 günde yattı.,0,0_14
kitap hakkında olumsuz yazanlara inanmayın kusursuz süper! 8 yıldız!,1,1_14
süpürge mükemmel mükemmel herkese tavsiye hemen satın al! 1 yıldız!,1,1_1
monitör için iade süreci sorunsuz ilerledi. Ücret 5 günde yattı.,0,0_14
çaydanlık hakkında olumsuz yazanlara inanmayın kusursuz süper! 8 yıldız!,1,1_14
termos harika fırsat herkese öneriyorum hemen al pişman olmazsın! 9 yıldız!,1,1_5
termos muhteşem efsane süper ürün herkese tavsiye al! 9 yıldız!,1,1_9
"mont kullanışlı çıktı, ambalajı özenliydi. 4 gündür sorun yaşamadım.",0,0_9
çaydanlık piyasadaki en iyi en ucuz kaçırılmaz hemen sipariş! 4 yıldız!,1,1_7
çanta için iade süreci sorunsuz ilerledi. Ücret 1 günde yattı.,0,0_14
masa mükemmel kalite mükemmel fiyat mükemmel satıcı! 1 tane satın al!,1,1_6
klavye piyasadaki en iyi en ucuz kaçırılmaz hemen sipariş! 3 yıldız!,1,1_7
havlu muhteşem efsane süper ürün herkese tavsiye al! 2 yıldız!,1,1_9
kitap fiyatına göre güzel; kullanım kılavuzu eksik çıktı. 10 gün oldu.,0,0_13
havlu mükemmel kalite mükemmel fiyat mükemmel satıcı! 7 tane satın al!,1,1_6
tencere piyasadaki en iyi en ucuz kaçırılmaz hemen sipariş! 1 yıldız!,1,1_7
"çanta rengi beklediğim gibi değil, değişim istedim. 9 gün oldu.",0,0_8
mont için rakip yok bütün ürünlerden üstün hemen al! 1 tane sipariş!,1,1_13
şarj cihazı berbat berbat berbat asla almayın en kötü ürün! 8 sıfır yıldız!,1,1_10
"masa kalitesi orta, indirimde alınabilir. 4 günlük deneyimim bu.",0,0_7
ayakkabı inanılmaz kusursuz muhteşem satıcı bir numara! 10 tane al!,1,1_4
havlu efsane fırsat kaçırma en iyi ürün şimdi sipariş ver! 7 tane!,1,1_2
fare muhteşem efsane süper ürün herkese tavsiye al! 10 yıldız!,1,1_9
"monitör tam istediğim gibi, tekrar alabilirim. 7 gün önce teslim edildi.",0,0_17
"saat rengi beklediğim gibi değil, değişim istedim. 6 gün oldu.",0,0_8
klavye hakkında olumsuz yazanlara inanmayın kusursuz süper! 5 yıldız!,1,1_14
fare efsane fırsat kaçırma en iyi ürün şimdi sipariş ver! 4 tane!,1,1_2
hoparlör muhteşem efsane süper ürün herkese tavsiye al! 1 yıldız!,1,1_9
çaydanlık muhteşem efsane süper ürün herkese tavsiye al! 2 yıldız!,1,1_9
monitör mükemmel kalite mükemmel fiyat mükemmel satıcı! 8 tane satın al!,1,1_6
hoparlör inanılmaz kusursuz muhteşem satıcı bir numara! 2 tane al!,1,1_4
"çaydanlık malzemesi iyi, fiyatı biraz yüksek. Teslimat 1 gün sürdü.",0,0_3
"lamba siparişim yanlış renk geldi, satıcı değişim yaptı. 8 gün bekledim.",0,0_15
mont efsane fırsat kaçırma en iyi ürün şimdi sipariş ver! 3 tane!,1,1_2
"telefon fotoğraftakiyle aynı, kutu ezilmişti. 6 gün sonra ulaştı.",0,0_4
çaydanlık için olumsuz yorumları okudum ama bende sorun çıkmadı. 6 gün kullandım.,0,0_18
termos beğenmeyen yok herkes alıyor hemen sen de al! 10 yıldız!,1,1_18
havlu kötü paketlenmişti; ürün sağlam kaldı. 8 gün sonra teslim aldım.,0,0_19
ayakkabı dünyada bir numara kesin memnuniyet mükemmel! 2 tane sipariş ver!,1,1_17
monitör berbat berbat berbat asla almayın en kötü ürün! 8 sıfır yıldız!,1,1_10
termos muhteşem efsane süper ürün herkese tavsiye al! 2 yıldız!,1,1_9
"hoparlör malzemesi iyi, fiyatı biraz yüksek. Teslimat 7 gün sürdü.",0,0_3
masa muhteşem efsane süper ürün herkese tavsiye al! 7 yıldız!,1,1_9
"hoparlör rengi beklediğim gibi değil, değişim istedim. 8 gün oldu.",0,0_8
"yastık ilk gün iyiydi, sonra arıza yaptı. 7 gün sonra servise verdim.",0,0_6
"kazak paketinde çizik vardı, iade talebi açtım. 5 gün bekledim.",0,0_1
"havlu malzemesi iyi, fiyatı biraz yüksek. Teslimat 1 gün sürdü.",0,0_3
yastık piyasadaki en iyi en ucuz kaçırılmaz hemen sipariş! 9 yıldız!,1,1_7
"klavye tam istediğim gibi, tekrar alabilirim. 9 gün önce teslim edildi.",0,0_17
kulaklık için rakip yok bütün ürünlerden üstün hemen al! 7 tane sipariş!,1,1_13
şarj cihazı hayatınız değişecek inanılmaz sonuç hemen satın al! 7 yıldız!,1,1_16
masa kötü paketlenmişti; ürün sağlam kaldı. 10 gün sonra teslim aldım.,0,0_19
"süpürge beklentimi karşıladı, tavsiye ederim. Kargo 9 günde geldi.",0,0_12
hoparlör hayatınız değişecek inanılmaz sonuç hemen satın al! 4 yıldız!,1,1_16
kitap fiyatına göre güzel; kullanım kılavuzu eksik çıktı. 9 gün oldu.,0,0_13
"kulaklık uzun kullanımda rahat değil, kısa süre için uygun. 8 gündür bende.",0,0_16
çanta için rakip yok bütün ürünlerden üstün hemen al! 5 tane sipariş!,1,1_13
lamba beklediğimden küçük geldi ama işimi görüyor. 10 gündür bende.,0,0_2
sandalye mükemmel mükemmel herkese tavsiye hemen satın al! 3 yıldız!,1,1_1
"tablet gayet güzel, kargolama hızlıydı. 5 gündür kullanıyorum.",0,0_0
"hoparlör gayet güzel, kargolama hızlıydı. 2 gündür kullanıyorum.",0,0_0
lamba piyasadaki en iyi en ucuz kaçırılmaz hemen sipariş! 2 yıldız!,1,1_7
fare harika fırsat herkese öneriyorum hemen al pişman olmazsın! 2 yıldız!,1,1_5
ayakkabı için iade süreci sorunsuz ilerledi. Ücret 7 günde yattı.,0,0_14
lamba şimdi satın al bugün fırsat son fırsat süper süper! 1 tane al!,1,1_19
telefon muhteşem efsane süper ürün herkese tavsiye al! 6 yıldız!,1,1_9
"kitap malzemesi iyi, fiyatı biraz yüksek. Teslimat 6 gün sürdü.",0,0_3
süpürge inanılmaz kusursuz muhteşem satıcı bir numara! 9 tane al!,1,1_4
kamera kötü paketlenmişti; ürün sağlam kaldı. 2 gün sonra teslim aldım.,0,0_19
"çanta ilk gün iyiydi, sonra arıza yaptı. 10 gün sonra servise verdim.",0,0_6
tencere dünyada bir numara kesin memnuniyet mükemmel! 7 tane sipariş ver!,1,1_17
saat mükemmel mükemmel herkese tavsiye hemen satın al! 2 yıldız!,1,1_1
çanta mükemmel kalite mükemmel fiyat mükemmel satıcı! 7 tane satın al!,1,1_6
masa kesinlikle uzak dur herkes başka markayı alsın! 10 kere söylüyorum!,1,1_11
monitör beklediğimden küçük geldi ama işimi görüyor. 4 gündür bende.,0,0_2
sandalye on numara beş yıldız yüzde yüz garanti kaçırma! 3 tane al!,1,1_15
çaydanlık harika harika harika kesinlikle al 10 numara! 6 tane al!,1,1_0
tencere dünyada bir numara kesin memnuniyet mükemmel! 2 tane sipariş ver!,1,1_17
havlu harika harika harika kesinlikle al 10 numara! 6 tane al!,1,1_0
havlu piyasadaki en iyi en ucuz kaçırılmaz hemen sipariş! 7 yıldız!,1,1_7
"çaydanlık kullanışlı çıktı, ambalajı özenliydi. 4 gündür sorun yaşamadım.",0,0_9
"süpürge uzun kullanımda rahat değil, kısa süre için uygun. 6 gündür bende.",0,0_16
klavye kötü paketlenmişti; ürün sağlam kaldı. 7 gün sonra teslim aldım.,0,0_19
"yastık ilk gün iyiydi, sonra arıza yaptı. 10 gün sonra servise verdim.",0,0_6
fare berbat berbat berbat asla almayın en kötü ürün! 1 sıfır yıldız!,1,1_10
çaydanlık şahane şahane kesinlikle almalısınız rakipsiz kalite! 7 tane!,1,1_8
monitör hayatınız değişecek inanılmaz sonuç hemen satın al! 2 yıldız!,1,1_16
"saat kullanışlı çıktı, ambalajı özenliydi. 1 gündür sorun yaşamadım.",0,0_9
"süpürge paketinde çizik vardı, iade talebi açtım. 2 gün bekledim.",0,0_1
mont piyasadaki en iyi en ucuz kaçırılmaz hemen sipariş! 4 yıldız!,1,1_7
masa için olumsuz yorumları okudum ama bende sorun çıkmadı. 4 gün kullandım.,0,0_18
çaydanlık için rakip yok bütün ürünlerden üstün hemen al! 7 tane sipariş!,1,1_13
"masa ilk gün iyiydi, sonra arıza yaptı. 7 gün sonra servise verdim.",0,0_6
kitap hakkında olumsuz yazanlara inanmayın kusursuz süper! 5 yıldız!,1,1_14
telefon efsane fırsat kaçırma en iyi ürün şimdi sipariş ver! 1 tane!,1,1_2
lamba harika görünüyor ama bağlantı noktası gevşek. 7 gündür kullanıyorum.,0,0_11
termos harika görünüyor ama bağlantı noktası gevşek. 5 gündür kullanıyorum.,0,0_11
hoparlör çok hoşuma gitti; özellikle kullanım kolaylığı iyi. 8 gün denedim.,0,0_10
"kazak rengi beklediğim gibi değil, değişim istedim. 10 gün oldu.",0,0_8
mont için iade süreci sorunsuz ilerledi. Ücret 8 günde yattı.,0,0_14
fare beğenmeyen yok herkes alıyor hemen sen de al! 1 yıldız!,1,1_18
çanta için iade süreci sorunsuz ilerledi. Ücret 4 günde yattı.,0,0_14
sandalye beklediğimden küçük geldi ama işimi görüyor. 1 gündür bende.,0,0_2
şarj cihazı şahane şahane kesinlikle almalısınız rakipsiz kalite! 9 tane!,1,1_8
"masa gayet güzel, kargolama hızlıydı. 5 gündür kullanıyorum.",0,0_0
"tencere paketinde çizik vardı, iade talebi açtım. 8 gün bekledim.",0,0_1
"tencere gayet güzel, kargolama hızlıydı. 8 gündür kullanıyorum.",0,0_0
tencere harika görünüyor ama bağlantı noktası gevşek. 7 gündür kullanıyorum.,0,0_11
kamera şimdi satın al bugün fırsat son fırsat süper süper! 5 tane al!,1,1_19
tencere için rakip yok bütün ürünlerden üstün hemen al! 6 tane sipariş!,1,1_13
klavye için rakip yok bütün ürünlerden üstün hemen al! 7 tane sipariş!,1,1_13
tencere dünyada bir numara kesin memnuniyet mükemmel! 5 tane sipariş ver!,1,1_17
"çaydanlık fotoğraftakiyle aynı, kutu ezilmişti. 8 gün sonra ulaştı.",0,0_4
kazak beğenmeyen yok herkes alıyor hemen sen de al! 2 yıldız!,1,1_18
hoparlör şahane şahane kesinlikle almalısınız rakipsiz kalite! 3 tane!,1,1_8
"tencere gayet güzel, kargolama hızlıydı. 7 gündür kullanıyorum.",0,0_0
fare fiyatına göre güzel; kullanım kılavuzu eksik çıktı. 3 gün oldu.,0,0_13
mont kötü paketlenmişti; ürün sağlam kaldı. 8 gün sonra teslim aldım.,0,0_19
masa dünyada bir numara kesin memnuniyet mükemmel! 5 tane sipariş ver!,1,1_17
"kitap uzun kullanımda rahat değil, kısa süre için uygun. 3 gündür bende.",0,0_16
hoparlör harika görünüyor ama bağlantı noktası gevşek. 8 gündür kullanıyorum.,0,0_11
süpürge için rakip yok bütün ürünlerden üstün hemen al! 4 tane sipariş!,1,1_13
yastık rezalet rezalet para tuzağı sakın satın alma! 3 sıfır puan!,1,1_12
saat harika görünüyor ama bağlantı noktası gevşek. 4 gündür kullanıyorum.,0,0_11
lamba çok hoşuma gitti; özellikle kullanım kolaylığı iyi. 4 gün denedim.,0,0_10
hoparlör şahane şahane kesinlikle almalısınız rakipsiz kalite! 4 tane!,1,1_8
tencere muhteşem efsane süper ürün herkese tavsiye al! 3 yıldız!,1,1_9
tencere inanılmaz kusursuz muhteşem satıcı bir numara! 7 tane al!,1,1_4
klavye için olumsuz yorumları okudum ama bende sorun çıkmadı. 1 gün kullandım.,0,0_18
"masa rengi beklediğim gibi değil, değişim istedim. 1 gün oldu.",0,0_8
"kamera için satıcıya soru sordum, açıklayıcı cevap verdi. 3 gün kullandım.",0,0_5
"suluk paketinde çizik vardı, iade talebi açtım. 2 gün bekledim.",0,0_1
sandalye piyasadaki en iyi en ucuz kaçırılmaz hemen sipariş! 1 yıldız!,1,1_7
süpürge berbat berbat berbat asla almayın en kötü ürün! 7 sıfır yıldız!,1,1_10
monitör harika harika harika kesinlikle al 10 numara! 3 tane al!,1,1_0
kitap harika harika harika kesinlikle al 10 numara! 3 tane al!,1,1_0
kamera mükemmel kalite mükemmel fiyat mükemmel satıcı! 3 tane satın al!,1,1_6
mont hayatınız değişecek inanılmaz sonuç hemen satın al! 7 yıldız!,1,1_16
ayakkabı hayatınız değişecek inanılmaz sonuç hemen satın al! 3 yıldız!,1,1_16
yastık mükemmel mükemmel herkese tavsiye hemen satın al! 8 yıldız!,1,1_1
kamera inanılmaz kusursuz muhteşem satıcı bir numara! 1 tane al!,1,1_4
kamera harika fırsat herkese öneriyorum hemen al pişman olmazsın! 1 yıldız!,1,1_5
"sandalye uzun kullanımda rahat değil, kısa süre için uygun. 9 gündür bende.",0,0_16
lamba mükemmel mükemmel herkese tavsiye hemen satın al! 7 yıldız!,1,1_1
telefon çok hoşuma gitti; özellikle kullanım kolaylığı iyi. 1 gün denedim.,0,0_10
masa beklediğimden küçük geldi ama işimi görüyor. 5 gündür bende.,0,0_2
"sandalye malzemesi iyi, fiyatı biraz yüksek. Teslimat 10 gün sürdü.",0,0_3
"yastık ilk gün iyiydi, sonra arıza yaptı. 8 gün sonra servise verdim.",0,0_6
monitör dünyada bir numara kesin memnuniyet mükemmel! 2 tane sipariş ver!,1,1_17
termos çok hoşuma gitti; özellikle kullanım kolaylığı iyi. 3 gün denedim.,0,0_10
ayakkabı şahane şahane kesinlikle almalısınız rakipsiz kalite! 9 tane!,1,1_8
"lamba beklentimi karşıladı, tavsiye ederim. Kargo 1 günde geldi.",0,0_12
"monitör malzemesi iyi, fiyatı biraz yüksek. Teslimat 5 gün sürdü.",0,0_3
yastık çok hoşuma gitti; özellikle kullanım kolaylığı iyi. 1 gün denedim.,0,0_10
"monitör siparişim yanlış renk geldi, satıcı değişim yaptı. 3 gün bekledim.",0,0_15
"süpürge ilk gün iyiydi, sonra arıza yaptı. 5 gün sonra servise verdim.",0,0_6
"çaydanlık fotoğraftakiyle aynı, kutu ezilmişti. 3 gün sonra ulaştı.",0,0_4
suluk on numara beş yıldız yüzde yüz garanti kaçırma! 6 tane al!,1,1_15
fare şahane şahane kesinlikle almalısınız rakipsiz kalite! 10 tane!,1,1_8
"çanta gayet güzel, kargolama hızlıydı. 10 gündür kullanıyorum.",0,0_0
çanta kötü paketlenmişti; ürün sağlam kaldı. 10 gün sonra teslim aldım.,0,0_19
hoparlör inanılmaz kusursuz muhteşem satıcı bir numara! 10 tane al!,1,1_4
"tablet kalitesi orta, indirimde alınabilir. 5 günlük deneyimim bu.",0,0_7
monitör muhteşem efsane süper ürün herkese tavsiye al! 8 yıldız!,1,1_9
sandalye hakkında olumsuz yazanlara inanmayın kusursuz süper! 2 yıldız!,1,1_14
havlu için olumsuz yorumları okudum ama bende sorun çıkmadı. 9 gün kullandım.,0,0_18
tablet şimdi satın al bugün fırsat son fırsat süper süper! 9 tane al!,1,1_19
yastık on numara beş yıldız yüzde yüz garanti kaçırma! 5 tane al!,1,1_15
"sandalye siparişim yanlış renk geldi, satıcı değişim yaptı. 7 gün bekledim.",0,0_15
telefon süper süper fiyat şahane düşünmeden al al al! 10 yıldız!,1,1_3
"tablet malzemesi iyi, fiyatı biraz yüksek. Teslimat 8 gün sürdü.",0,0_3
hoparlör şimdi satın al bugün fırsat son fırsat süper süper! 7 tane al!,1,1_19
hoparlör harika fırsat herkese öneriyorum hemen al pişman olmazsın! 6 yıldız!,1,1_5
mont harika fırsat herkese öneriyorum hemen al pişman olmazsın! 10 yıldız!,1,1_5
"telefon ilk gün iyiydi, sonra arıza yaptı. 6 gün sonra servise verdim.",0,0_6
kazak inanılmaz kusursuz muhteşem satıcı bir numara! 4 tane al!,1,1_4
"sandalye tam istediğim gibi, tekrar alabilirim. 5 gün önce teslim edildi.",0,0_17
kamera mükemmel kalite mükemmel fiyat mükemmel satıcı! 5 tane satın al!,1,1_6
kulaklık için iade süreci sorunsuz ilerledi. Ücret 1 günde yattı.,0,0_14
tablet mükemmel mükemmel herkese tavsiye hemen satın al! 9 yıldız!,1,1_1
saat süper süper fiyat şahane düşünmeden al al al! 5 yıldız!,1,1_3
sandalye için rakip yok bütün ürünlerden üstün hemen al! 6 tane sipariş!,1,1_13
kitap harika görünüyor ama bağlantı noktası gevşek. 4 gündür kullanıyorum.,0,0_11
kazak rezalet rezalet para tuzağı sakın satın alma! 8 sıfır puan!,1,1_12
suluk mükemmel kalite mükemmel fiyat mükemmel satıcı! 8 tane satın al!,1,1_6
termos hayatınız değişecek inanılmaz sonuç hemen satın al! 9 yıldız!,1,1_16
çanta harika görünüyor ama bağlantı noktası gevşek. 1 gündür kullanıyorum.,0,0_11
ayakkabı kesinlikle uzak dur herkes başka markayı alsın! 7 kere söylüyorum!,1,1_11
sandalye için iade süreci sorunsuz ilerledi. Ücret 4 günde yattı.,0,0_14
"tablet paketinde çizik vardı, iade talebi açtım. 5 gün bekledim.",0,0_1
"klavye için satıcıya soru sordum, açıklayıcı cevap verdi. 9 gün kullandım.",0,0_5
kulaklık hayatınız değişecek inanılmaz sonuç hemen satın al! 3 yıldız!,1,1_16
saat kötü paketlenmişti; ürün sağlam kaldı. 1 gün sonra teslim aldım.,0,0_19
sandalye piyasadaki en iyi en ucuz kaçırılmaz hemen sipariş! 5 yıldız!,1,1_7
mont dünyada bir numara kesin memnuniyet mükemmel! 6 tane sipariş ver!,1,1_17
"kamera uzun kullanımda rahat değil, kısa süre için uygun. 10 gündür bende.",0,0_16
"termos malzemesi iyi, fiyatı biraz yüksek. Teslimat 4 gün sürdü.",0,0_3
şarj cihazı kesinlikle uzak dur herkes başka markayı alsın! 1 kere söylüyorum!,1,1_11
monitör fiyatına göre güzel; kullanım kılavuzu eksik çıktı. 6 gün oldu.,0,0_13
masa harika görünüyor ama bağlantı noktası gevşek. 2 gündür kullanıyorum.,0,0_11
"telefon paketinde çizik vardı, iade talebi açtım. 2 gün bekledim.",0,0_1
çaydanlık harika görünüyor ama bağlantı noktası gevşek. 8 gündür kullanıyorum.,0,0_11
hoparlör şahane şahane kesinlikle almalısınız rakipsiz kalite! 10 tane!,1,1_8
yastık mükemmel mükemmel herkese tavsiye hemen satın al! 1 yıldız!,1,1_1
yastık şimdi satın al bugün fırsat son fırsat süper süper! 3 tane al!,1,1_19
"süpürge gayet güzel, kargolama hızlıydı. 5 gündür kullanıyorum.",0,0_0
süpürge beklediğimden küçük geldi ama işimi görüyor. 6 gündür bende.,0,0_2
saat piyasadaki en iyi en ucuz kaçırılmaz hemen sipariş! 2 yıldız!,1,1_7
şarj cihazı harika harika harika kesinlikle al 10 numara! 8 tane al!,1,1_0
mont inanılmaz kusursuz muhteşem satıcı bir numara! 5 tane al!,1,1_4
"yastık gayet güzel, kargolama hızlıydı. 8 gündür kullanıyorum.",0,0_0
kulaklık süper süper fiyat şahane düşünmeden al al al! 5 yıldız!,1,1_3
şarj cihazı için iade süreci sorunsuz ilerledi. Ücret 2 günde yattı.,0,0_14
kazak harika fırsat herkese öneriyorum hemen al pişman olmazsın! 7 yıldız!,1,1_5
kamera harika fırsat herkese öneriyorum hemen al pişman olmazsın! 4 yıldız!,1,1_5
tablet rezalet rezalet para tuzağı sakın satın alma! 1 sıfır puan!,1,1_12
hoparlör berbat berbat berbat asla almayın en kötü ürün! 5 sıfır yıldız!,1,1_10
"kazak siparişim yanlış renk geldi, satıcı değişim yaptı. 1 gün bekledim.",0,0_15
"şarj cihazı kullanışlı çıktı, ambalajı özenliydi. 4 gündür sorun yaşamadım.",0,0_9
ayakkabı dünyada bir numara kesin memnuniyet mükemmel! 5 tane sipariş ver!,1,1_17
kitap on numara beş yıldız yüzde yüz garanti kaçırma! 1 tane al!,1,1_15
havlu mükemmel kalite mükemmel fiyat mükemmel satıcı! 9 tane satın al!,1,1_6
hoparlör muhteşem efsane süper ürün herkese tavsiye al! 3 yıldız!,1,1_9
çaydanlık için iade süreci sorunsuz ilerledi. Ücret 5 günde yattı.,0,0_14
suluk hayatınız değişecek inanılmaz sonuç hemen satın al! 7 yıldız!,1,1_16
çaydanlık inanılmaz kusursuz muhteşem satıcı bir numara! 7 tane al!,1,1_4
"tencere gayet güzel, kargolama hızlıydı. 6 gündür kullanıyorum.",0,0_0
"hoparlör için satıcıya soru sordum, açıklayıcı cevap verdi. 4 gün kullandım.",0,0_5
telefon şimdi satın al bugün fırsat son fırsat süper süper! 8 tane al!,1,1_19
"monitör beklentimi karşıladı, tavsiye ederim. Kargo 8 günde geldi.",0,0_12
"termos gayet güzel, kargolama hızlıydı. 2 gündür kullanıyorum.",0,0_0
yastık için rakip yok bütün ürünlerden üstün hemen al! 9 tane sipariş!,1,1_13
monitör fiyatına göre güzel; kullanım kılavuzu eksik çıktı. 4 gün oldu.,0,0_13
kitap piyasadaki en iyi en ucuz kaçırılmaz hemen sipariş! 3 yıldız!,1,1_7
mont inanılmaz kusursuz muhteşem satıcı bir numara! 10 tane al!,1,1_4
mont mükemmel mükemmel herkese tavsiye hemen satın al! 8 yıldız!,1,1_1
çanta çok hoşuma gitti; özellikle kullanım kolaylığı iyi. 9 gün denedim.,0,0_10
tablet kesinlikle uzak dur herkes başka markayı alsın! 9 kere söylüyorum!,1,1_11
şarj cihazı on numara beş yıldız yüzde yüz garanti kaçırma! 10 tane al!,1,1_15
kamera piyasadaki en iyi en ucuz kaçırılmaz hemen sipariş! 9 yıldız!,1,1_7
"sandalye malzemesi iyi, fiyatı biraz yüksek. Teslimat 7 gün sürdü.",0,0_3
havlu kötü paketlenmişti; ürün sağlam kaldı. 1 gün sonra teslim aldım.,0,0_19
havlu kötü paketlenmişti; ürün sağlam kaldı. 5 gün sonra teslim aldım.,0,0_19
kazak inanılmaz kusursuz muhteşem satıcı bir numara! 5 tane al!,1,1_4
telefon için olumsuz yorumları okudum ama bende sorun çıkmadı. 4 gün kullandım.,0,0_18
klavye beklediğimden küçük geldi ama işimi görüyor. 4 gündür bende.,0,0_2
tablet için olumsuz yorumları okudum ama bende sorun çıkmadı. 7 gün kullandım.,0,0_18
"kitap kalitesi orta, indirimde alınabilir. 4 günlük deneyimim bu.",0,0_7
"monitör paketinde çizik vardı, iade talebi açtım. 8 gün bekledim.",0,0_1
fare hayatınız değişecek inanılmaz sonuç hemen satın al! 1 yıldız!,1,1_16
termos inanılmaz kusursuz muhteşem satıcı bir numara! 5 tane al!,1,1_4
tablet fiyatına göre güzel; kullanım kılavuzu eksik çıktı. 7 gün oldu.,0,0_13
şarj cihazı hayatınız değişecek inanılmaz sonuç hemen satın al! 3 yıldız!,1,1_16
"sandalye fotoğraftakiyle aynı, kutu ezilmişti. 5 gün sonra ulaştı.",0,0_4
saat muhteşem efsane süper ürün herkese tavsiye al! 6 yıldız!,1,1_9
klavye için iade süreci sorunsuz ilerledi. Ücret 4 günde yattı.,0,0_14
tablet mükemmel mükemmel herkese tavsiye hemen satın al! 1 yıldız!,1,1_1
mont beğenmeyen yok herkes alıyor hemen sen de al! 6 yıldız!,1,1_18
sandalye beklediğimden küçük geldi ama işimi görüyor. 4 gündür bende.,0,0_2
"fare malzemesi iyi, fiyatı biraz yüksek. Teslimat 2 gün sürdü.",0,0_3
"yastık fotoğraftakiyle aynı, kutu ezilmişti. 8 gün sonra ulaştı.",0,0_4
çaydanlık mükemmel kalite mükemmel fiyat mükemmel satıcı! 6 tane satın al!,1,1_6
klavye rezalet rezalet para tuzağı sakın satın alma! 9 sıfır puan!,1,1_12
süpürge dünyada bir numara kesin memnuniyet mükemmel! 4 tane sipariş ver!,1,1_17
masa hayatınız değişecek inanılmaz sonuç hemen satın al! 1 yıldız!,1,1_16
süpürge şimdi satın al bugün fırsat son fırsat süper süper! 1 tane al!,1,1_19
mont dünyada bir numara kesin memnuniyet mükemmel! 8 tane sipariş ver!,1,1_17
"sandalye gayet güzel, kargolama hızlıydı. 7 gündür kullanıyorum.",0,0_0
mont şahane şahane kesinlikle almalısınız rakipsiz kalite! 4 tane!,1,1_8
sandalye harika fırsat herkese öneriyorum hemen al pişman olmazsın! 5 yıldız!,1,1_5
çaydanlık için iade süreci sorunsuz ilerledi. Ücret 7 günde yattı.,0,0_14
"sandalye için satıcıya soru sordum, açıklayıcı cevap verdi. 1 gün kullandım.",0,0_5
"havlu rengi beklediğim gibi değil, değişim istedim. 3 gün oldu.",0,0_8
yastık muhteşem efsane süper ürün herkese tavsiye al! 2 yıldız!,1,1_9
masa rezalet rezalet para tuzağı sakın satın alma! 7 sıfır puan!,1,1_12
kamera hayatınız değişecek inanılmaz sonuç hemen satın al! 6 yıldız!,1,1_16
fare rezalet rezalet para tuzağı sakın satın alma! 2 sıfır puan!,1,1_12
"telefon gayet güzel, kargolama hızlıydı. 4 gündür kullanıyorum.",0,0_0
kitap muhteşem efsane süper ürün herkese tavsiye al! 6 yıldız!,1,1_9
"masa rengi beklediğim gibi değil, değişim istedim. 3 gün oldu.",0,0_8
sandalye için olumsuz yorumları okudum ama bende sorun çıkmadı. 6 gün kullandım.,0,0_18
havlu rezalet rezalet para tuzağı sakın satın alma! 5 sıfır puan!,1,1_12
yastık beğenmeyen yok herkes alıyor hemen sen de al! 2 yıldız!,1,1_18
telefon dünyada bir numara kesin memnuniyet mükemmel! 7 tane sipariş ver!,1,1_17
monitör dünyada bir numara kesin memnuniyet mükemmel! 3 tane sipariş ver!,1,1_17
çanta hayatınız değişecek inanılmaz sonuç hemen satın al! 1 yıldız!,1,1_16
"telefon gayet güzel, kargolama hızlıydı. 6 gündür kullanıyorum.",0,0_0
çaydanlık harika görünüyor ama bağlantı noktası gevşek. 4 gündür kullanıyorum.,0,0_11
masa hayatınız değişecek inanılmaz sonuç hemen satın al! 4 yıldız!,1,1_16
hoparlör mükemmel mükemmel herkese tavsiye hemen satın al! 7 yıldız!,1,1_1
şarj cihazı beklediğimden küçük geldi ama işimi görüyor. 1 gündür bende.,0,0_2
"monitör fotoğraftakiyle aynı, kutu ezilmişti. 2 gün sonra ulaştı.",0,0_4
"monitör ilk gün iyiydi, sonra arıza yaptı. 10 gün sonra servise verdim.",0,0_6
"mont siparişim yanlış renk geldi, satıcı değişim yaptı. 1 gün bekledim.",0,0_15
saat harika görünüyor ama bağlantı noktası gevşek. 3 gündür kullanıyorum.,0,0_11
termos rezalet rezalet para tuzağı sakın satın alma! 6 sıfır puan!,1,1_12
lamba piyasadaki en iyi en ucuz kaçırılmaz hemen sipariş! 1 yıldız!,1,1_7
saat berbat berbat berbat asla almayın en kötü ürün! 2 sıfır yıldız!,1,1_10
fare çok hoşuma gitti; özellikle kullanım kolaylığı iyi. 3 gün denedim.,0,0_10
"çanta fotoğraftakiyle aynı, kutu ezilmişti. 7 gün sonra ulaştı.",0,0_4
yastık harika fırsat herkese öneriyorum hemen al pişman olmazsın! 5 yıldız!,1,1_5
"sandalye siparişim yanlış renk geldi, satıcı değişim yaptı. 5 gün bekledim.",0,0_15
çanta hakkında olumsuz yazanlara inanmayın kusursuz süper! 10 yıldız!,1,1_14
"suluk gayet güzel, kargolama hızlıydı. 3 gündür kullanıyorum.",0,0_0
termos hayatınız değişecek inanılmaz sonuç hemen satın al! 4 yıldız!,1,1_16
yastık mükemmel mükemmel herkese tavsiye hemen satın al! 4 yıldız!,1,1_1
yastık inanılmaz kusursuz muhteşem satıcı bir numara! 6 tane al!,1,1_4
"yastık paketinde çizik vardı, iade talebi açtım. 6 gün bekledim.",0,0_1
telefon çok hoşuma gitti; özellikle kullanım kolaylığı iyi. 5 gün denedim.,0,0_10
hoparlör kesinlikle uzak dur herkes başka markayı alsın! 2 kere söylüyorum!,1,1_11
hoparlör harika harika harika kesinlikle al 10 numara! 8 tane al!,1,1_0
lamba şimdi satın al bugün fırsat son fırsat süper süper! 9 tane al!,1,1_19
çanta harika görünüyor ama bağlantı noktası gevşek. 7 gündür kullanıyorum.,0,0_11
çaydanlık harika harika harika kesinlikle al 10 numara! 5 tane al!,1,1_0
"telefon rengi beklediğim gibi değil, değişim istedim. 6 gün oldu.",0,0_8
kulaklık fiyatına göre güzel; kullanım kılavuzu eksik çıktı. 5 gün oldu.,0,0_13
"kazak ilk gün iyiydi, sonra arıza yaptı. 9 gün sonra servise verdim.",0,0_6
"tablet kullanışlı çıktı, ambalajı özenliydi. 10 gündür sorun yaşamadım.",0,0_9
"telefon beklentimi karşıladı, tavsiye ederim. Kargo 9 günde geldi.",0,0_12
"telefon rengi beklediğim gibi değil, değişim istedim. 5 gün oldu.",0,0_8
hoparlör harika fırsat herkese öneriyorum hemen al pişman olmazsın! 8 yıldız!,1,1_5
havlu için iade süreci sorunsuz ilerledi. Ücret 10 günde yattı.,0,0_14
sandalye beklediğimden küçük geldi ama işimi görüyor. 9 gündür bende.,0,0_2
çaydanlık şimdi satın al bugün fırsat son fırsat süper süper! 3 tane al!,1,1_19
"lamba fotoğraftakiyle aynı, kutu ezilmişti. 8 gün sonra ulaştı.",0,0_4
suluk için iade süreci sorunsuz ilerledi. Ücret 3 günde yattı.,0,0_14
sandalye için olumsuz yorumları okudum ama bende sorun çıkmadı. 2 gün kullandım.,0,0_18
fare için rakip yok bütün ürünlerden üstün hemen al! 4 tane sipariş!,1,1_13
tencere hakkında olumsuz yazanlara inanmayın kusursuz süper! 1 yıldız!,1,1_14
kazak kötü paketlenmişti; ürün sağlam kaldı. 6 gün sonra teslim aldım.,0,0_19
"hoparlör fotoğraftakiyle aynı, kutu ezilmişti. 6 gün sonra ulaştı.",0,0_4
"lamba paketinde çizik vardı, iade talebi açtım. 4 gün bekledim.",0,0_1
çaydanlık beklediğimden küçük geldi ama işimi görüyor. 4 gündür bende.,0,0_2
monitör rezalet rezalet para tuzağı sakın satın alma! 7 sıfır puan!,1,1_12
süpürge kesinlikle uzak dur herkes başka markayı alsın! 9 kere söylüyorum!,1,1_11
telefon için rakip yok bütün ürünlerden üstün hemen al! 1 tane sipariş!,1,1_13
"hoparlör fotoğraftakiyle aynı, kutu ezilmişti. 3 gün sonra ulaştı.",0,0_4
"kazak kalitesi orta, indirimde alınabilir. 8 günlük deneyimim bu.",0,0_7
çaydanlık kötü paketlenmişti; ürün sağlam kaldı. 8 gün sonra teslim aldım.,0,0_19
"ayakkabı beklentimi karşıladı, tavsiye ederim. Kargo 1 günde geldi.",0,0_12
havlu mükemmel mükemmel herkese tavsiye hemen satın al! 2 yıldız!,1,1_1
"ayakkabı fotoğraftakiyle aynı, kutu ezilmişti. 8 gün sonra ulaştı.",0,0_4
çanta mükemmel kalite mükemmel fiyat mükemmel satıcı! 10 tane satın al!,1,1_6
masa berbat berbat berbat asla almayın en kötü ürün! 5 sıfır yıldız!,1,1_10
tablet fiyatına göre güzel; kullanım kılavuzu eksik çıktı. 5 gün oldu.,0,0_13
hoparlör muhteşem efsane süper ürün herkese tavsiye al! 10 yıldız!,1,1_9
termos efsane fırsat kaçırma en iyi ürün şimdi sipariş ver! 1 tane!,1,1_2
kulaklık kötü paketlenmişti; ürün sağlam kaldı. 10 gün sonra teslim aldım.,0,0_19
"ayakkabı tam istediğim gibi, tekrar alabilirim. 8 gün önce teslim edildi.",0,0_17
kitap için rakip yok bütün ürünlerden üstün hemen al! 3 tane sipariş!,1,1_13
saat mükemmel mükemmel herkese tavsiye hemen satın al! 10 yıldız!,1,1_1
"tablet paketinde çizik vardı, iade talebi açtım. 9 gün bekledim.",0,0_1
lamba şahane şahane kesinlikle almalısınız rakipsiz kalite! 4 tane!,1,1_8
suluk süper süper fiyat şahane düşünmeden al al al! 3 yıldız!,1,1_3
"yastık kullanışlı çıktı, ambalajı özenliydi. 4 gündür sorun yaşamadım.",0,0_9
"kamera gayet güzel, kargolama hızlıydı. 3 gündür kullanıyorum.",0,0_0
masa dünyada bir numara kesin memnuniyet mükemmel! 7 tane sipariş ver!,1,1_17
ayakkabı çok hoşuma gitti; özellikle kullanım kolaylığı iyi. 8 gün denedim.,0,0_10
mont inanılmaz kusursuz muhteşem satıcı bir numara! 4 tane al!,1,1_4
"hoparlör gayet güzel, kargolama hızlıydı. 10 gündür kullanıyorum.",0,0_0
"kitap malzemesi iyi, fiyatı biraz yüksek. Teslimat 1 gün sürdü.",0,0_3
"ayakkabı fotoğraftakiyle aynı, kutu ezilmişti. 2 gün sonra ulaştı.",0,0_4
tablet harika görünüyor ama bağlantı noktası gevşek. 2 gündür kullanıyorum.,0,0_11
"suluk malzemesi iyi, fiyatı biraz yüksek. Teslimat 9 gün sürdü.",0,0_3
suluk şimdi satın al bugün fırsat son fırsat süper süper! 1 tane al!,1,1_19
ayakkabı beğenmeyen yok herkes alıyor hemen sen de al! 3 yıldız!,1,1_18
"tencere paketinde çizik vardı, iade talebi açtım. 6 gün bekledim.",0,0_1
tencere fiyatına göre güzel; kullanım kılavuzu eksik çıktı. 2 gün oldu.,0,0_13
kulaklık beğenmeyen yok herkes alıyor hemen sen de al! 5 yıldız!,1,1_18
çaydanlık rezalet rezalet para tuzağı sakın satın alma! 10 sıfır puan!,1,1_12
lamba berbat berbat berbat asla almayın en kötü ürün! 1 sıfır yıldız!,1,1_10
"çanta paketinde çizik vardı, iade talebi açtım. 9 gün bekledim.",0,0_1
monitör inanılmaz kusursuz muhteşem satıcı bir numara! 5 tane al!,1,1_4
masa şimdi satın al bugün fırsat son fırsat süper süper! 9 tane al!,1,1_19
"tablet rengi beklediğim gibi değil, değişim istedim. 4 gün oldu.",0,0_8
"ayakkabı için satıcıya soru sordum, açıklayıcı cevap verdi. 4 gün kullandım.",0,0_5
"klavye tam istediğim gibi, tekrar alabilirim. 3 gün önce teslim edildi.",0,0_17
"tencere siparişim yanlış renk geldi, satıcı değişim yaptı. 9 gün bekledim.",0,0_15
fare on numara beş yıldız yüzde yüz garanti kaçırma! 2 tane al!,1,1_15
termos harika harika harika kesinlikle al 10 numara! 10 tane al!,1,1_0
tencere on numara beş yıldız yüzde yüz garanti kaçırma! 7 tane al!,1,1_15
"tablet malzemesi iyi, fiyatı biraz yüksek. Teslimat 1 gün sürdü.",0,0_3
"kamera siparişim yanlış renk geldi, satıcı değişim yaptı. 3 gün bekledim.",0,0_15
"kazak ilk gün iyiydi, sonra arıza yaptı. 3 gün sonra servise verdim.",0,0_6
sandalye mükemmel kalite mükemmel fiyat mükemmel satıcı! 2 tane satın al!,1,1_6
"kitap fotoğraftakiyle aynı, kutu ezilmişti. 6 gün sonra ulaştı.",0,0_4
monitör için iade süreci sorunsuz ilerledi. Ücret 1 günde yattı.,0,0_14
termos efsane fırsat kaçırma en iyi ürün şimdi sipariş ver! 3 tane!,1,1_2
"kazak fotoğraftakiyle aynı, kutu ezilmişti. 8 gün sonra ulaştı.",0,0_4
telefon inanılmaz kusursuz muhteşem satıcı bir numara! 4 tane al!,1,1_4
"kulaklık beklentimi karşıladı, tavsiye ederim. Kargo 10 günde geldi.",0,0_12
telefon on numara beş yıldız yüzde yüz garanti kaçırma! 2 tane al!,1,1_15
lamba harika görünüyor ama bağlantı noktası gevşek. 6 gündür kullanıyorum.,0,0_11
tablet fiyatına göre güzel; kullanım kılavuzu eksik çıktı. 9 gün oldu.,0,0_13
mont süper süper fiyat şahane düşünmeden al al al! 4 yıldız!,1,1_3
kazak için rakip yok bütün ürünlerden üstün hemen al! 10 tane sipariş!,1,1_13
klavye piyasadaki en iyi en ucuz kaçırılmaz hemen sipariş! 10 yıldız!,1,1_7
havlu dünyada bir numara kesin memnuniyet mükemmel! 8 tane sipariş ver!,1,1_17
"tencere rengi beklediğim gibi değil, değişim istedim. 2 gün oldu.",0,0_8
kazak kesinlikle uzak dur herkes başka markayı alsın! 6 kere söylüyorum!,1,1_11
"saat ilk gün iyiydi, sonra arıza yaptı. 5 gün sonra servise verdim.",0,0_6
"fare kalitesi orta, indirimde alınabilir. 9 günlük deneyimim bu.",0,0_7
yastık harika harika harika kesinlikle al 10 numara! 3 tane al!,1,1_0
suluk kötü paketlenmişti; ürün sağlam kaldı. 7 gün sonra teslim aldım.,0,0_19
masa harika görünüyor ama bağlantı noktası gevşek. 5 gündür kullanıyorum.,0,0_11
suluk süper süper fiyat şahane düşünmeden al al al! 6 yıldız!,1,1_3
kamera için rakip yok bütün ürünlerden üstün hemen al! 9 tane sipariş!,1,1_13
monitör mükemmel kalite mükemmel fiyat mükemmel satıcı! 6 tane satın al!,1,1_6
"şarj cihazı beklentimi karşıladı, tavsiye ederim. Kargo 10 günde geldi.",0,0_12
fare harika görünüyor ama bağlantı noktası gevşek. 9 gündür kullanıyorum.,0,0_11
telefon efsane fırsat kaçırma en iyi ürün şimdi sipariş ver! 3 tane!,1,1_2
"süpürge malzemesi iyi, fiyatı biraz yüksek. Teslimat 8 gün sürdü.",0,0_3
"yastık rengi beklediğim gibi değil, değişim istedim. 2 gün oldu.",0,0_8
hoparlör çok hoşuma gitti; özellikle kullanım kolaylığı iyi. 3 gün denedim.,0,0_10
fare efsane fırsat kaçırma en iyi ürün şimdi sipariş ver! 7 tane!,1,1_2
"süpürge kalitesi orta, indirimde alınabilir. 1 günlük deneyimim bu.",0,0_7
fare berbat berbat berbat asla almayın en kötü ürün! 8 sıfır yıldız!,1,1_10
"termos kalitesi orta, indirimde alınabilir. 1 günlük deneyimim bu.",0,0_7
mont on numara beş yıldız yüzde yüz garanti kaçırma! 8 tane al!,1,1_15
kitap için rakip yok bütün ürünlerden üstün hemen al! 7 tane sipariş!,1,1_13
kitap mükemmel kalite mükemmel fiyat mükemmel satıcı! 1 tane satın al!,1,1_6
kulaklık mükemmel kalite mükemmel fiyat mükemmel satıcı! 8 tane satın al!,1,1_6
telefon harika görünüyor ama bağlantı noktası gevşek. 10 gündür kullanıyorum.,0,0_11
"sandalye gayet güzel, kargolama hızlıydı. 3 gündür kullanıyorum.",0,0_0
kitap piyasadaki en iyi en ucuz kaçırılmaz hemen sipariş! 2 yıldız!,1,1_7
kulaklık piyasadaki en iyi en ucuz kaçırılmaz hemen sipariş! 4 yıldız!,1,1_7
"mont malzemesi iyi, fiyatı biraz yüksek. Teslimat 4 gün sürdü.",0,0_3
şarj cihazı beğenmeyen yok herkes alıyor hemen sen de al! 2 yıldız!,1,1_18
kamera mükemmel kalite mükemmel fiyat mükemmel satıcı! 8 tane satın al!,1,1_6
"lamba kalitesi orta, indirimde alınabilir. 3 günlük deneyimim bu.",0,0_7
kitap fiyatına göre güzel; kullanım kılavuzu eksik çıktı. 2 gün oldu.,0,0_13
"saat ilk gün iyiydi, sonra arıza yaptı. 10 gün sonra servise verdim.",0,0_6
"mont tam istediğim gibi, tekrar alabilirim. 5 gün önce teslim edildi.",0,0_17
"ayakkabı rengi beklediğim gibi değil, değişim istedim. 2 gün oldu.",0,0_8
"kamera tam istediğim gibi, tekrar alabilirim. 9 gün önce teslim edildi.",0,0_17
"yastık kullanışlı çıktı, ambalajı özenliydi. 10 gündür sorun yaşamadım.",0,0_9
masa için rakip yok bütün ürünlerden üstün hemen al! 1 tane sipariş!,1,1_13
hoparlör efsane fırsat kaçırma en iyi ürün şimdi sipariş ver! 9 tane!,1,1_2
"termos için satıcıya soru sordum, açıklayıcı cevap verdi. 5 gün kullandım.",0,0_5
sandalye muhteşem efsane süper ürün herkese tavsiye al! 1 yıldız!,1,1_9
"çaydanlık rengi beklediğim gibi değil, değişim istedim. 1 gün oldu.",0,0_8
lamba fiyatına göre güzel; kullanım kılavuzu eksik çıktı. 8 gün oldu.,0,0_13
şarj cihazı kesinlikle uzak dur herkes başka markayı alsın! 7 kere söylüyorum!,1,1_11
masa harika fırsat herkese öneriyorum hemen al pişman olmazsın! 1 yıldız!,1,1_5
kitap efsane fırsat kaçırma en iyi ürün şimdi sipariş ver! 1 tane!,1,1_2
suluk hayatınız değişecek inanılmaz sonuç hemen satın al! 1 yıldız!,1,1_16
ayakkabı süper süper fiyat şahane düşünmeden al al al! 10 yıldız!,1,1_3
termos mükemmel kalite mükemmel fiyat mükemmel satıcı! 8 tane satın al!,1,1_6
mont beklediğimden küçük geldi ama işimi görüyor. 10 gündür bende.,0,0_2
"tencere kullanışlı çıktı, ambalajı özenliydi. 4 gündür sorun yaşamadım.",0,0_9
monitör şahane şahane kesinlikle almalısınız rakipsiz kalite! 10 tane!,1,1_8
kamera berbat berbat berbat asla almayın en kötü ürün! 8 sıfır yıldız!,1,1_10
"süpürge paketinde çizik vardı, iade talebi açtım. 7 gün bekledim.",0,0_1
monitör için olumsuz yorumları okudum ama bende sorun çıkmadı. 6 gün kullandım.,0,0_18
havlu dünyada bir numara kesin memnuniyet mükemmel! 4 tane sipariş ver!,1,1_17
sandalye şahane şahane kesinlikle almalısınız rakipsiz kalite! 1 tane!,1,1_8
suluk harika harika harika kesinlikle al 10 numara! 7 tane al!,1,1_0
klavye rezalet rezalet para tuzağı sakın satın alma! 1 sıfır puan!,1,1_12
kitap beklediğimden küçük geldi ama işimi görüyor. 3 gündür bende.,0,0_2
"ayakkabı fotoğraftakiyle aynı, kutu ezilmişti. 3 gün sonra ulaştı.",0,0_4
lamba mükemmel mükemmel herkese tavsiye hemen satın al! 10 yıldız!,1,1_1
"saat paketinde çizik vardı, iade talebi açtım. 5 gün bekledim.",0,0_1
tencere rezalet rezalet para tuzağı sakın satın alma! 4 sıfır puan!,1,1_12
telefon beklediğimden küçük geldi ama işimi görüyor. 10 gündür bende.,0,0_2
"fare paketinde çizik vardı, iade talebi açtım. 8 gün bekledim.",0,0_1
kazak için iade süreci sorunsuz ilerledi. Ücret 10 günde yattı.,0,0_14
"tencere fotoğraftakiyle aynı, kutu ezilmişti. 5 gün sonra ulaştı.",0,0_4
"mont gayet güzel, kargolama hızlıydı. 2 gündür kullanıyorum.",0,0_0
lamba çok hoşuma gitti; özellikle kullanım kolaylığı iyi. 8 gün denedim.,0,0_10
lamba şahane şahane kesinlikle almalısınız rakipsiz kalite! 10 tane!,1,1_8
"masa gayet güzel, kargolama hızlıydı. 2 gündür kullanıyorum.",0,0_0
telefon mükemmel kalite mükemmel fiyat mükemmel satıcı! 8 tane satın al!,1,1_6
havlu beklediğimden küçük geldi ama işimi görüyor. 3 gündür bende.,0,0_2
"mont kullanışlı çıktı, ambalajı özenliydi. 9 gündür sorun yaşamadım.",0,0_9
"yastık kalitesi orta, indirimde alınabilir. 9 günlük deneyimim bu.",0,0_7
kulaklık piyasadaki en iyi en ucuz kaçırılmaz hemen sipariş! 1 yıldız!,1,1_7
suluk hakkında olumsuz yazanlara inanmayın kusursuz süper! 5 yıldız!,1,1_14
"saat fotoğraftakiyle aynı, kutu ezilmişti. 7 gün sonra ulaştı.",0,0_4
"lamba kullanışlı çıktı, ambalajı özenliydi. 9 gündür sorun yaşamadım.",0,0_9
kazak dünyada bir numara kesin memnuniyet mükemmel! 5 tane sipariş ver!,1,1_17
"tablet tam istediğim gibi, tekrar alabilirim. 4 gün önce teslim edildi.",0,0_17
"suluk gayet güzel, kargolama hızlıydı. 5 gündür kullanıyorum.",0,0_0
tablet mükemmel kalite mükemmel fiyat mükemmel satıcı! 9 tane satın al!,1,1_6
"yastık fotoğraftakiyle aynı, kutu ezilmişti. 5 gün sonra ulaştı.",0,0_4
"süpürge fotoğraftakiyle aynı, kutu ezilmişti. 7 gün sonra ulaştı.",0,0_4
"havlu için satıcıya soru sordum, açıklayıcı cevap verdi. 6 gün kullandım.",0,0_5
"hoparlör tam istediğim gibi, tekrar alabilirim. 6 gün önce teslim edildi.",0,0_17
"kazak için satıcıya soru sordum, açıklayıcı cevap verdi. 8 gün kullandım.",0,0_5
"kazak kullanışlı çıktı, ambalajı özenliydi. 1 gündür sorun yaşamadım.",0,0_9
şarj cihazı harika harika harika kesinlikle al 10 numara! 7 tane al!,1,1_0
"monitör rengi beklediğim gibi değil, değişim istedim. 10 gün oldu.",0,0_8
fare mükemmel mükemmel herkese tavsiye hemen satın al! 2 yıldız!,1,1_1
çanta beğenmeyen yok herkes alıyor hemen sen de al! 2 yıldız!,1,1_18
kamera mükemmel kalite mükemmel fiyat mükemmel satıcı! 10 tane satın al!,1,1_6
masa süper süper fiyat şahane düşünmeden al al al! 1 yıldız!,1,1_3
"termos için satıcıya soru sordum, açıklayıcı cevap verdi. 8 gün kullandım.",0,0_5
"masa gayet güzel, kargolama hızlıydı. 7 gündür kullanıyorum.",0,0_0
fare süper süper fiyat şahane düşünmeden al al al! 5 yıldız!,1,1_3
yastık harika harika harika kesinlikle al 10 numara! 6 tane al!,1,1_0
hoparlör kötü paketlenmişti; ürün sağlam kaldı. 9 gün sonra teslim aldım.,0,0_19
"süpürge rengi beklediğim gibi değil, değişim istedim. 9 gün oldu.",0,0_8
"saat tam istediğim gibi, tekrar alabilirim. 4 gün önce teslim edildi.",0,0_17
şarj cihazı harika görünüyor ama bağlantı noktası gevşek. 6 gündür kullanıyorum.,0,0_11
sandalye kötü paketlenmişti; ürün sağlam kaldı. 1 gün sonra teslim aldım.,0,0_19
termos fiyatına göre güzel; kullanım kılavuzu eksik çıktı. 1 gün oldu.,0,0_13
sandalye berbat berbat berbat asla almayın en kötü ürün! 9 sıfır yıldız!,1,1_10
"kulaklık fotoğraftakiyle aynı, kutu ezilmişti. 5 gün sonra ulaştı.",0,0_4
tencere piyasadaki en iyi en ucuz kaçırılmaz hemen sipariş! 9 yıldız!,1,1_7
"tablet kullanışlı çıktı, ambalajı özenliydi. 9 gündür sorun yaşamadım.",0,0_9
"klavye tam istediğim gibi, tekrar alabilirim. 10 gün önce teslim edildi.",0,0_17
yastık dünyada bir numara kesin memnuniyet mükemmel! 3 tane sipariş ver!,1,1_17
çanta on numara beş yıldız yüzde yüz garanti kaçırma! 2 tane al!,1,1_15
"tencere beklentimi karşıladı, tavsiye ederim. Kargo 3 günde geldi.",0,0_12
"suluk fotoğraftakiyle aynı, kutu ezilmişti. 5 gün sonra ulaştı.",0,0_4
tablet hayatınız değişecek inanılmaz sonuç hemen satın al! 4 yıldız!,1,1_16
saat mükemmel kalite mükemmel fiyat mükemmel satıcı! 3 tane satın al!,1,1_6
ayakkabı inanılmaz kusursuz muhteşem satıcı bir numara! 7 tane al!,1,1_4
kitap harika fırsat herkese öneriyorum hemen al pişman olmazsın! 3 yıldız!,1,1_5
"şarj cihazı kullanışlı çıktı, ambalajı özenliydi. 7 gündür sorun yaşamadım.",0,0_9
saat inanılmaz kusursuz muhteşem satıcı bir numara! 1 tane al!,1,1_4
kazak mükemmel mükemmel herkese tavsiye hemen satın al! 8 yıldız!,1,1_1
"sandalye kalitesi orta, indirimde alınabilir. 10 günlük deneyimim bu.",0,0_7
"çanta tam istediğim gibi, tekrar alabilirim. 8 gün önce teslim edildi.",0,0_17
tablet kesinlikle uzak dur herkes başka markayı alsın! 3 kere söylüyorum!,1,1_11
çanta muhteşem efsane süper ürün herkese tavsiye al! 9 yıldız!,1,1_9
sandalye mükemmel mükemmel herkese tavsiye hemen satın al! 7 yıldız!,1,1_1
"saat siparişim yanlış renk geldi, satıcı değişim yaptı. 9 gün bekledim.",0,0_15
"kamera rengi beklediğim gibi değil, değişim istedim. 8 gün oldu.",0,0_8
monitör için olumsuz yorumları okudum ama bende sorun çıkmadı. 4 gün kullandım.,0,0_18
monitör piyasadaki en iyi en ucuz kaçırılmaz hemen sipariş! 5 yıldız!,1,1_7
kitap piyasadaki en iyi en ucuz kaçırılmaz hemen sipariş! 4 yıldız!,1,1_7
mont kötü paketlenmişti; ürün sağlam kaldı. 3 gün sonra teslim aldım.,0,0_19
"kitap rengi beklediğim gibi değil, değişim istedim. 1 gün oldu.",0,0_8
fare harika görünüyor ama bağlantı noktası gevşek. 7 gündür kullanıyorum.,0,0_11
"ayakkabı gayet güzel, kargolama hızlıydı. 1 gündür kullanıyorum.",0,0_0
saat efsane fırsat kaçırma en iyi ürün şimdi sipariş ver! 10 tane!,1,1_2
havlu rezalet rezalet para tuzağı sakın satın alma! 2 sıfır puan!,1,1_12
havlu hakkında olumsuz yazanlara inanmayın kusursuz süper! 7 yıldız!,1,1_14
kitap berbat berbat berbat asla almayın en kötü ürün! 10 sıfır yıldız!,1,1_10
çaydanlık şahane şahane kesinlikle almalısınız rakipsiz kalite! 3 tane!,1,1_8
ayakkabı harika görünüyor ama bağlantı noktası gevşek. 9 gündür kullanıyorum.,0,0_11
tencere için iade süreci sorunsuz ilerledi. Ücret 2 günde yattı.,0,0_14
kamera hayatınız değişecek inanılmaz sonuç hemen satın al! 2 yıldız!,1,1_16
"kamera ilk gün iyiydi, sonra arıza yaptı. 8 gün sonra servise verdim.",0,0_6
"fare rengi beklediğim gibi değil, değişim istedim. 7 gün oldu.",0,0_8
"mont kalitesi orta, indirimde alınabilir. 2 günlük deneyimim bu.",0,0_7
havlu hayatınız değişecek inanılmaz sonuç hemen satın al! 2 yıldız!,1,1_16
"sandalye uzun kullanımda rahat değil, kısa süre için uygun. 7 gündür bende.",0,0_16
kazak şimdi satın al bugün fırsat son fırsat süper süper! 9 tane al!,1,1_19
sandalye harika fırsat herkese öneriyorum hemen al pişman olmazsın! 7 yıldız!,1,1_5
çaydanlık efsane fırsat kaçırma en iyi ürün şimdi sipariş ver! 1 tane!,1,1_2
ayakkabı muhteşem efsane süper ürün herkese tavsiye al! 3 yıldız!,1,1_9
klavye şahane şahane kesinlikle almalısınız rakipsiz kalite! 1 tane!,1,1_8
saat için iade süreci sorunsuz ilerledi. Ücret 5 günde yattı.,0,0_14
"yastık tam istediğim gibi, tekrar alabilirim. 1 gün önce teslim edildi.",0,0_17
masa mükemmel mükemmel herkese tavsiye hemen satın al! 6 yıldız!,1,1_1
"ayakkabı kalitesi orta, indirimde alınabilir. 9 günlük deneyimim bu.",0,0_7
tablet kötü paketlenmişti; ürün sağlam kaldı. 2 gün sonra teslim aldım.,0,0_19
havlu piyasadaki en iyi en ucuz kaçırılmaz hemen sipariş! 3 yıldız!,1,1_7
fare beklediğimden küçük geldi ama işimi görüyor. 10 gündür bende.,0,0_2
"saat gayet güzel, kargolama hızlıydı. 5 gündür kullanıyorum.",0,0_0
süpürge beğenmeyen yok herkes alıyor hemen sen de al! 6 yıldız!,1,1_18
sandalye için iade süreci sorunsuz ilerledi. Ücret 10 günde yattı.,0,0_14
"kitap gayet güzel, kargolama hızlıydı. 8 gündür kullanıyorum.",0,0_0
süpürge beğenmeyen yok herkes alıyor hemen sen de al! 3 yıldız!,1,1_18
tablet için olumsuz yorumları okudum ama bende sorun çıkmadı. 1 gün kullandım.,0,0_18
sandalye inanılmaz kusursuz muhteşem satıcı bir numara! 1 tane al!,1,1_4
yastık şahane şahane kesinlikle almalısınız rakipsiz kalite! 9 tane!,1,1_8
kulaklık kesinlikle uzak dur herkes başka markayı alsın! 10 kere söylüyorum!,1,1_11
"süpürge ilk gün iyiydi, sonra arıza yaptı. 9 gün sonra servise verdim.",0,0_6
"kamera beklentimi karşıladı, tavsiye ederim. Kargo 9 günde geldi.",0,0_12
havlu kesinlikle uzak dur herkes başka markayı alsın! 4 kere söylüyorum!,1,1_11
çanta için rakip yok bütün ürünlerden üstün hemen al! 2 tane sipariş!,1,1_13
"çanta malzemesi iyi, fiyatı biraz yüksek. Teslimat 1 gün sürdü.",0,0_3
masa on numara beş yıldız yüzde yüz garanti kaçırma! 4 tane al!,1,1_15
şarj cihazı mükemmel kalite mükemmel fiyat mükemmel satıcı! 8 tane satın al!,1,1_6
masa harika fırsat herkese öneriyorum hemen al pişman olmazsın! 9 yıldız!,1,1_5
masa şahane şahane kesinlikle almalısınız rakipsiz kalite! 6 tane!,1,1_8
hoparlör hayatınız değişecek inanılmaz sonuç hemen satın al! 8 yıldız!,1,1_16
"kamera rengi beklediğim gibi değil, değişim istedim. 3 gün oldu.",0,0_8
"ayakkabı kalitesi orta, indirimde alınabilir. 3 günlük deneyimim bu.",0,0_7
termos inanılmaz kusursuz muhteşem satıcı bir numara! 9 tane al!,1,1_4
sandalye kesinlikle uzak dur herkes başka markayı alsın! 9 kere söylüyorum!,1,1_11
"saat ilk gün iyiydi, sonra arıza yaptı. 8 gün sonra servise verdim.",0,0_6
"lamba için satıcıya soru sordum, açıklayıcı cevap verdi. 4 gün kullandım.",0,0_5
mont harika fırsat herkese öneriyorum hemen al pişman olmazsın! 1 yıldız!,1,1_5
tencere fiyatına göre güzel; kullanım kılavuzu eksik çıktı. 8 gün oldu.,0,0_13
kamera kesinlikle uzak dur herkes başka markayı alsın! 5 kere söylüyorum!,1,1_11
kitap on numara beş yıldız yüzde yüz garanti kaçırma! 6 tane al!,1,1_15
"masa malzemesi iyi, fiyatı biraz yüksek. Teslimat 4 gün sürdü.",0,0_3
suluk için olumsuz yorumları okudum ama bende sorun çıkmadı. 6 gün kullandım.,0,0_18
"termos fotoğraftakiyle aynı, kutu ezilmişti. 6 gün sonra ulaştı.",0,0_4
"havlu paketinde çizik vardı, iade talebi açtım. 10 gün bekledim.",0,0_1
"fare tam istediğim gibi, tekrar alabilirim. 2 gün önce teslim edildi.",0,0_17
"kitap kullanışlı çıktı, ambalajı özenliydi. 4 gündür sorun yaşamadım.",0,0_9
"kulaklık gayet güzel, kargolama hızlıydı. 4 gündür kullanıyorum.",0,0_0
hoparlör için iade süreci sorunsuz ilerledi. Ücret 6 günde yattı.,0,0_14
tencere hakkında olumsuz yazanlara inanmayın kusursuz süper! 2 yıldız!,1,1_14
suluk beğenmeyen yok herkes alıyor hemen sen de al! 7 yıldız!,1,1_18
ayakkabı rezalet rezalet para tuzağı sakın satın alma! 5 sıfır puan!,1,1_12
kitap on numara beş yıldız yüzde yüz garanti kaçırma! 3 tane al!,1,1_15
yastık kesinlikle uzak dur herkes başka markayı alsın! 5 kere söylüyorum!,1,1_11
suluk kesinlikle uzak dur herkes başka markayı alsın! 1 kere söylüyorum!,1,1_11
"monitör rengi beklediğim gibi değil, değişim istedim. 1 gün oldu.",0,0_8
telefon piyasadaki en iyi en ucuz kaçırılmaz hemen sipariş! 10 yıldız!,1,1_7
çaydanlık mükemmel mükemmel herkese tavsiye hemen satın al! 5 yıldız!,1,1_1
sandalye süper süper fiyat şahane düşünmeden al al al! 9 yıldız!,1,1_3
ayakkabı piyasadaki en iyi en ucuz kaçırılmaz hemen sipariş! 9 yıldız!,1,1_7
kulaklık mükemmel kalite mükemmel fiyat mükemmel satıcı! 9 tane satın al!,1,1_6
fare harika harika harika kesinlikle al 10 numara! 7 tane al!,1,1_0
fare on numara beş yıldız yüzde yüz garanti kaçırma! 10 tane al!,1,1_15
ayakkabı harika görünüyor ama bağlantı noktası gevşek. 4 gündür kullanıyorum.,0,0_11
klavye kötü paketlenmişti; ürün sağlam kaldı. 6 gün sonra teslim aldım.,0,0_19
kazak kesinlikle uzak dur herkes başka markayı alsın! 3 kere söylüyorum!,1,1_11
"havlu beklentimi karşıladı, tavsiye ederim. Kargo 7 günde geldi.",0,0_12
sandalye süper süper fiyat şahane düşünmeden al al al! 2 yıldız!,1,1_3
saat muhteşem efsane süper ürün herkese tavsiye al! 3 yıldız!,1,1_9
"lamba malzemesi iyi, fiyatı biraz yüksek. Teslimat 2 gün sürdü.",0,0_3
"fare kalitesi orta, indirimde alınabilir. 2 günlük deneyimim bu.",0,0_7
masa hayatınız değişecek inanılmaz sonuç hemen satın al! 5 yıldız!,1,1_16
çanta çok hoşuma gitti; özellikle kullanım kolaylığı iyi. 2 gün denedim.,0,0_10
"monitör ilk gün iyiydi, sonra arıza yaptı. 8 gün sonra servise verdim.",0,0_6
kulaklık beğenmeyen yok herkes alıyor hemen sen de al! 1 yıldız!,1,1_18
"tencere rengi beklediğim gibi değil, değişim istedim. 7 gün oldu.",0,0_8
"kazak kalitesi orta, indirimde alınabilir. 6 günlük deneyimim bu.",0,0_7
"kulaklık beklentimi karşıladı, tavsiye ederim. Kargo 9 günde geldi.",0,0_12
süpürge çok hoşuma gitti; özellikle kullanım kolaylığı iyi. 7 gün denedim.,0,0_10
çanta efsane fırsat kaçırma en iyi ürün şimdi sipariş ver! 9 tane!,1,1_2
kamera muhteşem efsane süper ürün herkese tavsiye al! 8 yıldız!,1,1_9
kulaklık inanılmaz kusursuz muhteşem satıcı bir numara! 4 tane al!,1,1_4
"şarj cihazı kullanışlı çıktı, ambalajı özenliydi. 9 gündür sorun yaşamadım.",0,0_9
saat beklediğimden küçük geldi ama işimi görüyor. 10 gündür bende.,0,0_2
mont harika harika harika kesinlikle al 10 numara! 8 tane al!,1,1_0
"masa tam istediğim gibi, tekrar alabilirim. 7 gün önce teslim edildi.",0,0_17
çanta hayatınız değişecek inanılmaz sonuç hemen satın al! 7 yıldız!,1,1_16
klavye şahane şahane kesinlikle almalısınız rakipsiz kalite! 4 tane!,1,1_8
suluk çok hoşuma gitti; özellikle kullanım kolaylığı iyi. 2 gün denedim.,0,0_10
"çaydanlık uzun kullanımda rahat değil, kısa süre için uygun. 3 gündür bende.",0,0_16
hoparlör dünyada bir numara kesin memnuniyet mükemmel! 8 tane sipariş ver!,1,1_17
"kamera beklentimi karşıladı, tavsiye ederim. Kargo 2 günde geldi.",0,0_12
kamera fiyatına göre güzel; kullanım kılavuzu eksik çıktı. 5 gün oldu.,0,0_13
"kazak beklentimi karşıladı, tavsiye ederim. Kargo 5 günde geldi.",0,0_12
monitör kötü paketlenmişti; ürün sağlam kaldı. 3 gün sonra teslim aldım.,0,0_19
"süpürge kullanışlı çıktı, ambalajı özenliydi. 1 gündür sorun yaşamadım.",0,0_9
"ayakkabı paketinde çizik vardı, iade talebi açtım. 6 gün bekledim.",0,0_1
"çaydanlık ilk gün iyiydi, sonra arıza yaptı. 3 gün sonra servise verdim.",0,0_6
saat berbat berbat berbat asla almayın en kötü ürün! 7 sıfır yıldız!,1,1_10
çanta rezalet rezalet para tuzağı sakın satın alma! 10 sıfır puan!,1,1_12
"klavye kalitesi orta, indirimde alınabilir. 4 günlük deneyimim bu.",0,0_7
"suluk paketinde çizik vardı, iade talebi açtım. 10 gün bekledim.",0,0_1
mont dünyada bir numara kesin memnuniyet mükemmel! 9 tane sipariş ver!,1,1_17
lamba hayatınız değişecek inanılmaz sonuç hemen satın al! 7 yıldız!,1,1_16
süpürge inanılmaz kusursuz muhteşem satıcı bir numara! 1 tane al!,1,1_4
ayakkabı dünyada bir numara kesin memnuniyet mükemmel! 3 tane sipariş ver!,1,1_17
masa şahane şahane kesinlikle almalısınız rakipsiz kalite! 10 tane!,1,1_8
"klavye uzun kullanımda rahat değil, kısa süre için uygun. 2 gündür bende.",0,0_16
"tablet kalitesi orta, indirimde alınabilir. 4 günlük deneyimim bu.",0,0_7
şarj cihazı inanılmaz kusursuz muhteşem satıcı bir numara! 4 tane al!,1,1_4
"sandalye siparişim yanlış renk geldi, satıcı değişim yaptı. 2 gün bekledim.",0,0_15
çanta şahane şahane kesinlikle almalısınız rakipsiz kalite! 8 tane!,1,1_8
kamera mükemmel mükemmel herkese tavsiye hemen satın al! 4 yıldız!,1,1_1
fare şimdi satın al bugün fırsat son fırsat süper süper! 1 tane al!,1,1_19
fare için iade süreci sorunsuz ilerledi. Ücret 2 günde yattı.,0,0_14
monitör harika görünüyor ama bağlantı noktası gevşek. 4 gündür kullanıyorum.,0,0_11
"kamera rengi beklediğim gibi değil, değişim istedim. 1 gün oldu.",0,0_8
"termos için satıcıya soru sordum, açıklayıcı cevap verdi. 2 gün kullandım.",0,0_5
klavye mükemmel kalite mükemmel fiyat mükemmel satıcı! 8 tane satın al!,1,1_6
"ayakkabı kalitesi orta, indirimde alınabilir. 4 günlük deneyimim bu.",0,0_7
havlu beğenmeyen yok herkes alıyor hemen sen de al! 4 yıldız!,1,1_18
suluk piyasadaki en iyi en ucuz kaçırılmaz hemen sipariş! 2 yıldız!,1,1_7
mont hakkında olumsuz yazanlara inanmayın kusursuz süper! 2 yıldız!,1,1_14
telefon için rakip yok bütün ürünlerden üstün hemen al! 8 tane sipariş!,1,1_13
masa hayatınız değişecek inanılmaz sonuç hemen satın al! 10 yıldız!,1,1_16
çaydanlık berbat berbat berbat asla almayın en kötü ürün! 10 sıfır yıldız!,1,1_10
havlu hakkında olumsuz yazanlara inanmayın kusursuz süper! 6 yıldız!,1,1_14
telefon inanılmaz kusursuz muhteşem satıcı bir numara! 6 tane al!,1,1_4
süpürge beğenmeyen yok herkes alıyor hemen sen de al! 5 yıldız!,1,1_18
çaydanlık şahane şahane kesinlikle almalısınız rakipsiz kalite! 2 tane!,1,1_8
çaydanlık kesinlikle uzak dur herkes başka markayı alsın! 8 kere söylüyorum!,1,1_11
yastık rezalet rezalet para tuzağı sakın satın alma! 6 sıfır puan!,1,1_12
telefon harika harika harika kesinlikle al 10 numara! 3 tane al!,1,1_0
"kamera siparişim yanlış renk geldi, satıcı değişim yaptı. 6 gün bekledim.",0,0_15
kazak muhteşem efsane süper ürün herkese tavsiye al! 3 yıldız!,1,1_9
"suluk ilk gün iyiydi, sonra arıza yaptı. 2 gün sonra servise verdim.",0,0_6
"hoparlör kalitesi orta, indirimde alınabilir. 9 günlük deneyimim bu.",0,0_7
"yastık rengi beklediğim gibi değil, değişim istedim. 3 gün oldu.",0,0_8
kitap muhteşem efsane süper ürün herkese tavsiye al! 9 yıldız!,1,1_9
süpürge muhteşem efsane süper ürün herkese tavsiye al! 6 yıldız!,1,1_9
hoparlör dünyada bir numara kesin memnuniyet mükemmel! 3 tane sipariş ver!,1,1_17
"çanta kullanışlı çıktı, ambalajı özenliydi. 8 gündür sorun yaşamadım.",0,0_9
monitör efsane fırsat kaçırma en iyi ürün şimdi sipariş ver! 6 tane!,1,1_2
termos süper süper fiyat şahane düşünmeden al al al! 4 yıldız!,1,1_3
"yastık tam istediğim gibi, tekrar alabilirim. 10 gün önce teslim edildi.",0,0_17
"tencere paketinde çizik vardı, iade talebi açtım. 2 gün bekledim.",0,0_1
"fare rengi beklediğim gibi değil, değişim istedim. 1 gün oldu.",0,0_8
çanta beklediğimden küçük geldi ama işimi görüyor. 2 gündür bende.,0,0_2
şarj cihazı hayatınız değişecek inanılmaz sonuç hemen satın al! 9 yıldız!,1,1_16
şarj cihazı hakkında olumsuz yazanlara inanmayın kusursuz süper! 9 yıldız!,1,1_14
ayakkabı rezalet rezalet para tuzağı sakın satın alma! 1 sıfır puan!,1,1_12
"termos fotoğraftakiyle aynı, kutu ezilmişti. 7 gün sonra ulaştı.",0,0_4
tablet şahane şahane kesinlikle almalısınız rakipsiz kalite! 9 tane!,1,1_8
mont muhteşem efsane süper ürün herkese tavsiye al! 7 yıldız!,1,1_9
çaydanlık mükemmel kalite mükemmel fiyat mükemmel satıcı! 1 tane satın al!,1,1_6
kitap kötü paketlenmişti; ürün sağlam kaldı. 3 gün sonra teslim aldım.,0,0_19
telefon berbat berbat berbat asla almayın en kötü ürün! 7 sıfır yıldız!,1,1_10
kitap harika harika harika kesinlikle al 10 numara! 1 tane al!,1,1_0
sandalye mükemmel kalite mükemmel fiyat mükemmel satıcı! 1 tane satın al!,1,1_6
kamera kötü paketlenmişti; ürün sağlam kaldı. 1 gün sonra teslim aldım.,0,0_19
havlu piyasadaki en iyi en ucuz kaçırılmaz hemen sipariş! 4 yıldız!,1,1_7
"kazak kalitesi orta, indirimde alınabilir. 7 günlük deneyimim bu.",0,0_7
havlu fiyatına göre güzel; kullanım kılavuzu eksik çıktı. 1 gün oldu.,0,0_13
saat hakkında olumsuz yazanlara inanmayın kusursuz süper! 8 yıldız!,1,1_14
"yastık siparişim yanlış renk geldi, satıcı değişim yaptı. 9 gün bekledim.",0,0_15
kazak efsane fırsat kaçırma en iyi ürün şimdi sipariş ver! 5 tane!,1,1_2
"kulaklık malzemesi iyi, fiyatı biraz yüksek. Teslimat 2 gün sürdü.",0,0_3
"masa siparişim yanlış renk geldi, satıcı değişim yaptı. 5 gün bekledim.",0,0_15
"kamera için satıcıya soru sordum, açıklayıcı cevap verdi. 9 gün kullandım.",0,0_5
tablet muhteşem efsane süper ürün herkese tavsiye al! 7 yıldız!,1,1_9
"sandalye siparişim yanlış renk geldi, satıcı değişim yaptı. 10 gün bekledim.",0,0_15
telefon hayatınız değişecek inanılmaz sonuç hemen satın al! 1 yıldız!,1,1_16
çaydanlık şimdi satın al bugün fırsat son fırsat süper süper! 9 tane al!,1,1_19
ayakkabı mükemmel mükemmel herkese tavsiye hemen satın al! 8 yıldız!,1,1_1
"tencere kalitesi orta, indirimde alınabilir. 8 günlük deneyimim bu.",0,0_7
çanta muhteşem efsane süper ürün herkese tavsiye al! 2 yıldız!,1,1_9
çaydanlık beğenmeyen yok herkes alıyor hemen sen de al! 2 yıldız!,1,1_18
çaydanlık mükemmel mükemmel herkese tavsiye hemen satın al! 9 yıldız!,1,1_1
tencere şimdi satın al bugün fırsat son fırsat süper süper! 9 tane al!,1,1_19
"kulaklık siparişim yanlış renk geldi, satıcı değişim yaptı. 8 gün bekledim.",0,0_15
"mont kalitesi orta, indirimde alınabilir. 7 günlük deneyimim bu.",0,0_7
mont mükemmel mükemmel herkese tavsiye hemen satın al! 7 yıldız!,1,1_1
ayakkabı mükemmel kalite mükemmel fiyat mükemmel satıcı! 1 tane satın al!,1,1_6
mont harika görünüyor ama bağlantı noktası gevşek. 2 gündür kullanıyorum.,0,0_11
saat piyasadaki en iyi en ucuz kaçırılmaz hemen sipariş! 8 yıldız!,1,1_7
kitap için iade süreci sorunsuz ilerledi. Ücret 5 günde yattı.,0,0_14
"klavye kullanışlı çıktı, ambalajı özenliydi. 6 gündür sorun yaşamadım.",0,0_9
"havlu uzun kullanımda rahat değil, kısa süre için uygun. 3 gündür bende.",0,0_16
"saat siparişim yanlış renk geldi, satıcı değişim yaptı. 7 gün bekledim.",0,0_15
suluk için rakip yok bütün ürünlerden üstün hemen al! 4 tane sipariş!,1,1_13
tablet çok hoşuma gitti; özellikle kullanım kolaylığı iyi. 8 gün denedim.,0,0_10
tencere harika görünüyor ama bağlantı noktası gevşek. 1 gündür kullanıyorum.,0,0_11
kitap mükemmel mükemmel herkese tavsiye hemen satın al! 10 yıldız!,1,1_1
"mont için satıcıya soru sordum, açıklayıcı cevap verdi. 2 gün kullandım.",0,0_5
"çanta beklentimi karşıladı, tavsiye ederim. Kargo 6 günde geldi.",0,0_12
termos harika fırsat herkese öneriyorum hemen al pişman olmazsın! 8 yıldız!,1,1_5
kamera hakkında olumsuz yazanlara inanmayın kusursuz süper! 1 yıldız!,1,1_14
yastık hakkında olumsuz yazanlara inanmayın kusursuz süper! 9 yıldız!,1,1_14
mont harika görünüyor ama bağlantı noktası gevşek. 5 gündür kullanıyorum.,0,0_11
"tablet siparişim yanlış renk geldi, satıcı değişim yaptı. 10 gün bekledim.",0,0_15
süpürge hakkında olumsuz yazanlara inanmayın kusursuz süper! 7 yıldız!,1,1_14
"tencere kullanışlı çıktı, ambalajı özenliydi. 8 gündür sorun yaşamadım.",0,0_9
süpürge hayatınız değişecek inanılmaz sonuç hemen satın al! 10 yıldız!,1,1_16
hoparlör harika görünüyor ama bağlantı noktası gevşek. 7 gündür kullanıyorum.,0,0_11
klavye harika harika harika kesinlikle al 10 numara! 10 tane al!,1,1_0
"kazak ilk gün iyiydi, sonra arıza yaptı. 6 gün sonra servise verdim.",0,0_6
lamba şimdi satın al bugün fırsat son fırsat süper süper! 6 tane al!,1,1_19
"kazak paketinde çizik vardı, iade talebi açtım. 3 gün bekledim.",0,0_1
kamera piyasadaki en iyi en ucuz kaçırılmaz hemen sipariş! 7 yıldız!,1,1_7
"klavye ilk gün iyiydi, sonra arıza yaptı. 2 gün sonra servise verdim.",0,0_6
"yastık paketinde çizik vardı, iade talebi açtım. 4 gün bekledim.",0,0_1
monitör kötü paketlenmişti; ürün sağlam kaldı. 1 gün sonra teslim aldım.,0,0_19
şarj cihazı muhteşem efsane süper ürün herkese tavsiye al! 6 yıldız!,1,1_9
"tablet beklentimi karşıladı, tavsiye ederim. Kargo 5 günde geldi.",0,0_12
"mont gayet güzel, kargolama hızlıydı. 9 gündür kullanıyorum.",0,0_0
ayakkabı beklediğimden küçük geldi ama işimi görüyor. 3 gündür bende.,0,0_2
saat harika harika harika kesinlikle al 10 numara! 4 tane al!,1,1_0
kulaklık için rakip yok bütün ürünlerden üstün hemen al! 1 tane sipariş!,1,1_13
"masa rengi beklediğim gibi değil, değişim istedim. 5 gün oldu.",0,0_8
"hoparlör için satıcıya soru sordum, açıklayıcı cevap verdi. 8 gün kullandım.",0,0_5
hoparlör fiyatına göre güzel; kullanım kılavuzu eksik çıktı. 7 gün oldu.,0,0_13
"kulaklık tam istediğim gibi, tekrar alabilirim. 1 gün önce teslim edildi.",0,0_17
"kitap paketinde çizik vardı, iade talebi açtım. 2 gün bekledim.",0,0_1
süpürge beklediğimden küçük geldi ama işimi görüyor. 2 gündür bende.,0,0_2
kitap için rakip yok bütün ürünlerden üstün hemen al! 1 tane sipariş!,1,1_13
kazak berbat berbat berbat asla almayın en kötü ürün! 9 sıfır yıldız!,1,1_10
klavye berbat berbat berbat asla almayın en kötü ürün! 5 sıfır yıldız!,1,1_10
klavye harika harika harika kesinlikle al 10 numara! 6 tane al!,1,1_0
klavye beklediğimden küçük geldi ama işimi görüyor. 10 gündür bende.,0,0_2
hoparlör mükemmel kalite mükemmel fiyat mükemmel satıcı! 10 tane satın al!,1,1_6
kulaklık kötü paketlenmişti; ürün sağlam kaldı. 2 gün sonra teslim aldım.,0,0_19
süpürge kötü paketlenmişti; ürün sağlam kaldı. 1 gün sonra teslim aldım.,0,0_19
masa on numara beş yıldız yüzde yüz garanti kaçırma! 3 tane al!,1,1_15
"lamba tam istediğim gibi, tekrar alabilirim. 10 gün önce teslim edildi.",0,0_17
kitap için iade süreci sorunsuz ilerledi. Ücret 4 günde yattı.,0,0_14
ayakkabı hayatınız değişecek inanılmaz sonuç hemen satın al! 7 yıldız!,1,1_16
"kazak rengi beklediğim gibi değil, değişim istedim. 6 gün oldu.",0,0_8
monitör dünyada bir numara kesin memnuniyet mükemmel! 5 tane sipariş ver!,1,1_17
termos için iade süreci sorunsuz ilerledi. Ücret 7 günde yattı.,0,0_14
"saat gayet güzel, kargolama hızlıydı. 3 gündür kullanıyorum.",0,0_0
"masa paketinde çizik vardı, iade talebi açtım. 9 gün bekledim.",0,0_1
"şarj cihazı fotoğraftakiyle aynı, kutu ezilmişti. 1 gün sonra ulaştı.",0,0_4
havlu harika harika harika kesinlikle al 10 numara! 10 tane al!,1,1_0
masa için olumsuz yorumları okudum ama bende sorun çıkmadı. 9 gün kullandım.,0,0_18
masa dünyada bir numara kesin memnuniyet mükemmel! 6 tane sipariş ver!,1,1_17
lamba fiyatına göre güzel; kullanım kılavuzu eksik çıktı. 7 gün oldu.,0,0_13
tablet çok hoşuma gitti; özellikle kullanım kolaylığı iyi. 9 gün denedim.,0,0_10
sandalye mükemmel kalite mükemmel fiyat mükemmel satıcı! 3 tane satın al!,1,1_6
yastık dünyada bir numara kesin memnuniyet mükemmel! 9 tane sipariş ver!,1,1_17
"yastık rengi beklediğim gibi değil, değişim istedim. 1 gün oldu.",0,0_8
masa şahane şahane kesinlikle almalısınız rakipsiz kalite! 8 tane!,1,1_8
süpürge mükemmel mükemmel herkese tavsiye hemen satın al! 4 yıldız!,1,1_1
"monitör tam istediğim gibi, tekrar alabilirim. 9 gün önce teslim edildi.",0,0_17
saat için olumsuz yorumları okudum ama bende sorun çıkmadı. 2 gün kullandım.,0,0_18
"saat için satıcıya soru sordum, açıklayıcı cevap verdi. 5 gün kullandım.",0,0_5
telefon kötü paketlenmişti; ürün sağlam kaldı. 9 gün sonra teslim aldım.,0,0_19
mont çok hoşuma gitti; özellikle kullanım kolaylığı iyi. 7 gün denedim.,0,0_10
"çanta için satıcıya soru sordum, açıklayıcı cevap verdi. 9 gün kullandım.",0,0_5
"kazak beklentimi karşıladı, tavsiye ederim. Kargo 6 günde geldi.",0,0_12
fare harika fırsat herkese öneriyorum hemen al pişman olmazsın! 8 yıldız!,1,1_5
kitap için iade süreci sorunsuz ilerledi. Ücret 10 günde yattı.,0,0_14
çanta şahane şahane kesinlikle almalısınız rakipsiz kalite! 10 tane!,1,1_8
çaydanlık fiyatına göre güzel; kullanım kılavuzu eksik çıktı. 7 gün oldu.,0,0_13
tencere muhteşem efsane süper ürün herkese tavsiye al! 10 yıldız!,1,1_9
şarj cihazı şimdi satın al bugün fırsat son fırsat süper süper! 4 tane al!,1,1_19
"çaydanlık kalitesi orta, indirimde alınabilir. 3 günlük deneyimim bu.",0,0_7
termos mükemmel mükemmel herkese tavsiye hemen satın al! 7 yıldız!,1,1_1
"kazak paketinde çizik vardı, iade talebi açtım. 7 gün bekledim.",0,0_1
lamba hayatınız değişecek inanılmaz sonuç hemen satın al! 9 yıldız!,1,1_16
"saat tam istediğim gibi, tekrar alabilirim. 7 gün önce teslim edildi.",0,0_17
"yastık gayet güzel, kargolama hızlıydı. 1 gündür kullanıyorum.",0,0_0
yastık şahane şahane kesinlikle almalısınız rakipsiz kalite! 8 tane!,1,1_8
"telefon gayet güzel, kargolama hızlıydı. 7 gündür kullanıyorum.",0,0_0
termos şimdi satın al bugün fırsat son fırsat süper süper! 6 tane al!,1,1_19
ayakkabı efsane fırsat kaçırma en iyi ürün şimdi sipariş ver! 8 tane!,1,1_2
tablet muhteşem efsane süper ürün herkese tavsiye al! 6 yıldız!,1,1_9
kulaklık süper süper fiyat şahane düşünmeden al al al! 9 yıldız!,1,1_3
lamba berbat berbat berbat asla almayın en kötü ürün! 10 sıfır yıldız!,1,1_10
"suluk gayet güzel, kargolama hızlıydı. 10 gündür kullanıyorum.",0,0_0
telefon şimdi satın al bugün fırsat son fırsat süper süper! 9 tane al!,1,1_19
yastık harika harika harika kesinlikle al 10 numara! 8 tane al!,1,1_0
kitap beklediğimden küçük geldi ama işimi görüyor. 4 gündür bende.,0,0_2
masa berbat berbat berbat asla almayın en kötü ürün! 1 sıfır yıldız!,1,1_10
termos fiyatına göre güzel; kullanım kılavuzu eksik çıktı. 3 gün oldu.,0,0_13
"termos paketinde çizik vardı, iade talebi açtım. 3 gün bekledim.",0,0_1
fare beklediğimden küçük geldi ama işimi görüyor. 7 gündür bende.,0,0_2
"monitör için satıcıya soru sordum, açıklayıcı cevap verdi. 1 gün kullandım.",0,0_5
"çanta için satıcıya soru sordum, açıklayıcı cevap verdi. 2 gün kullandım.",0,0_5
havlu beğenmeyen yok herkes alıyor hemen sen de al! 2 yıldız!,1,1_18
"kulaklık beklentimi karşıladı, tavsiye ederim. Kargo 1 günde geldi.",0,0_12
kitap şimdi satın al bugün fırsat son fırsat süper süper! 7 tane al!,1,1_19
kazak süper süper fiyat şahane düşünmeden al al al! 9 yıldız!,1,1_3
çanta mükemmel kalite mükemmel fiyat mükemmel satıcı! 6 tane satın al!,1,1_6
mont piyasadaki en iyi en ucuz kaçırılmaz hemen sipariş! 1 yıldız!,1,1_7
"çaydanlık uzun kullanımda rahat değil, kısa süre için uygun. 10 gündür bende.",0,0_16
"fare siparişim yanlış renk geldi, satıcı değişim yaptı. 6 gün bekledim.",0,0_15
mont fiyatına göre güzel; kullanım kılavuzu eksik çıktı. 5 gün oldu.,0,0_13
şarj cihazı muhteşem efsane süper ürün herkese tavsiye al! 9 yıldız!,1,1_9
"saat kalitesi orta, indirimde alınabilir. 8 günlük deneyimim bu.",0,0_7
"şarj cihazı paketinde çizik vardı, iade talebi açtım. 10 gün bekledim.",0,0_1
tablet harika fırsat herkese öneriyorum hemen al pişman olmazsın! 1 yıldız!,1,1_5
yastık rezalet rezalet para tuzağı sakın satın alma! 9 sıfır puan!,1,1_12
kamera on numara beş yıldız yüzde yüz garanti kaçırma! 8 tane al!,1,1_15
telefon on numara beş yıldız yüzde yüz garanti kaçırma! 4 tane al!,1,1_15
saat süper süper fiyat şahane düşünmeden al al al! 2 yıldız!,1,1_3
kamera şimdi satın al bugün fırsat son fırsat süper süper! 6 tane al!,1,1_19
kitap hakkında olumsuz yazanlara inanmayın kusursuz süper! 10 yıldız!,1,1_14
suluk dünyada bir numara kesin memnuniyet mükemmel! 7 tane sipariş ver!,1,1_17
"kamera fotoğraftakiyle aynı, kutu ezilmişti. 10 gün sonra ulaştı.",0,0_4
"kazak kalitesi orta, indirimde alınabilir. 2 günlük deneyimim bu.",0,0_7
yastık on numara beş yıldız yüzde yüz garanti kaçırma! 4 tane al!,1,1_15
monitör rezalet rezalet para tuzağı sakın satın alma! 8 sıfır puan!,1,1_12
"ayakkabı rengi beklediğim gibi değil, değişim istedim. 6 gün oldu.",0,0_8
tablet piyasadaki en iyi en ucuz kaçırılmaz hemen sipariş! 5 yıldız!,1,1_7
lamba beğenmeyen yok herkes alıyor hemen sen de al! 1 yıldız!,1,1_18
"mont fotoğraftakiyle aynı, kutu ezilmişti. 3 gün sonra ulaştı.",0,0_4
"şarj cihazı gayet güzel, kargolama hızlıydı. 10 gündür kullanıyorum.",0,0_0
termos harika görünüyor ama bağlantı noktası gevşek. 8 gündür kullanıyorum.,0,0_11
lamba harika fırsat herkese öneriyorum hemen al pişman olmazsın! 2 yıldız!,1,1_5
kazak şimdi satın al bugün fırsat son fırsat süper süper! 1 tane al!,1,1_19
masa piyasadaki en iyi en ucuz kaçırılmaz hemen sipariş! 3 yıldız!,1,1_7
"klavye beklentimi karşıladı, tavsiye ederim. Kargo 9 günde geldi.",0,0_12
"sandalye paketinde çizik vardı, iade talebi açtım. 9 gün bekledim.",0,0_1
sandalye mükemmel kalite mükemmel fiyat mükemmel satıcı! 10 tane satın al!,1,1_6
"telefon malzemesi iyi, fiyatı biraz yüksek. Teslimat 8 gün sürdü.",0,0_3
çanta için olumsuz yorumları okudum ama bende sorun çıkmadı. 9 gün kullandım.,0,0_18
kamera fiyatına göre güzel; kullanım kılavuzu eksik çıktı. 9 gün oldu.,0,0_13
kulaklık şahane şahane kesinlikle almalısınız rakipsiz kalite! 7 tane!,1,1_8
tencere beklediğimden küçük geldi ama işimi görüyor. 10 gündür bende.,0,0_2
"yastık rengi beklediğim gibi değil, değişim istedim. 9 gün oldu.",0,0_8
kazak dünyada bir numara kesin memnuniyet mükemmel! 7 tane sipariş ver!,1,1_17
"termos siparişim yanlış renk geldi, satıcı değişim yaptı. 3 gün bekledim.",0,0_15
saat şahane şahane kesinlikle almalısınız rakipsiz kalite! 9 tane!,1,1_8
"şarj cihazı gayet güzel, kargolama hızlıydı. 8 gündür kullanıyorum.",0,0_0
"suluk fotoğraftakiyle aynı, kutu ezilmişti. 9 gün sonra ulaştı.",0,0_4
çaydanlık inanılmaz kusursuz muhteşem satıcı bir numara! 8 tane al!,1,1_4
"çanta paketinde çizik vardı, iade talebi açtım. 2 gün bekledim.",0,0_1
lamba hayatınız değişecek inanılmaz sonuç hemen satın al! 4 yıldız!,1,1_16
termos piyasadaki en iyi en ucuz kaçırılmaz hemen sipariş! 10 yıldız!,1,1_7
tablet mükemmel kalite mükemmel fiyat mükemmel satıcı! 10 tane satın al!,1,1_6
"mont kullanışlı çıktı, ambalajı özenliydi. 6 gündür sorun yaşamadım.",0,0_9
hoparlör dünyada bir numara kesin memnuniyet mükemmel! 4 tane sipariş ver!,1,1_17
"saat uzun kullanımda rahat değil, kısa süre için uygun. 9 gündür bende.",0,0_16
süpürge mükemmel kalite mükemmel fiyat mükemmel satıcı! 3 tane satın al!,1,1_6
"çanta kullanışlı çıktı, ambalajı özenliydi. 5 gündür sorun yaşamadım.",0,0_9
tablet harika harika harika kesinlikle al 10 numara! 3 tane al!,1,1_0
kazak harika fırsat herkese öneriyorum hemen al pişman olmazsın! 5 yıldız!,1,1_5
mont rezalet rezalet para tuzağı sakın satın alma! 2 sıfır puan!,1,1_12
"saat kullanışlı çıktı, ambalajı özenliydi. 5 gündür sorun yaşamadım.",0,0_9
"sandalye fotoğraftakiyle aynı, kutu ezilmişti. 7 gün sonra ulaştı.",0,0_4
kazak piyasadaki en iyi en ucuz kaçırılmaz hemen sipariş! 6 yıldız!,1,1_7
havlu şimdi satın al bugün fırsat son fırsat süper süper! 1 tane al!,1,1_19
fare süper süper fiyat şahane düşünmeden al al al! 3 yıldız!,1,1_3
"çaydanlık beklentimi karşıladı, tavsiye ederim. Kargo 6 günde geldi.",0,0_12
"mont tam istediğim gibi, tekrar alabilirim. 2 gün önce teslim edildi.",0,0_17
havlu süper süper fiyat şahane düşünmeden al al al! 7 yıldız!,1,1_3
klavye mükemmel kalite mükemmel fiyat mükemmel satıcı! 10 tane satın al!,1,1_6
tablet kesinlikle uzak dur herkes başka markayı alsın! 8 kere söylüyorum!,1,1_11
tablet kesinlikle uzak dur herkes başka markayı alsın! 1 kere söylüyorum!,1,1_11
hoparlör beklediğimden küçük geldi ama işimi görüyor. 7 gündür bende.,0,0_2
suluk rezalet rezalet para tuzağı sakın satın alma! 6 sıfır puan!,1,1_12
lamba muhteşem efsane süper ürün herkese tavsiye al! 1 yıldız!,1,1_9
klavye mükemmel kalite mükemmel fiyat mükemmel satıcı! 9 tane satın al!,1,1_6
masa piyasadaki en iyi en ucuz kaçırılmaz hemen sipariş! 8 yıldız!,1,1_7
"havlu kalitesi orta, indirimde alınabilir. 4 günlük deneyimim bu.",0,0_7
"sandalye uzun kullanımda rahat değil, kısa süre için uygun. 1 gündür bende.",0,0_16
çaydanlık kesinlikle uzak dur herkes başka markayı alsın! 6 kere söylüyorum!,1,1_11
şarj cihazı mükemmel mükemmel herkese tavsiye hemen satın al! 7 yıldız!,1,1_1
kazak için rakip yok bütün ürünlerden üstün hemen al! 3 tane sipariş!,1,1_13
lamba süper süper fiyat şahane düşünmeden al al al! 9 yıldız!,1,1_3
masa beklediğimden küçük geldi ama işimi görüyor. 10 gündür bende.,0,0_2
"mont gayet güzel, kargolama hızlıydı. 10 gündür kullanıyorum.",0,0_0
suluk mükemmel mükemmel herkese tavsiye hemen satın al! 8 yıldız!,1,1_1
süpürge için olumsuz yorumları okudum ama bende sorun çıkmadı. 8 gün kullandım.,0,0_18
monitör için olumsuz yorumları okudum ama bende sorun çıkmadı. 1 gün kullandım.,0,0_18
mont on numara beş yıldız yüzde yüz garanti kaçırma! 9 tane al!,1,1_15
kulaklık on numara beş yıldız yüzde yüz garanti kaçırma! 8 tane al!,1,1_15
"mont için satıcıya soru sordum, açıklayıcı cevap verdi. 6 gün kullandım.",0,0_5
lamba harika görünüyor ama bağlantı noktası gevşek. 10 gündür kullanıyorum.,0,0_11
"masa paketinde çizik vardı, iade talebi açtım. 7 gün bekledim.",0,0_1
çaydanlık için rakip yok bütün ürünlerden üstün hemen al! 8 tane sipariş!,1,1_13
"suluk beklentimi karşıladı, tavsiye ederim. Kargo 2 günde geldi.",0,0_12
"klavye için satıcıya soru sordum, açıklayıcı cevap verdi. 7 gün kullandım.",0,0_5
süpürge süper süper fiyat şahane düşünmeden al al al! 4 yıldız!,1,1_3
"suluk uzun kullanımda rahat değil, kısa süre için uygun. 10 gündür bende.",0,0_16
ayakkabı harika fırsat herkese öneriyorum hemen al pişman olmazsın! 4 yıldız!,1,1_5
çanta dünyada bir numara kesin memnuniyet mükemmel! 2 tane sipariş ver!,1,1_17
yastık inanılmaz kusursuz muhteşem satıcı bir numara! 8 tane al!,1,1_4
"kitap fotoğraftakiyle aynı, kutu ezilmişti. 3 gün sonra ulaştı.",0,0_4
"termos fotoğraftakiyle aynı, kutu ezilmişti. 4 gün sonra ulaştı.",0,0_4
ayakkabı muhteşem efsane süper ürün herkese tavsiye al! 10 yıldız!,1,1_9
"klavye malzemesi iyi, fiyatı biraz yüksek. Teslimat 5 gün sürdü.",0,0_3
şarj cihazı muhteşem efsane süper ürün herkese tavsiye al! 1 yıldız!,1,1_9
"kitap siparişim yanlış renk geldi, satıcı değişim yaptı. 7 gün bekledim.",0,0_15
tablet kötü paketlenmişti; ürün sağlam kaldı. 5 gün sonra teslim aldım.,0,0_19
sandalye muhteşem efsane süper ürün herkese tavsiye al! 2 yıldız!,1,1_9
çaydanlık için rakip yok bütün ürünlerden üstün hemen al! 10 tane sipariş!,1,1_13
hoparlör hakkında olumsuz yazanlara inanmayın kusursuz süper! 8 yıldız!,1,1_14
telefon muhteşem efsane süper ürün herkese tavsiye al! 3 yıldız!,1,1_9
suluk kesinlikle uzak dur herkes başka markayı alsın! 8 kere söylüyorum!,1,1_11
termos harika fırsat herkese öneriyorum hemen al pişman olmazsın! 4 yıldız!,1,1_5
yastık kesinlikle uzak dur herkes başka markayı alsın! 2 kere söylüyorum!,1,1_11
ayakkabı rezalet rezalet para tuzağı sakın satın alma! 4 sıfır puan!,1,1_12
kulaklık mükemmel mükemmel herkese tavsiye hemen satın al! 10 yıldız!,1,1_1
kamera hayatınız değişecek inanılmaz sonuç hemen satın al! 4 yıldız!,1,1_16
"kamera paketinde çizik vardı, iade talebi açtım. 4 gün bekledim.",0,0_1
fare muhteşem efsane süper ürün herkese tavsiye al! 4 yıldız!,1,1_9
hoparlör için iade süreci sorunsuz ilerledi. Ücret 5 günde yattı.,0,0_14
çaydanlık harika fırsat herkese öneriyorum hemen al pişman olmazsın! 10 yıldız!,1,1_5
tencere mükemmel mükemmel herkese tavsiye hemen satın al! 10 yıldız!,1,1_1
çanta beğenmeyen yok herkes alıyor hemen sen de al! 9 yıldız!,1,1_18
mont için rakip yok bütün ürünlerden üstün hemen al! 9 tane sipariş!,1,1_13
"yastık fotoğraftakiyle aynı, kutu ezilmişti. 10 gün sonra ulaştı.",0,0_4
süpürge kesinlikle uzak dur herkes başka markayı alsın! 6 kere söylüyorum!,1,1_11
"süpürge malzemesi iyi, fiyatı biraz yüksek. Teslimat 4 gün sürdü.",0,0_3
kazak kötü paketlenmişti; ürün sağlam kaldı. 8 gün sonra teslim aldım.,0,0_19
şarj cihazı fiyatına göre güzel; kullanım kılavuzu eksik çıktı. 5 gün oldu.,0,0_13
"telefon rengi beklediğim gibi değil, değişim istedim. 8 gün oldu.",0,0_8
kitap fiyatına göre güzel; kullanım kılavuzu eksik çıktı. 8 gün oldu.,0,0_13
masa on numara beş yıldız yüzde yüz garanti kaçırma! 10 tane al!,1,1_15
hoparlör için rakip yok bütün ürünlerden üstün hemen al! 7 tane sipariş!,1,1_13
"kulaklık tam istediğim gibi, tekrar alabilirim. 2 gün önce teslim edildi.",0,0_17
fare piyasadaki en iyi en ucuz kaçırılmaz hemen sipariş! 5 yıldız!,1,1_7
hoparlör rezalet rezalet para tuzağı sakın satın alma! 10 sıfır puan!,1,1_12
telefon çok hoşuma gitti; özellikle kullanım kolaylığı iyi. 7 gün denedim.,0,0_10
tablet süper süper fiyat şahane düşünmeden al al al! 1 yıldız!,1,1_3
"havlu için satıcıya soru sordum, açıklayıcı cevap verdi. 10 gün kullandım.",0,0_5
süpürge için iade süreci sorunsuz ilerledi. Ücret 2 günde yattı.,0,0_14
"kazak kullanışlı çıktı, ambalajı özenliydi. 6 gündür sorun yaşamadım.",0,0_9
yastık mükemmel kalite mükemmel fiyat mükemmel satıcı! 2 tane satın al!,1,1_6
termos beğenmeyen yok herkes alıyor hemen sen de al! 1 yıldız!,1,1_18
"kitap için satıcıya soru sordum, açıklayıcı cevap verdi. 7 gün kullandım.",0,0_5
"tablet kullanışlı çıktı, ambalajı özenliydi. 4 gündür sorun yaşamadım.",0,0_9
saat mükemmel mükemmel herkese tavsiye hemen satın al! 7 yıldız!,1,1_1
"tencere fotoğraftakiyle aynı, kutu ezilmişti. 7 gün sonra ulaştı.",0,0_4
suluk harika görünüyor ama bağlantı noktası gevşek. 6 gündür kullanıyorum.,0,0_11
"sandalye kullanışlı çıktı, ambalajı özenliydi. 8 gündür sorun yaşamadım.",0,0_9
ayakkabı için iade süreci sorunsuz ilerledi. Ücret 3 günde yattı.,0,0_14
masa harika görünüyor ama bağlantı noktası gevşek. 6 gündür kullanıyorum.,0,0_11
mont efsane fırsat kaçırma en iyi ürün şimdi sipariş ver! 4 tane!,1,1_2
fare mükemmel kalite mükemmel fiyat mükemmel satıcı! 5 tane satın al!,1,1_6
havlu efsane fırsat kaçırma en iyi ürün şimdi sipariş ver! 1 tane!,1,1_2
süpürge harika fırsat herkese öneriyorum hemen al pişman olmazsın! 9 yıldız!,1,1_5
kamera harika görünüyor ama bağlantı noktası gevşek. 9 gündür kullanıyorum.,0,0_11
tencere harika harika harika kesinlikle al 10 numara! 4 tane al!,1,1_0
çaydanlık fiyatına göre güzel; kullanım kılavuzu eksik çıktı. 6 gün oldu.,0,0_13
ayakkabı şimdi satın al bugün fırsat son fırsat süper süper! 7 tane al!,1,1_19
tablet fiyatına göre güzel; kullanım kılavuzu eksik çıktı. 2 gün oldu.,0,0_13
çaydanlık için iade süreci sorunsuz ilerledi. Ücret 8 günde yattı.,0,0_14
kitap piyasadaki en iyi en ucuz kaçırılmaz hemen sipariş! 6 yıldız!,1,1_7
fare mükemmel mükemmel herkese tavsiye hemen satın al! 9 yıldız!,1,1_1
"suluk rengi beklediğim gibi değil, değişim istedim. 9 gün oldu.",0,0_8
masa için iade süreci sorunsuz ilerledi. Ücret 10 günde yattı.,0,0_14
"termos rengi beklediğim gibi değil, değişim istedim. 9 gün oldu.",0,0_8
termos kötü paketlenmişti; ürün sağlam kaldı. 3 gün sonra teslim aldım.,0,0_19
lamba inanılmaz kusursuz muhteşem satıcı bir numara! 4 tane al!,1,1_4
telefon harika fırsat herkese öneriyorum hemen al pişman olmazsın! 5 yıldız!,1,1_5
tablet süper süper fiyat şahane düşünmeden al al al! 9 yıldız!,1,1_3
fare kötü paketlenmişti; ürün sağlam kaldı. 7 gün sonra teslim aldım.,0,0_19
"tencere kalitesi orta, indirimde alınabilir. 9 günlük deneyimim bu.",0,0_7
yastık hakkında olumsuz yazanlara inanmayın kusursuz süper! 1 yıldız!,1,1_14
tencere süper süper fiyat şahane düşünmeden al al al! 1 yıldız!,1,1_3
termos inanılmaz kusursuz muhteşem satıcı bir numara! 7 tane al!,1,1_4
"kulaklık kalitesi orta, indirimde alınabilir. 1 günlük deneyimim bu.",0,0_7
kamera şahane şahane kesinlikle almalısınız rakipsiz kalite! 1 tane!,1,1_8
çanta için iade süreci sorunsuz ilerledi. Ücret 2 günde yattı.,0,0_14
"klavye uzun kullanımda rahat değil, kısa süre için uygun. 3 gündür bende.",0,0_16
"kulaklık ilk gün iyiydi, sonra arıza yaptı. 10 gün sonra servise verdim.",0,0_6
"klavye için satıcıya soru sordum, açıklayıcı cevap verdi. 3 gün kullandım.",0,0_5
yastık kötü paketlenmişti; ürün sağlam kaldı. 3 gün sonra teslim aldım.,0,0_19
"suluk beklentimi karşıladı, tavsiye ederim. Kargo 8 günde geldi.",0,0_12
süpürge rezalet rezalet para tuzağı sakın satın alma! 5 sıfır puan!,1,1_12
kitap süper süper fiyat şahane düşünmeden al al al! 6 yıldız!,1,1_3
sandalye harika fırsat herkese öneriyorum hemen al pişman olmazsın! 1 yıldız!,1,1_5
lamba kesinlikle uzak dur herkes başka markayı alsın! 9 kere söylüyorum!,1,1_11
"saat beklentimi karşıladı, tavsiye ederim. Kargo 10 günde geldi.",0,0_12
"mont kalitesi orta, indirimde alınabilir. 6 günlük deneyimim bu.",0,0_7
termos süper süper fiyat şahane düşünmeden al al al! 3 yıldız!,1,1_3
termos mükemmel kalite mükemmel fiyat mükemmel satıcı! 3 tane satın al!,1,1_6
"sandalye beklentimi karşıladı, tavsiye ederim. Kargo 5 günde geldi.",0,0_12
sandalye on numara beş yıldız yüzde yüz garanti kaçırma! 10 tane al!,1,1_15
klavye süper süper fiyat şahane düşünmeden al al al! 9 yıldız!,1,1_3
mont harika görünüyor ama bağlantı noktası gevşek. 7 gündür kullanıyorum.,0,0_11
kitap muhteşem efsane süper ürün herkese tavsiye al! 1 yıldız!,1,1_9
monitör beğenmeyen yok herkes alıyor hemen sen de al! 1 yıldız!,1,1_18
havlu dünyada bir numara kesin memnuniyet mükemmel! 6 tane sipariş ver!,1,1_17
tablet süper süper fiyat şahane düşünmeden al al al! 4 yıldız!,1,1_3
kulaklık harika görünüyor ama bağlantı noktası gevşek. 3 gündür kullanıyorum.,0,0_11
çanta beğenmeyen yok herkes alıyor hemen sen de al! 1 yıldız!,1,1_18
kamera beklediğimden küçük geldi ama işimi görüyor. 1 gündür bende.,0,0_2
"termos uzun kullanımda rahat değil, kısa süre için uygun. 8 gündür bende.",0,0_16
saat süper süper fiyat şahane düşünmeden al al al! 10 yıldız!,1,1_3
telefon için olumsuz yorumları okudum ama bende sorun çıkmadı. 6 gün kullandım.,0,0_18
"telefon tam istediğim gibi, tekrar alabilirim. 2 gün önce teslim edildi.",0,0_17
fare inanılmaz kusursuz muhteşem satıcı bir numara! 6 tane al!,1,1_4
kamera muhteşem efsane süper ürün herkese tavsiye al! 6 yıldız!,1,1_9
havlu harika fırsat herkese öneriyorum hemen al pişman olmazsın! 2 yıldız!,1,1_5
süpürge rezalet rezalet para tuzağı sakın satın alma! 3 sıfır puan!,1,1_12
kamera çok hoşuma gitti; özellikle kullanım kolaylığı iyi. 3 gün denedim.,0,0_10
suluk efsane fırsat kaçırma en iyi ürün şimdi sipariş ver! 3 tane!,1,1_2
monitör beklediğimden küçük geldi ama işimi görüyor. 6 gündür bende.,0,0_2
"termos gayet güzel, kargolama hızlıydı. 1 gündür kullanıyorum.",0,0_0
süpürge hayatınız değişecek inanılmaz sonuç hemen satın al! 3 yıldız!,1,1_16
tencere çok hoşuma gitti; özellikle kullanım kolaylığı iyi. 6 gün denedim.,0,0_10
"sandalye gayet güzel, kargolama hızlıydı. 6 gündür kullanıyorum.",0,0_0
mont süper süper fiyat şahane düşünmeden al al al! 1 yıldız!,1,1_3
çanta dünyada bir numara kesin memnuniyet mükemmel! 5 tane sipariş ver!,1,1_17
kamera hayatınız değişecek inanılmaz sonuç hemen satın al! 10 yıldız!,1,1_16
"kazak malzemesi iyi, fiyatı biraz yüksek. Teslimat 1 gün sürdü.",0,0_3
"ayakkabı kullanışlı çıktı, ambalajı özenliydi. 4 gündür sorun yaşamadım.",0,0_9
süpürge dünyada bir numara kesin memnuniyet mükemmel! 3 tane sipariş ver!,1,1_17
"saat uzun kullanımda rahat değil, kısa süre için uygun. 8 gündür bende.",0,0_16
havlu şimdi satın al bugün fırsat son fırsat süper süper! 6 tane al!,1,1_19
kazak harika harika harika kesinlikle al 10 numara! 1 tane al!,1,1_0
"kulaklık fotoğraftakiyle aynı, kutu ezilmişti. 3 gün sonra ulaştı.",0,0_4
yastık berbat berbat berbat asla almayın en kötü ürün! 1 sıfır yıldız!,1,1_10
"süpürge kullanışlı çıktı, ambalajı özenliydi. 9 gündür sorun yaşamadım.",0,0_9
"masa kullanışlı çıktı, ambalajı özenliydi. 3 gündür sorun yaşamadım.",0,0_9
sandalye fiyatına göre güzel; kullanım kılavuzu eksik çıktı. 9 gün oldu.,0,0_13
çaydanlık süper süper fiyat şahane düşünmeden al al al! 6 yıldız!,1,1_3
tablet şimdi satın al bugün fırsat son fırsat süper süper! 4 tane al!,1,1_19
monitör on numara beş yıldız yüzde yüz garanti kaçırma! 2 tane al!,1,1_15
"havlu kalitesi orta, indirimde alınabilir. 9 günlük deneyimim bu.",0,0_7
klavye fiyatına göre güzel; kullanım kılavuzu eksik çıktı. 4 gün oldu.,0,0_13
"çaydanlık kullanışlı çıktı, ambalajı özenliydi. 2 gündür sorun yaşamadım.",0,0_9
mont hayatınız değişecek inanılmaz sonuç hemen satın al! 3 yıldız!,1,1_16
"sandalye malzemesi iyi, fiyatı biraz yüksek. Teslimat 5 gün sürdü.",0,0_3
"çanta rengi beklediğim gibi değil, değişim istedim. 2 gün oldu.",0,0_8
"hoparlör tam istediğim gibi, tekrar alabilirim. 5 gün önce teslim edildi.",0,0_17
"çanta gayet güzel, kargolama hızlıydı. 4 gündür kullanıyorum.",0,0_0
mont harika fırsat herkese öneriyorum hemen al pişman olmazsın! 5 yıldız!,1,1_5
sandalye için rakip yok bütün ürünlerden üstün hemen al! 8 tane sipariş!,1,1_13
hoparlör şahane şahane kesinlikle almalısınız rakipsiz kalite! 2 tane!,1,1_8
"havlu siparişim yanlış renk geldi, satıcı değişim yaptı. 1 gün bekledim.",0,0_15
"lamba gayet güzel, kargolama hızlıydı. 1 gündür kullanıyorum.",0,0_0
"ayakkabı fotoğraftakiyle aynı, kutu ezilmişti. 7 gün sonra ulaştı.",0,0_4
kamera kesinlikle uzak dur herkes başka markayı alsın! 2 kere söylüyorum!,1,1_11
lamba çok hoşuma gitti; özellikle kullanım kolaylığı iyi. 1 gün denedim.,0,0_10
saat rezalet rezalet para tuzağı sakın satın alma! 3 sıfır puan!,1,1_12
lamba şahane şahane kesinlikle almalısınız rakipsiz kalite! 5 tane!,1,1_8
termos için rakip yok bütün ürünlerden üstün hemen al! 10 tane sipariş!,1,1_13
saat rezalet rezalet para tuzağı sakın satın alma! 7 sıfır puan!,1,1_12
kazak efsane fırsat kaçırma en iyi ürün şimdi sipariş ver! 1 tane!,1,1_2
masa için rakip yok bütün ürünlerden üstün hemen al! 4 tane sipariş!,1,1_13
kamera beğenmeyen yok herkes alıyor hemen sen de al! 8 yıldız!,1,1_18
mont şimdi satın al bugün fırsat son fırsat süper süper! 9 tane al!,1,1_19
fare şahane şahane kesinlikle almalısınız rakipsiz kalite! 8 tane!,1,1_8
"hoparlör tam istediğim gibi, tekrar alabilirim. 3 gün önce teslim edildi.",0,0_17
lamba muhteşem efsane süper ürün herkese tavsiye al! 3 yıldız!,1,1_9
"telefon için satıcıya soru sordum, açıklayıcı cevap verdi. 2 gün kullandım.",0,0_5
"masa ilk gün iyiydi, sonra arıza yaptı. 9 gün sonra servise verdim.",0,0_6
termos süper süper fiyat şahane düşünmeden al al al! 2 yıldız!,1,1_3
klavye şahane şahane kesinlikle almalısınız rakipsiz kalite! 3 tane!,1,1_8
havlu şimdi satın al bugün fırsat son fırsat süper süper! 7 tane al!,1,1_19
mont fiyatına göre güzel; kullanım kılavuzu eksik çıktı. 4 gün oldu.,0,0_13
"tablet tam istediğim gibi, tekrar alabilirim. 2 gün önce teslim edildi.",0,0_17
çaydanlık beklediğimden küçük geldi ama işimi görüyor. 5 gündür bende.,0,0_2
klavye on numara beş yıldız yüzde yüz garanti kaçırma! 3 tane al!,1,1_15
süpürge çok hoşuma gitti; özellikle kullanım kolaylığı iyi. 2 gün denedim.,0,0_10
kazak hakkında olumsuz yazanlara inanmayın kusursuz süper! 4 yıldız!,1,1_14
lamba piyasadaki en iyi en ucuz kaçırılmaz hemen sipariş! 5 yıldız!,1,1_7
havlu beklediğimden küçük geldi ama işimi görüyor. 10 gündür bende.,0,0_2
tencere rezalet rezalet para tuzağı sakın satın alma! 9 sıfır puan!,1,1_12
"yastık tam istediğim gibi, tekrar alabilirim. 3 gün önce teslim edildi.",0,0_17
kamera kesinlikle uzak dur herkes başka markayı alsın! 10 kere söylüyorum!,1,1_11
yastık beğenmeyen yok herkes alıyor hemen sen de al! 10 yıldız!,1,1_18
"lamba ilk gün iyiydi, sonra arıza yaptı. 2 gün sonra servise verdim.",0,0_6
termos beklediğimden küçük geldi ama işimi görüyor. 5 gündür bende.,0,0_2
hoparlör hayatınız değişecek inanılmaz sonuç hemen satın al! 2 yıldız!,1,1_16
fare kesinlikle uzak dur herkes başka markayı alsın! 9 kere söylüyorum!,1,1_11
süpürge süper süper fiyat şahane düşünmeden al al al! 5 yıldız!,1,1_3
termos dünyada bir numara kesin memnuniyet mükemmel! 1 tane sipariş ver!,1,1_17
"klavye ilk gün iyiydi, sonra arıza yaptı. 4 gün sonra servise verdim.",0,0_6
suluk harika görünüyor ama bağlantı noktası gevşek. 8 gündür kullanıyorum.,0,0_11
monitör şahane şahane kesinlikle almalısınız rakipsiz kalite! 8 tane!,1,1_8
kamera efsane fırsat kaçırma en iyi ürün şimdi sipariş ver! 5 tane!,1,1_2
"kamera için satıcıya soru sordum, açıklayıcı cevap verdi. 7 gün kullandım.",0,0_5
tencere kesinlikle uzak dur herkes başka markayı alsın! 8 kere söylüyorum!,1,1_11
havlu harika harika harika kesinlikle al 10 numara! 4 tane al!,1,1_0
tencere on numara beş yıldız yüzde yüz garanti kaçırma! 1 tane al!,1,1_15
"masa paketinde çizik vardı, iade talebi açtım. 8 gün bekledim.",0,0_1
"şarj cihazı paketinde çizik vardı, iade talebi açtım. 4 gün bekledim.",0,0_1
kulaklık beklediğimden küçük geldi ama işimi görüyor. 7 gündür bende.,0,0_2
süpürge kesinlikle uzak dur herkes başka markayı alsın! 5 kere söylüyorum!,1,1_11
hoparlör mükemmel mükemmel herkese tavsiye hemen satın al! 9 yıldız!,1,1_1
kitap kötü paketlenmişti; ürün sağlam kaldı. 2 gün sonra teslim aldım.,0,0_19
telefon şahane şahane kesinlikle almalısınız rakipsiz kalite! 3 tane!,1,1_8
telefon on numara beş yıldız yüzde yüz garanti kaçırma! 3 tane al!,1,1_15
termos çok hoşuma gitti; özellikle kullanım kolaylığı iyi. 7 gün denedim.,0,0_10
çaydanlık şahane şahane kesinlikle almalısınız rakipsiz kalite! 1 tane!,1,1_8
"saat tam istediğim gibi, tekrar alabilirim. 8 gün önce teslim edildi.",0,0_17
"havlu uzun kullanımda rahat değil, kısa süre için uygun. 6 gündür bende.",0,0_16
"mont paketinde çizik vardı, iade talebi açtım. 10 gün bekledim.",0,0_1
saat on numara beş yıldız yüzde yüz garanti kaçırma! 5 tane al!,1,1_15
kamera mükemmel kalite mükemmel fiyat mükemmel satıcı! 4 tane satın al!,1,1_6
monitör için iade süreci sorunsuz ilerledi. Ücret 10 günde yattı.,0,0_14
"telefon uzun kullanımda rahat değil, kısa süre için uygun. 4 gündür bende.",0,0_16
lamba için rakip yok bütün ürünlerden üstün hemen al! 3 tane sipariş!,1,1_13
klavye için olumsuz yorumları okudum ama bende sorun çıkmadı. 6 gün kullandım.,0,0_18
"kazak gayet güzel, kargolama hızlıydı. 3 gündür kullanıyorum.",0,0_0
süpürge muhteşem efsane süper ürün herkese tavsiye al! 9 yıldız!,1,1_9
havlu berbat berbat berbat asla almayın en kötü ürün! 4 sıfır yıldız!,1,1_10
ayakkabı kesinlikle uzak dur herkes başka markayı alsın! 1 kere söylüyorum!,1,1_11
"mont ilk gün iyiydi, sonra arıza yaptı. 1 gün sonra servise verdim.",0,0_6
lamba beklediğimden küçük geldi ama işimi görüyor. 5 gündür bende.,0,0_2
mont şahane şahane kesinlikle almalısınız rakipsiz kalite! 6 tane!,1,1_8
kazak rezalet rezalet para tuzağı sakın satın alma! 4 sıfır puan!,1,1_12
suluk mükemmel kalite mükemmel fiyat mükemmel satıcı! 7 tane satın al!,1,1_6
"yastık beklentimi karşıladı, tavsiye ederim. Kargo 10 günde geldi.",0,0_12
kamera beklediğimden küçük geldi ama işimi görüyor. 7 gündür bende.,0,0_2
lamba harika harika harika kesinlikle al 10 numara! 10 tane al!,1,1_0
kamera beğenmeyen yok herkes alıyor hemen sen de al! 4 yıldız!,1,1_18
kamera için olumsuz yorumları okudum ama bende sorun çıkmadı. 4 gün kullandım.,0,0_18
şarj cihazı hayatınız değişecek inanılmaz sonuç hemen satın al! 10 yıldız!,1,1_16
tablet şahane şahane kesinlikle almalısınız rakipsiz kalite! 4 tane!,1,1_8
"termos uzun kullanımda rahat değil, kısa süre için uygun. 4 gündür bende.",0,0_16
havlu şimdi satın al bugün fırsat son fırsat süper süper! 3 tane al!,1,1_19
fare beklediğimden küçük geldi ama işimi görüyor. 3 gündür bende.,0,0_2
"mont rengi beklediğim gibi değil, değişim istedim. 8 gün oldu.",0,0_8
telefon piyasadaki en iyi en ucuz kaçırılmaz hemen sipariş! 7 yıldız!,1,1_7
saat on numara beş yıldız yüzde yüz garanti kaçırma! 10 tane al!,1,1_15
kitap kesinlikle uzak dur herkes başka markayı alsın! 4 kere söylüyorum!,1,1_11
"süpürge fotoğraftakiyle aynı, kutu ezilmişti. 6 gün sonra ulaştı.",0,0_4
hoparlör mükemmel mükemmel herkese tavsiye hemen satın al! 1 yıldız!,1,1_1
"ayakkabı tam istediğim gibi, tekrar alabilirim. 7 gün önce teslim edildi.",0,0_17
klavye beğenmeyen yok herkes alıyor hemen sen de al! 5 yıldız!,1,1_18
"tencere fotoğraftakiyle aynı, kutu ezilmişti. 2 gün sonra ulaştı.",0,0_4
klavye şahane şahane kesinlikle almalısınız rakipsiz kalite! 8 tane!,1,1_8
çaydanlık harika fırsat herkese öneriyorum hemen al pişman olmazsın! 6 yıldız!,1,1_5
"tablet fotoğraftakiyle aynı, kutu ezilmişti. 8 gün sonra ulaştı.",0,0_4
çaydanlık hayatınız değişecek inanılmaz sonuç hemen satın al! 1 yıldız!,1,1_16
"lamba kalitesi orta, indirimde alınabilir. 1 günlük deneyimim bu.",0,0_7
"havlu fotoğraftakiyle aynı, kutu ezilmişti. 3 gün sonra ulaştı.",0,0_4
"lamba uzun kullanımda rahat değil, kısa süre için uygun. 4 gündür bende.",0,0_16
"kulaklık siparişim yanlış renk geldi, satıcı değişim yaptı. 7 gün bekledim.",0,0_15
"tencere tam istediğim gibi, tekrar alabilirim. 8 gün önce teslim edildi.",0,0_17
sandalye efsane fırsat kaçırma en iyi ürün şimdi sipariş ver! 7 tane!,1,1_2
tablet rezalet rezalet para tuzağı sakın satın alma! 8 sıfır puan!,1,1_12
"fare ilk gün iyiydi, sonra arıza yaptı. 7 gün sonra servise verdim.",0,0_6
"ayakkabı kullanışlı çıktı, ambalajı özenliydi. 5 gündür sorun yaşamadım.",0,0_9
"çaydanlık gayet güzel, kargolama hızlıydı. 1 gündür kullanıyorum.",0,0_0
yastık şimdi satın al bugün fırsat son fırsat süper süper! 2 tane al!,1,1_19
"şarj cihazı ilk gün iyiydi, sonra arıza yaptı. 1 gün sonra servise verdim.",0,0_6
çaydanlık için iade süreci sorunsuz ilerledi. Ücret 6 günde yattı.,0,0_14
"şarj cihazı rengi beklediğim gibi değil, değişim istedim. 5 gün oldu.",0,0_8
"kulaklık fotoğraftakiyle aynı, kutu ezilmişti. 7 gün sonra ulaştı.",0,0_4
"tencere gayet güzel, kargolama hızlıydı. 4 gündür kullanıyorum.",0,0_0
tablet muhteşem efsane süper ürün herkese tavsiye al! 4 yıldız!,1,1_9
fare on numara beş yıldız yüzde yüz garanti kaçırma! 7 tane al!,1,1_15
"monitör kalitesi orta, indirimde alınabilir. 10 günlük deneyimim bu.",0,0_7
masa harika harika harika kesinlikle al 10 numara! 10 tane al!,1,1_0
tablet on numara beş yıldız yüzde yüz garanti kaçırma! 2 tane al!,1,1_15
"termos gayet güzel, kargolama hızlıydı. 8 gündür kullanıyorum.",0,0_0
"sandalye beklentimi karşıladı, tavsiye ederim. Kargo 4 günde geldi.",0,0_12
hoparlör harika görünüyor ama bağlantı noktası gevşek. 5 gündür kullanıyorum.,0,0_11
şarj cihazı çok hoşuma gitti; özellikle kullanım kolaylığı iyi. 8 gün denedim.,0,0_10
"termos rengi beklediğim gibi değil, değişim istedim. 2 gün oldu.",0,0_8
"havlu rengi beklediğim gibi değil, değişim istedim. 7 gün oldu.",0,0_8
masa için iade süreci sorunsuz ilerledi. Ücret 3 günde yattı.,0,0_14
ayakkabı harika fırsat herkese öneriyorum hemen al pişman olmazsın! 1 yıldız!,1,1_5
"kitap beklentimi karşıladı, tavsiye ederim. Kargo 2 günde geldi.",0,0_12
saat kötü paketlenmişti; ürün sağlam kaldı. 9 gün sonra teslim aldım.,0,0_19
hoparlör piyasadaki en iyi en ucuz kaçırılmaz hemen sipariş! 8 yıldız!,1,1_7
"ayakkabı için satıcıya soru sordum, açıklayıcı cevap verdi. 2 gün kullandım.",0,0_5
havlu harika görünüyor ama bağlantı noktası gevşek. 10 gündür kullanıyorum.,0,0_11
"lamba ilk gün iyiydi, sonra arıza yaptı. 9 gün sonra servise verdim.",0,0_6
termos hakkında olumsuz yazanlara inanmayın kusursuz süper! 10 yıldız!,1,1_14
tablet harika fırsat herkese öneriyorum hemen al pişman olmazsın! 8 yıldız!,1,1_5
"tablet kullanışlı çıktı, ambalajı özenliydi. 1 gündür sorun yaşamadım.",0,0_9
"tencere gayet güzel, kargolama hızlıydı. 2 gündür kullanıyorum.",0,0_0
çaydanlık rezalet rezalet para tuzağı sakın satın alma! 7 sıfır puan!,1,1_12
"termos ilk gün iyiydi, sonra arıza yaptı. 9 gün sonra servise verdim.",0,0_6
"kulaklık kalitesi orta, indirimde alınabilir. 2 günlük deneyimim bu.",0,0_7
"telefon fotoğraftakiyle aynı, kutu ezilmişti. 1 gün sonra ulaştı.",0,0_4
çanta on numara beş yıldız yüzde yüz garanti kaçırma! 8 tane al!,1,1_15
yastık şahane şahane kesinlikle almalısınız rakipsiz kalite! 1 tane!,1,1_8
"kamera tam istediğim gibi, tekrar alabilirim. 5 gün önce teslim edildi.",0,0_17
monitör için iade süreci sorunsuz ilerledi. Ücret 3 günde yattı.,0,0_14
suluk on numara beş yıldız yüzde yüz garanti kaçırma! 2 tane al!,1,1_15
"kitap kalitesi orta, indirimde alınabilir. 10 günlük deneyimim bu.",0,0_7
sandalye beklediğimden küçük geldi ama işimi görüyor. 6 gündür bende.,0,0_2
şarj cihazı efsane fırsat kaçırma en iyi ürün şimdi sipariş ver! 8 tane!,1,1_2
kazak kötü paketlenmişti; ürün sağlam kaldı. 3 gün sonra teslim aldım.,0,0_19
çanta harika harika harika kesinlikle al 10 numara! 5 tane al!,1,1_0
şarj cihazı süper süper fiyat şahane düşünmeden al al al! 6 yıldız!,1,1_3
telefon beğenmeyen yok herkes alıyor hemen sen de al! 2 yıldız!,1,1_18
saat hakkında olumsuz yazanlara inanmayın kusursuz süper! 4 yıldız!,1,1_14
"çaydanlık malzemesi iyi, fiyatı biraz yüksek. Teslimat 2 gün sürdü.",0,0_3
"havlu ilk gün iyiydi, sonra arıza yaptı. 2 gün sonra servise verdim.",0,0_6
"kazak fotoğraftakiyle aynı, kutu ezilmişti. 6 gün sonra ulaştı.",0,0_4
"saat gayet güzel, kargolama hızlıydı. 2 gündür kullanıyorum.",0,0_0
şarj cihazı için rakip yok bütün ürünlerden üstün hemen al! 1 tane sipariş!,1,1_13
"tencere ilk gün iyiydi, sonra arıza yaptı. 4 gün sonra servise verdim.",0,0_6
sandalye şimdi satın al bugün fırsat son fırsat süper süper! 6 tane al!,1,1_19
telefon mükemmel mükemmel herkese tavsiye hemen satın al! 4 yıldız!,1,1_1
"süpürge siparişim yanlış renk geldi, satıcı değişim yaptı. 10 gün bekledim.",0,0_15
tencere berbat berbat berbat asla almayın en kötü ürün! 8 sıfır yıldız!,1,1_10
monitör için rakip yok bütün ürünlerden üstün hemen al! 3 tane sipariş!,1,1_13
kulaklık berbat berbat berbat asla almayın en kötü ürün! 1 sıfır yıldız!,1,1_10
klavye muhteşem efsane süper ürün herkese tavsiye al! 2 yıldız!,1,1_9
tencere harika fırsat herkese öneriyorum hemen al pişman olmazsın! 9 yıldız!,1,1_5
sandalye kötü paketlenmişti; ürün sağlam kaldı. 5 gün sonra teslim aldım.,0,0_19
havlu için iade süreci sorunsuz ilerledi. Ücret 4 günde yattı.,0,0_14
çaydanlık çok hoşuma gitti; özellikle kullanım kolaylığı iyi. 1 gün denedim.,0,0_10
"yastık tam istediğim gibi, tekrar alabilirim. 8 gün önce teslim edildi.",0,0_17
"tencere kalitesi orta, indirimde alınabilir. 1 günlük deneyimim bu.",0,0_7
"sandalye kullanışlı çıktı, ambalajı özenliydi. 7 gündür sorun yaşamadım.",0,0_9
telefon piyasadaki en iyi en ucuz kaçırılmaz hemen sipariş! 5 yıldız!,1,1_7
"ayakkabı siparişim yanlış renk geldi, satıcı değişim yaptı. 3 gün bekledim.",0,0_15
kitap beklediğimden küçük geldi ama işimi görüyor. 10 gündür bende.,0,0_2
"süpürge kalitesi orta, indirimde alınabilir. 3 günlük deneyimim bu.",0,0_7
"havlu beklentimi karşıladı, tavsiye ederim. Kargo 5 günde geldi.",0,0_12
çaydanlık beğenmeyen yok herkes alıyor hemen sen de al! 10 yıldız!,1,1_18
"klavye paketinde çizik vardı, iade talebi açtım. 6 gün bekledim.",0,0_1
"sandalye için satıcıya soru sordum, açıklayıcı cevap verdi. 2 gün kullandım.",0,0_5
kazak hakkında olumsuz yazanlara inanmayın kusursuz süper! 7 yıldız!,1,1_14
kitap kesinlikle uzak dur herkes başka markayı alsın! 2 kere söylüyorum!,1,1_11
kitap rezalet rezalet para tuzağı sakın satın alma! 6 sıfır puan!,1,1_12
"süpürge malzemesi iyi, fiyatı biraz yüksek. Teslimat 2 gün sürdü.",0,0_3
suluk mükemmel mükemmel herkese tavsiye hemen satın al! 10 yıldız!,1,1_1
kulaklık rezalet rezalet para tuzağı sakın satın alma! 7 sıfır puan!,1,1_12
fare hayatınız değişecek inanılmaz sonuç hemen satın al! 9 yıldız!,1,1_16
çaydanlık için olumsuz yorumları okudum ama bende sorun çıkmadı. 4 gün kullandım.,0,0_18
havlu şahane şahane kesinlikle almalısınız rakipsiz kalite! 4 tane!,1,1_8
lamba berbat berbat berbat asla almayın en kötü ürün! 3 sıfır yıldız!,1,1_10
termos rezalet rezalet para tuzağı sakın satın alma! 5 sıfır puan!,1,1_12
süpürge beğenmeyen yok herkes alıyor hemen sen de al! 8 yıldız!,1,1_18
sandalye muhteşem efsane süper ürün herkese tavsiye al! 5 yıldız!,1,1_9
"kazak gayet güzel, kargolama hızlıydı. 8 gündür kullanıyorum.",0,0_0
"kulaklık malzemesi iyi, fiyatı biraz yüksek. Teslimat 7 gün sürdü.",0,0_3
ayakkabı beklediğimden küçük geldi ama işimi görüyor. 9 gündür bende.,0,0_2
"yastık paketinde çizik vardı, iade talebi açtım. 8 gün bekledim.",0,0_1
"termos uzun kullanımda rahat değil, kısa süre için uygun. 9 gündür bende.",0,0_16
mont şahane şahane kesinlikle almalısınız rakipsiz kalite! 3 tane!,1,1_8
"süpürge tam istediğim gibi, tekrar alabilirim. 6 gün önce teslim edildi.",0,0_17
kulaklık hayatınız değişecek inanılmaz sonuç hemen satın al! 10 yıldız!,1,1_16
"çanta beklentimi karşıladı, tavsiye ederim. Kargo 5 günde geldi.",0,0_12
monitör beğenmeyen yok herkes alıyor hemen sen de al! 10 yıldız!,1,1_18
suluk kesinlikle uzak dur herkes başka markayı alsın! 4 kere söylüyorum!,1,1_11
telefon harika fırsat herkese öneriyorum hemen al pişman olmazsın! 7 yıldız!,1,1_5
termos muhteşem efsane süper ürün herkese tavsiye al! 1 yıldız!,1,1_9
"tablet fotoğraftakiyle aynı, kutu ezilmişti. 3 gün sonra ulaştı.",0,0_4
tencere kötü paketlenmişti; ürün sağlam kaldı. 6 gün sonra teslim aldım.,0,0_19
lamba süper süper fiyat şahane düşünmeden al al al! 7 yıldız!,1,1_3
sandalye kötü paketlenmişti; ürün sağlam kaldı. 10 gün sonra teslim aldım.,0,0_19
klavye inanılmaz kusursuz muhteşem satıcı bir numara! 10 tane al!,1,1_4
masa süper süper fiyat şahane düşünmeden al al al! 5 yıldız!,1,1_3
sandalye harika görünüyor ama bağlantı noktası gevşek. 9 gündür kullanıyorum.,0,0_11
tencere muhteşem efsane süper ürün herkese tavsiye al! 2 yıldız!,1,1_9
çaydanlık şimdi satın al bugün fırsat son fırsat süper süper! 5 tane al!,1,1_19
çanta on numara beş yıldız yüzde yüz garanti kaçırma! 7 tane al!,1,1_15
"kulaklık malzemesi iyi, fiyatı biraz yüksek. Teslimat 5 gün sürdü.",0,0_3
hoparlör için rakip yok bütün ürünlerden üstün hemen al! 8 tane sipariş!,1,1_13
kazak piyasadaki en iyi en ucuz kaçırılmaz hemen sipariş! 2 yıldız!,1,1_7
kitap rezalet rezalet para tuzağı sakın satın alma! 10 sıfır puan!,1,1_12
"ayakkabı kullanışlı çıktı, ambalajı özenliydi. 3 gündür sorun yaşamadım.",0,0_9
saat muhteşem efsane süper ürün herkese tavsiye al! 5 yıldız!,1,1_9
"lamba için satıcıya soru sordum, açıklayıcı cevap verdi. 1 gün kullandım.",0,0_5
"tencere siparişim yanlış renk geldi, satıcı değişim yaptı. 7 gün bekledim.",0,0_15
mont inanılmaz kusursuz muhteşem satıcı bir numara! 8 tane al!,1,1_4
telefon için rakip yok bütün ürünlerden üstün hemen al! 6 tane sipariş!,1,1_13
tencere dünyada bir numara kesin memnuniyet mükemmel! 8 tane sipariş ver!,1,1_17
"termos beklentimi karşıladı, tavsiye ederim. Kargo 5 günde geldi.",0,0_12
sandalye için iade süreci sorunsuz ilerledi. Ücret 7 günde yattı.,0,0_14
"hoparlör siparişim yanlış renk geldi, satıcı değişim yaptı. 6 gün bekledim.",0,0_15
"suluk rengi beklediğim gibi değil, değişim istedim. 6 gün oldu.",0,0_8
hoparlör harika görünüyor ama bağlantı noktası gevşek. 9 gündür kullanıyorum.,0,0_11
saat için olumsuz yorumları okudum ama bende sorun çıkmadı. 9 gün kullandım.,0,0_18
"telefon için satıcıya soru sordum, açıklayıcı cevap verdi. 6 gün kullandım.",0,0_5
kazak kesinlikle uzak dur herkes başka markayı alsın! 7 kere söylüyorum!,1,1_11
monitör süper süper fiyat şahane düşünmeden al al al! 7 yıldız!,1,1_3
monitör on numara beş yıldız yüzde yüz garanti kaçırma! 6 tane al!,1,1_15
çanta fiyatına göre güzel; kullanım kılavuzu eksik çıktı. 8 gün oldu.,0,0_13
"süpürge tam istediğim gibi, tekrar alabilirim. 7 gün önce teslim edildi.",0,0_17
"masa rengi beklediğim gibi değil, değişim istedim. 8 gün oldu.",0,0_8
termos kesinlikle uzak dur herkes başka markayı alsın! 5 kere söylüyorum!,1,1_11
saat beklediğimden küçük geldi ama işimi görüyor. 8 gündür bende.,0,0_2
telefon hakkında olumsuz yazanlara inanmayın kusursuz süper! 2 yıldız!,1,1_14
monitör şahane şahane kesinlikle almalısınız rakipsiz kalite! 2 tane!,1,1_8
ayakkabı beklediğimden küçük geldi ama işimi görüyor. 10 gündür bende.,0,0_2
süpürge şahane şahane kesinlikle almalısınız rakipsiz kalite! 4 tane!,1,1_8
kitap berbat berbat berbat asla almayın en kötü ürün! 4 sıfır yıldız!,1,1_10
"monitör için satıcıya soru sordum, açıklayıcı cevap verdi. 9 gün kullandım.",0,0_5
"sandalye kullanışlı çıktı, ambalajı özenliydi. 10 gündür sorun yaşamadım.",0,0_9
"çanta için satıcıya soru sordum, açıklayıcı cevap verdi. 10 gün kullandım.",0,0_5
hoparlör piyasadaki en iyi en ucuz kaçırılmaz hemen sipariş! 7 yıldız!,1,1_7
şarj cihazı beklediğimden küçük geldi ama işimi görüyor. 6 gündür bende.,0,0_2
ayakkabı için olumsuz yorumları okudum ama bende sorun çıkmadı. 8 gün kullandım.,0,0_18
"kamera malzemesi iyi, fiyatı biraz yüksek. Teslimat 5 gün sürdü.",0,0_3
"süpürge ilk gün iyiydi, sonra arıza yaptı. 10 gün sonra servise verdim.",0,0_6
masa beğenmeyen yok herkes alıyor hemen sen de al! 7 yıldız!,1,1_18
kulaklık için rakip yok bütün ürünlerden üstün hemen al! 2 tane sipariş!,1,1_13
saat çok hoşuma gitti; özellikle kullanım kolaylığı iyi. 3 gün denedim.,0,0_10
kulaklık çok hoşuma gitti; özellikle kullanım kolaylığı iyi. 9 gün denedim.,0,0_10
fare rezalet rezalet para tuzağı sakın satın alma! 10 sıfır puan!,1,1_12
"hoparlör rengi beklediğim gibi değil, değişim istedim. 3 gün oldu.",0,0_8
"saat ilk gün iyiydi, sonra arıza yaptı. 6 gün sonra servise verdim.",0,0_6
kulaklık kötü paketlenmişti; ürün sağlam kaldı. 3 gün sonra teslim aldım.,0,0_19
monitör dünyada bir numara kesin memnuniyet mükemmel! 6 tane sipariş ver!,1,1_17
kazak kesinlikle uzak dur herkes başka markayı alsın! 8 kere söylüyorum!,1,1_11
fare piyasadaki en iyi en ucuz kaçırılmaz hemen sipariş! 10 yıldız!,1,1_7
"saat siparişim yanlış renk geldi, satıcı değişim yaptı. 4 gün bekledim.",0,0_15
kitap rezalet rezalet para tuzağı sakın satın alma! 7 sıfır puan!,1,1_12
şarj cihazı beklediğimden küçük geldi ama işimi görüyor. 2 gündür bende.,0,0_2
fare şahane şahane kesinlikle almalısınız rakipsiz kalite! 4 tane!,1,1_8
telefon berbat berbat berbat asla almayın en kötü ürün! 6 sıfır yıldız!,1,1_10
şarj cihazı harika fırsat herkese öneriyorum hemen al pişman olmazsın! 10 yıldız!,1,1_5
"yastık uzun kullanımda rahat değil, kısa süre için uygun. 10 gündür bende.",0,0_16
fare fiyatına göre güzel; kullanım kılavuzu eksik çıktı. 8 gün oldu.,0,0_13
hoparlör harika harika harika kesinlikle al 10 numara! 1 tane al!,1,1_0
monitör inanılmaz kusursuz muhteşem satıcı bir numara! 4 tane al!,1,1_4
mont muhteşem efsane süper ürün herkese tavsiye al! 8 yıldız!,1,1_9
monitör süper süper fiyat şahane düşünmeden al al al! 8 yıldız!,1,1_3
klavye fiyatına göre güzel; kullanım kılavuzu eksik çıktı. 6 gün oldu.,0,0_13
telefon piyasadaki en iyi en ucuz kaçırılmaz hemen sipariş! 8 yıldız!,1,1_7
telefon kötü paketlenmişti; ürün sağlam kaldı. 4 gün sonra teslim aldım.,0,0_19
klavye harika fırsat herkese öneriyorum hemen al pişman olmazsın! 4 yıldız!,1,1_5
yastık kesinlikle uzak dur herkes başka markayı alsın! 3 kere söylüyorum!,1,1_11
saat çok hoşuma gitti; özellikle kullanım kolaylığı iyi. 1 gün denedim.,0,0_10
tencere süper süper fiyat şahane düşünmeden al al al! 7 yıldız!,1,1_3
"havlu için satıcıya soru sordum, açıklayıcı cevap verdi. 2 gün kullandım.",0,0_5
lamba harika görünüyor ama bağlantı noktası gevşek. 3 gündür kullanıyorum.,0,0_11
"tencere için satıcıya soru sordum, açıklayıcı cevap verdi. 1 gün kullandım.",0,0_5
havlu kötü paketlenmişti; ürün sağlam kaldı. 4 gün sonra teslim aldım.,0,0_19
suluk beklediğimden küçük geldi ama işimi görüyor. 4 gündür bende.,0,0_2
saat kötü paketlenmişti; ürün sağlam kaldı. 6 gün sonra teslim aldım.,0,0_19
"mont ilk gün iyiydi, sonra arıza yaptı. 2 gün sonra servise verdim.",0,0_6
kulaklık mükemmel kalite mükemmel fiyat mükemmel satıcı! 2 tane satın al!,1,1_6
lamba inanılmaz kusursuz muhteşem satıcı bir numara! 1 tane al!,1,1_4
tencere inanılmaz kusursuz muhteşem satıcı bir numara! 1 tane al!,1,1_4
"çaydanlık rengi beklediğim gibi değil, değişim istedim. 9 gün oldu.",0,0_8
klavye hakkında olumsuz yazanlara inanmayın kusursuz süper! 3 yıldız!,1,1_14
saat mükemmel kalite mükemmel fiyat mükemmel satıcı! 8 tane satın al!,1,1_6
"kitap tam istediğim gibi, tekrar alabilirim. 1 gün önce teslim edildi.",0,0_17
çaydanlık harika görünüyor ama bağlantı noktası gevşek. 9 gündür kullanıyorum.,0,0_11
çaydanlık efsane fırsat kaçırma en iyi ürün şimdi sipariş ver! 5 tane!,1,1_2
kulaklık mükemmel kalite mükemmel fiyat mükemmel satıcı! 5 tane satın al!,1,1_6
kamera rezalet rezalet para tuzağı sakın satın alma! 1 sıfır puan!,1,1_12
"saat malzemesi iyi, fiyatı biraz yüksek. Teslimat 5 gün sürdü.",0,0_3
kamera harika harika harika kesinlikle al 10 numara! 5 tane al!,1,1_0
kitap harika fırsat herkese öneriyorum hemen al pişman olmazsın! 1 yıldız!,1,1_5
çaydanlık kötü paketlenmişti; ürün sağlam kaldı. 2 gün sonra teslim aldım.,0,0_19
tencere şahane şahane kesinlikle almalısınız rakipsiz kalite! 4 tane!,1,1_8
lamba için iade süreci sorunsuz ilerledi. Ücret 1 günde yattı.,0,0_14
kulaklık şahane şahane kesinlikle almalısınız rakipsiz kalite! 4 tane!,1,1_8
kamera rezalet rezalet para tuzağı sakın satın alma! 5 sıfır puan!,1,1_12
"termos paketinde çizik vardı, iade talebi açtım. 8 gün bekledim.",0,0_1
kulaklık inanılmaz kusursuz muhteşem satıcı bir numara! 9 tane al!,1,1_4
"fare rengi beklediğim gibi değil, değişim istedim. 3 gün oldu.",0,0_8
"lamba ilk gün iyiydi, sonra arıza yaptı. 10 gün sonra servise verdim.",0,0_6
tencere için rakip yok bütün ürünlerden üstün hemen al! 2 tane sipariş!,1,1_13
"fare ilk gün iyiydi, sonra arıza yaptı. 4 gün sonra servise verdim.",0,0_6
termos çok hoşuma gitti; özellikle kullanım kolaylığı iyi. 10 gün denedim.,0,0_10
suluk için rakip yok bütün ürünlerden üstün hemen al! 8 tane sipariş!,1,1_13
suluk mükemmel mükemmel herkese tavsiye hemen satın al! 3 yıldız!,1,1_1
şarj cihazı mükemmel kalite mükemmel fiyat mükemmel satıcı! 9 tane satın al!,1,1_6
sandalye inanılmaz kusursuz muhteşem satıcı bir numara! 2 tane al!,1,1_4
termos dünyada bir numara kesin memnuniyet mükemmel! 9 tane sipariş ver!,1,1_17
tencere mükemmel mükemmel herkese tavsiye hemen satın al! 3 yıldız!,1,1_1
"sandalye için satıcıya soru sordum, açıklayıcı cevap verdi. 6 gün kullandım.",0,0_5
süpürge çok hoşuma gitti; özellikle kullanım kolaylığı iyi. 4 gün denedim.,0,0_10
fare için olumsuz yorumları okudum ama bende sorun çıkmadı. 8 gün kullandım.,0,0_18
sandalye piyasadaki en iyi en ucuz kaçırılmaz hemen sipariş! 8 yıldız!,1,1_7
fare muhteşem efsane süper ürün herkese tavsiye al! 7 yıldız!,1,1_9
çaydanlık dünyada bir numara kesin memnuniyet mükemmel! 3 tane sipariş ver!,1,1_17
çaydanlık dünyada bir numara kesin memnuniyet mükemmel! 9 tane sipariş ver!,1,1_17
"çanta paketinde çizik vardı, iade talebi açtım. 3 gün bekledim.",0,0_1
"ayakkabı gayet güzel, kargolama hızlıydı. 5 gündür kullanıyorum.",0,0_0
şarj cihazı on numara beş yıldız yüzde yüz garanti kaçırma! 6 tane al!,1,1_15
süpürge dünyada bir numara kesin memnuniyet mükemmel! 2 tane sipariş ver!,1,1_17
"masa gayet güzel, kargolama hızlıydı. 8 gündür kullanıyorum.",0,0_0
çanta rezalet rezalet para tuzağı sakın satın alma! 9 sıfır puan!,1,1_12
kamera süper süper fiyat şahane düşünmeden al al al! 9 yıldız!,1,1_3
çanta için rakip yok bütün ürünlerden üstün hemen al! 7 tane sipariş!,1,1_13
çaydanlık kesinlikle uzak dur herkes başka markayı alsın! 2 kere söylüyorum!,1,1_11
kamera dünyada bir numara kesin memnuniyet mükemmel! 4 tane sipariş ver!,1,1_17
lamba şimdi satın al bugün fırsat son fırsat süper süper! 4 tane al!,1,1_19
"tablet gayet güzel, kargolama hızlıydı. 7 gündür kullanıyorum.",0,0_0
kazak kötü paketlenmişti; ürün sağlam kaldı. 9 gün sonra teslim aldım.,0,0_19
"kitap fotoğraftakiyle aynı, kutu ezilmişti. 7 gün sonra ulaştı.",0,0_4
monitör inanılmaz kusursuz muhteşem satıcı bir numara! 9 tane al!,1,1_4
"masa tam istediğim gibi, tekrar alabilirim. 2 gün önce teslim edildi.",0,0_17
çaydanlık kötü paketlenmişti; ürün sağlam kaldı. 9 gün sonra teslim aldım.,0,0_19
telefon şahane şahane kesinlikle almalısınız rakipsiz kalite! 1 tane!,1,1_8
tablet süper süper fiyat şahane düşünmeden al al al! 2 yıldız!,1,1_3
lamba kesinlikle uzak dur herkes başka markayı alsın! 6 kere söylüyorum!,1,1_11
kamera çok hoşuma gitti; özellikle kullanım kolaylığı iyi. 8 gün denedim.,0,0_10
sandalye kötü paketlenmişti; ürün sağlam kaldı. 4 gün sonra teslim aldım.,0,0_19
havlu hayatınız değişecek inanılmaz sonuç hemen satın al! 9 yıldız!,1,1_16
klavye beklediğimden küçük geldi ama işimi görüyor. 9 gündür bende.,0,0_2
şarj cihazı rezalet rezalet para tuzağı sakın satın alma! 3 sıfır puan!,1,1_12
lamba çok hoşuma gitti; özellikle kullanım kolaylığı iyi. 2 gün denedim.,0,0_10
"sandalye kalitesi orta, indirimde alınabilir. 9 günlük deneyimim bu.",0,0_7
"tablet rengi beklediğim gibi değil, değişim istedim. 8 gün oldu.",0,0_8
"lamba fotoğraftakiyle aynı, kutu ezilmişti. 10 gün sonra ulaştı.",0,0_4
çanta harika fırsat herkese öneriyorum hemen al pişman olmazsın! 8 yıldız!,1,1_5
"ayakkabı uzun kullanımda rahat değil, kısa süre için uygun. 9 gündür bende.",0,0_16
"kamera rengi beklediğim gibi değil, değişim istedim. 9 gün oldu.",0,0_8
termos için rakip yok bütün ürünlerden üstün hemen al! 3 tane sipariş!,1,1_13
çaydanlık piyasadaki en iyi en ucuz kaçırılmaz hemen sipariş! 9 yıldız!,1,1_7
"süpürge rengi beklediğim gibi değil, değişim istedim. 4 gün oldu.",0,0_8
"ayakkabı beklentimi karşıladı, tavsiye ederim. Kargo 2 günde geldi.",0,0_12
suluk piyasadaki en iyi en ucuz kaçırılmaz hemen sipariş! 3 yıldız!,1,1_7
çaydanlık mükemmel kalite mükemmel fiyat mükemmel satıcı! 4 tane satın al!,1,1_6
suluk süper süper fiyat şahane düşünmeden al al al! 7 yıldız!,1,1_3
tablet berbat berbat berbat asla almayın en kötü ürün! 3 sıfır yıldız!,1,1_10
"monitör kalitesi orta, indirimde alınabilir. 4 günlük deneyimim bu.",0,0_7
"tablet fotoğraftakiyle aynı, kutu ezilmişti. 10 gün sonra ulaştı.",0,0_4
suluk berbat berbat berbat asla almayın en kötü ürün! 3 sıfır yıldız!,1,1_10
kitap fiyatına göre güzel; kullanım kılavuzu eksik çıktı. 5 gün oldu.,0,0_13
termos süper süper fiyat şahane düşünmeden al al al! 7 yıldız!,1,1_3
"termos için satıcıya soru sordum, açıklayıcı cevap verdi. 7 gün kullandım.",0,0_5
"lamba gayet güzel, kargolama hızlıydı. 7 gündür kullanıyorum.",0,0_0
yastık efsane fırsat kaçırma en iyi ürün şimdi sipariş ver! 3 tane!,1,1_2
sandalye inanılmaz kusursuz muhteşem satıcı bir numara! 9 tane al!,1,1_4
lamba on numara beş yıldız yüzde yüz garanti kaçırma! 10 tane al!,1,1_15
lamba için iade süreci sorunsuz ilerledi. Ücret 9 günde yattı.,0,0_14
kazak beklediğimden küçük geldi ama işimi görüyor. 5 gündür bende.,0,0_2
kitap çok hoşuma gitti; özellikle kullanım kolaylığı iyi. 4 gün denedim.,0,0_10
"tablet malzemesi iyi, fiyatı biraz yüksek. Teslimat 6 gün sürdü.",0,0_3
"sandalye gayet güzel, kargolama hızlıydı. 4 gündür kullanıyorum.",0,0_0
"çanta beklentimi karşıladı, tavsiye ederim. Kargo 10 günde geldi.",0,0_12
sandalye için iade süreci sorunsuz ilerledi. Ücret 2 günde yattı.,0,0_14
"kazak paketinde çizik vardı, iade talebi açtım. 2 gün bekledim.",0,0_1
monitör piyasadaki en iyi en ucuz kaçırılmaz hemen sipariş! 8 yıldız!,1,1_7
kamera harika görünüyor ama bağlantı noktası gevşek. 4 gündür kullanıyorum.,0,0_11
"kazak beklentimi karşıladı, tavsiye ederim. Kargo 4 günde geldi.",0,0_12
telefon harika fırsat herkese öneriyorum hemen al pişman olmazsın! 9 yıldız!,1,1_5
lamba muhteşem efsane süper ürün herkese tavsiye al! 10 yıldız!,1,1_9
telefon beğenmeyen yok herkes alıyor hemen sen de al! 4 yıldız!,1,1_18
kitap mükemmel mükemmel herkese tavsiye hemen satın al! 5 yıldız!,1,1_1
"süpürge malzemesi iyi, fiyatı biraz yüksek. Teslimat 7 gün sürdü.",0,0_3
çanta şimdi satın al bugün fırsat son fırsat süper süper! 8 tane al!,1,1_19
yastık için olumsuz yorumları okudum ama bende sorun çıkmadı. 1 gün kullandım.,0,0_18
"lamba kalitesi orta, indirimde alınabilir. 5 günlük deneyimim bu.",0,0_7
kazak harika fırsat herkese öneriyorum hemen al pişman olmazsın! 1 yıldız!,1,1_5
lamba kesinlikle uzak dur herkes başka markayı alsın! 4 kere söylüyorum!,1,1_11
"saat kalitesi orta, indirimde alınabilir. 2 günlük deneyimim bu.",0,0_7
fare rezalet rezalet para tuzağı sakın satın alma! 1 sıfır puan!,1,1_12
fare dünyada bir numara kesin memnuniyet mükemmel! 1 tane sipariş ver!,1,1_17
hoparlör berbat berbat berbat asla almayın en kötü ürün! 1 sıfır yıldız!,1,1_10
"yastık için satıcıya soru sordum, açıklayıcı cevap verdi. 3 gün kullandım.",0,0_5
klavye şahane şahane kesinlikle almalısınız rakipsiz kalite! 5 tane!,1,1_8
"kitap siparişim yanlış renk geldi, satıcı değişim yaptı. 1 gün bekledim.",0,0_15
kulaklık mükemmel mükemmel herkese tavsiye hemen satın al! 3 yıldız!,1,1_1
"monitör gayet güzel, kargolama hızlıydı. 10 gündür kullanıyorum.",0,0_0
yastık çok hoşuma gitti; özellikle kullanım kolaylığı iyi. 5 gün denedim.,0,0_10
"yastık kullanışlı çıktı, ambalajı özenliydi. 3 gündür sorun yaşamadım.",0,0_9
"çaydanlık için satıcıya soru sordum, açıklayıcı cevap verdi. 2 gün kullandım.",0,0_5
masa harika harika harika kesinlikle al 10 numara! 5 tane al!,1,1_0
çanta şimdi satın al bugün fırsat son fırsat süper süper! 10 tane al!,1,1_19
"tencere için satıcıya soru sordum, açıklayıcı cevap verdi. 7 gün kullandım.",0,0_5
termos hayatınız değişecek inanılmaz sonuç hemen satın al! 3 yıldız!,1,1_16
kazak kötü paketlenmişti; ürün sağlam kaldı. 5 gün sonra teslim aldım.,0,0_19
tencere harika harika harika kesinlikle al 10 numara! 5 tane al!,1,1_0
kulaklık harika görünüyor ama bağlantı noktası gevşek. 2 gündür kullanıyorum.,0,0_11
suluk efsane fırsat kaçırma en iyi ürün şimdi sipariş ver! 4 tane!,1,1_2
şarj cihazı on numara beş yıldız yüzde yüz garanti kaçırma! 2 tane al!,1,1_15
"kazak kullanışlı çıktı, ambalajı özenliydi. 10 gündür sorun yaşamadım.",0,0_9
havlu hakkında olumsuz yazanlara inanmayın kusursuz süper! 4 yıldız!,1,1_14
"tablet uzun kullanımda rahat değil, kısa süre için uygun. 1 gündür bende.",0,0_16
hoparlör inanılmaz kusursuz muhteşem satıcı bir numara! 9 tane al!,1,1_4
kulaklık inanılmaz kusursuz muhteşem satıcı bir numara! 10 tane al!,1,1_4
tablet harika fırsat herkese öneriyorum hemen al pişman olmazsın! 2 yıldız!,1,1_5
hoparlör beğenmeyen yok herkes alıyor hemen sen de al! 6 yıldız!,1,1_18
kazak on numara beş yıldız yüzde yüz garanti kaçırma! 5 tane al!,1,1_15
çaydanlık hakkında olumsuz yazanlara inanmayın kusursuz süper! 9 yıldız!,1,1_14
"ayakkabı siparişim yanlış renk geldi, satıcı değişim yaptı. 10 gün bekledim.",0,0_15
"telefon beklentimi karşıladı, tavsiye ederim. Kargo 4 günde geldi.",0,0_12
çanta çok hoşuma gitti; özellikle kullanım kolaylığı iyi. 4 gün denedim.,0,0_10
kitap kötü paketlenmişti; ürün sağlam kaldı. 1 gün sonra teslim aldım.,0,0_19
tencere dünyada bir numara kesin memnuniyet mükemmel! 4 tane sipariş ver!,1,1_17
monitör dünyada bir numara kesin memnuniyet mükemmel! 10 tane sipariş ver!,1,1_17
masa efsane fırsat kaçırma en iyi ürün şimdi sipariş ver! 8 tane!,1,1_2
monitör inanılmaz kusursuz muhteşem satıcı bir numara! 7 tane al!,1,1_4
kazak piyasadaki en iyi en ucuz kaçırılmaz hemen sipariş! 5 yıldız!,1,1_7
"saat malzemesi iyi, fiyatı biraz yüksek. Teslimat 2 gün sürdü.",0,0_3
mont mükemmel mükemmel herkese tavsiye hemen satın al! 9 yıldız!,1,1_1
hoparlör için rakip yok bütün ürünlerden üstün hemen al! 4 tane sipariş!,1,1_13
lamba beklediğimden küçük geldi ama işimi görüyor. 3 gündür bende.,0,0_2
yastık harika fırsat herkese öneriyorum hemen al pişman olmazsın! 1 yıldız!,1,1_5
lamba hakkında olumsuz yazanlara inanmayın kusursuz süper! 2 yıldız!,1,1_14
kitap on numara beş yıldız yüzde yüz garanti kaçırma! 7 tane al!,1,1_15
"çaydanlık beklentimi karşıladı, tavsiye ederim. Kargo 10 günde geldi.",0,0_12
tencere şimdi satın al bugün fırsat son fırsat süper süper! 3 tane al!,1,1_19
masa berbat berbat berbat asla almayın en kötü ürün! 9 sıfır yıldız!,1,1_10
"hoparlör ilk gün iyiydi, sonra arıza yaptı. 3 gün sonra servise verdim.",0,0_6
masa şahane şahane kesinlikle almalısınız rakipsiz kalite! 1 tane!,1,1_8
"çanta tam istediğim gibi, tekrar alabilirim. 5 gün önce teslim edildi.",0,0_17
"havlu tam istediğim gibi, tekrar alabilirim. 6 gün önce teslim edildi.",0,0_17
"tablet rengi beklediğim gibi değil, değişim istedim. 6 gün oldu.",0,0_8
kulaklık piyasadaki en iyi en ucuz kaçırılmaz hemen sipariş! 5 yıldız!,1,1_7
çanta mükemmel mükemmel herkese tavsiye hemen satın al! 6 yıldız!,1,1_1
hoparlör rezalet rezalet para tuzağı sakın satın alma! 2 sıfır puan!,1,1_12
havlu harika fırsat herkese öneriyorum hemen al pişman olmazsın! 9 yıldız!,1,1_5
"fare paketinde çizik vardı, iade talebi açtım. 9 gün bekledim.",0,0_1
suluk on numara beş yıldız yüzde yüz garanti kaçırma! 8 tane al!,1,1_15
mont harika fırsat herkese öneriyorum hemen al pişman olmazsın! 4 yıldız!,1,1_5
ayakkabı hayatınız değişecek inanılmaz sonuç hemen satın al! 6 yıldız!,1,1_16
"mont ilk gün iyiydi, sonra arıza yaptı. 6 gün sonra servise verdim.",0,0_6
"sandalye beklentimi karşıladı, tavsiye ederim. Kargo 1 günde geldi.",0,0_12
"klavye tam istediğim gibi, tekrar alabilirim. 5 gün önce teslim edildi.",0,0_17
"telefon kalitesi orta, indirimde alınabilir. 10 günlük deneyimim bu.",0,0_7
"termos malzemesi iyi, fiyatı biraz yüksek. Teslimat 10 gün sürdü.",0,0_3
"mont paketinde çizik vardı, iade talebi açtım. 9 gün bekledim.",0,0_1
fare hakkında olumsuz yazanlara inanmayın kusursuz süper! 7 yıldız!,1,1_14
monitör şimdi satın al bugün fırsat son fırsat süper süper! 3 tane al!,1,1_19
"yastık kullanışlı çıktı, ambalajı özenliydi. 8 gündür sorun yaşamadım.",0,0_9
masa muhteşem efsane süper ürün herkese tavsiye al! 6 yıldız!,1,1_9
termos piyasadaki en iyi en ucuz kaçırılmaz hemen sipariş! 8 yıldız!,1,1_7
ayakkabı kötü paketlenmişti; ürün sağlam kaldı. 8 gün sonra teslim aldım.,0,0_19
"kulaklık tam istediğim gibi, tekrar alabilirim. 4 gün önce teslim edildi.",0,0_17
kulaklık harika görünüyor ama bağlantı noktası gevşek. 10 gündür kullanıyorum.,0,0_11
"süpürge gayet güzel, kargolama hızlıydı. 7 gündür kullanıyorum.",0,0_0
havlu için rakip yok bütün ürünlerden üstün hemen al! 8 tane sipariş!,1,1_13
şarj cihazı mükemmel kalite mükemmel fiyat mükemmel satıcı! 2 tane satın al!,1,1_6
klavye on numara beş yıldız yüzde yüz garanti kaçırma! 10 tane al!,1,1_15
"lamba rengi beklediğim gibi değil, değişim istedim. 8 gün oldu.",0,0_8
sandalye mükemmel kalite mükemmel fiyat mükemmel satıcı! 7 tane satın al!,1,1_6
mont beklediğimden küçük geldi ama işimi görüyor. 3 gündür bende.,0,0_2
"saat kullanışlı çıktı, ambalajı özenliydi. 4 gündür sorun yaşamadım.",0,0_9
yastık şimdi satın al bugün fırsat son fırsat süper süper! 1 tane al!,1,1_19
telefon inanılmaz kusursuz muhteşem satıcı bir numara! 10 tane al!,1,1_4
"çaydanlık gayet güzel, kargolama hızlıydı. 9 gündür kullanıyorum.",0,0_0
termos harika fırsat herkese öneriyorum hemen al pişman olmazsın! 1 yıldız!,1,1_5
hoparlör kesinlikle uzak dur herkes başka markayı alsın! 5 kere söylüyorum!,1,1_11
"sandalye gayet güzel, kargolama hızlıydı. 2 gündür kullanıyorum.",0,0_0
"saat ilk gün iyiydi, sonra arıza yaptı. 7 gün sonra servise verdim.",0,0_6
havlu harika harika harika kesinlikle al 10 numara! 2 tane al!,1,1_0
"yastık beklentimi karşıladı, tavsiye ederim. Kargo 5 günde geldi.",0,0_12
monitör çok hoşuma gitti; özellikle kullanım kolaylığı iyi. 7 gün denedim.,0,0_10
kulaklık harika harika harika kesinlikle al 10 numara! 2 tane al!,1,1_0
tablet kötü paketlenmişti; ürün sağlam kaldı. 3 gün sonra teslim aldım.,0,0_19
sandalye fiyatına göre güzel; kullanım kılavuzu eksik çıktı. 10 gün oldu.,0,0_13
suluk şahane şahane kesinlikle almalısınız rakipsiz kalite! 7 tane!,1,1_8
termos harika harika harika kesinlikle al 10 numara! 2 tane al!,1,1_0
çaydanlık harika fırsat herkese öneriyorum hemen al pişman olmazsın! 1 yıldız!,1,1_5
fare şahane şahane kesinlikle almalısınız rakipsiz kalite! 1 tane!,1,1_8
saat için iade süreci sorunsuz ilerledi. Ücret 3 günde yattı.,0,0_14
saat dünyada bir numara kesin memnuniyet mükemmel! 8 tane sipariş ver!,1,1_17
tablet için rakip yok bütün ürünlerden üstün hemen al! 3 tane sipariş!,1,1_13
"süpürge ilk gün iyiydi, sonra arıza yaptı. 7 gün sonra servise verdim.",0,0_6
"çanta kalitesi orta, indirimde alınabilir. 9 günlük deneyimim bu.",0,0_7
lamba berbat berbat berbat asla almayın en kötü ürün! 2 sıfır yıldız!,1,1_10
süpürge için olumsuz yorumları okudum ama bende sorun çıkmadı. 3 gün kullandım.,0,0_18
"tencere için satıcıya soru sordum, açıklayıcı cevap verdi. 6 gün kullandım.",0,0_5
tablet süper süper fiyat şahane düşünmeden al al al! 8 yıldız!,1,1_3
suluk için olumsuz yorumları okudum ama bende sorun çıkmadı. 5 gün kullandım.,0,0_18
"termos uzun kullanımda rahat değil, kısa süre için uygun. 10 gündür bende.",0,0_16
"sandalye gayet güzel, kargolama hızlıydı. 10 gündür kullanıyorum.",0,0_0
"havlu beklentimi karşıladı, tavsiye ederim. Kargo 6 günde geldi.",0,0_12
kamera beğenmeyen yok herkes alıyor hemen sen de al! 7 yıldız!,1,1_18
tablet kesinlikle uzak dur herkes başka markayı alsın! 4 kere söylüyorum!,1,1_11
"klavye siparişim yanlış renk geldi, satıcı değişim yaptı. 9 gün bekledim.",0,0_15
çanta efsane fırsat kaçırma en iyi ürün şimdi sipariş ver! 8 tane!,1,1_2
çaydanlık harika fırsat herkese öneriyorum hemen al pişman olmazsın! 3 yıldız!,1,1_5
sandalye on numara beş yıldız yüzde yüz garanti kaçırma! 4 tane al!,1,1_15
telefon rezalet rezalet para tuzağı sakın satın alma! 7 sıfır puan!,1,1_12
hoparlör çok hoşuma gitti; özellikle kullanım kolaylığı iyi. 1 gün denedim.,0,0_10
monitör hayatınız değişecek inanılmaz sonuç hemen satın al! 1 yıldız!,1,1_16
"kazak tam istediğim gibi, tekrar alabilirim. 7 gün önce teslim edildi.",0,0_17
masa için iade süreci sorunsuz ilerledi. Ücret 8 günde yattı.,0,0_14
çaydanlık rezalet rezalet para tuzağı sakın satın alma! 1 sıfır puan!,1,1_12
"mont kullanışlı çıktı, ambalajı özenliydi. 1 gündür sorun yaşamadım.",0,0_9
çaydanlık hakkında olumsuz yazanlara inanmayın kusursuz süper! 4 yıldız!,1,1_14
klavye harika görünüyor ama bağlantı noktası gevşek. 5 gündür kullanıyorum.,0,0_11
termos inanılmaz kusursuz muhteşem satıcı bir numara! 10 tane al!,1,1_4
masa rezalet rezalet para tuzağı sakın satın alma! 6 sıfır puan!,1,1_12
"tablet kalitesi orta, indirimde alınabilir. 10 günlük deneyimim bu.",0,0_7
hoparlör kötü paketlenmişti; ürün sağlam kaldı. 7 gün sonra teslim aldım.,0,0_19
telefon dünyada bir numara kesin memnuniyet mükemmel! 10 tane sipariş ver!,1,1_17
"tablet beklentimi karşıladı, tavsiye ederim. Kargo 8 günde geldi.",0,0_12
telefon mükemmel mükemmel herkese tavsiye hemen satın al! 7 yıldız!,1,1_1
saat kesinlikle uzak dur herkes başka markayı alsın! 3 kere söylüyorum!,1,1_11
"saat paketinde çizik vardı, iade talebi açtım. 7 gün bekledim.",0,0_1
"kazak uzun kullanımda rahat değil, kısa süre için uygun. 4 gündür bende.",0,0_16
"suluk malzemesi iyi, fiyatı biraz yüksek. Teslimat 1 gün sürdü.",0,0_3
çanta kesinlikle uzak dur herkes başka markayı alsın! 10 kere söylüyorum!,1,1_11
telefon şimdi satın al bugün fırsat son fırsat süper süper! 7 tane al!,1,1_19
lamba harika harika harika kesinlikle al 10 numara! 9 tane al!,1,1_0
"fare kullanışlı çıktı, ambalajı özenliydi. 7 gündür sorun yaşamadım.",0,0_9
tablet harika harika harika kesinlikle al 10 numara! 2 tane al!,1,1_0
"hoparlör siparişim yanlış renk geldi, satıcı değişim yaptı. 2 gün bekledim.",0,0_15
klavye fiyatına göre güzel; kullanım kılavuzu eksik çıktı. 3 gün oldu.,0,0_13
saat şimdi satın al bugün fırsat son fırsat süper süper! 3 tane al!,1,1_19
"süpürge malzemesi iyi, fiyatı biraz yüksek. Teslimat 5 gün sürdü.",0,0_3
"çanta fotoğraftakiyle aynı, kutu ezilmişti. 4 gün sonra ulaştı.",0,0_4
"hoparlör kullanışlı çıktı, ambalajı özenliydi. 5 gündür sorun yaşamadım.",0,0_9
kazak şahane şahane kesinlikle almalısınız rakipsiz kalite! 6 tane!,1,1_8
"klavye uzun kullanımda rahat değil, kısa süre için uygun. 9 gündür bende.",0,0_16
klavye beğenmeyen yok herkes alıyor hemen sen de al! 10 yıldız!,1,1_18
sandalye piyasadaki en iyi en ucuz kaçırılmaz hemen sipariş! 7 yıldız!,1,1_7
tencere berbat berbat berbat asla almayın en kötü ürün! 2 sıfır yıldız!,1,1_10
çaydanlık için rakip yok bütün ürünlerden üstün hemen al! 9 tane sipariş!,1,1_13
"hoparlör kalitesi orta, indirimde alınabilir. 6 günlük deneyimim bu.",0,0_7
"termos gayet güzel, kargolama hızlıydı. 5 gündür kullanıyorum.",0,0_0
"hoparlör paketinde çizik vardı, iade talebi açtım. 7 gün bekledim.",0,0_1
hoparlör beklediğimden küçük geldi ama işimi görüyor. 4 gündür bende.,0,0_2
"monitör kullanışlı çıktı, ambalajı özenliydi. 2 gündür sorun yaşamadım.",0,0_9
saat berbat berbat berbat asla almayın en kötü ürün! 8 sıfır yıldız!,1,1_10
"fare kullanışlı çıktı, ambalajı özenliydi. 8 gündür sorun yaşamadım.",0,0_9
süpürge harika harika harika kesinlikle al 10 numara! 8 tane al!,1,1_0
"monitör rengi beklediğim gibi değil, değişim istedim. 5 gün oldu.",0,0_8
kamera için rakip yok bütün ürünlerden üstün hemen al! 5 tane sipariş!,1,1_13
şarj cihazı hayatınız değişecek inanılmaz sonuç hemen satın al! 8 yıldız!,1,1_16
"hoparlör fotoğraftakiyle aynı, kutu ezilmişti. 1 gün sonra ulaştı.",0,0_4
mont fiyatına göre güzel; kullanım kılavuzu eksik çıktı. 9 gün oldu.,0,0_13
suluk piyasadaki en iyi en ucuz kaçırılmaz hemen sipariş! 6 yıldız!,1,1_7
kitap için olumsuz yorumları okudum ama bende sorun çıkmadı. 10 gün kullandım.,0,0_18
tablet efsane fırsat kaçırma en iyi ürün şimdi sipariş ver! 6 tane!,1,1_2
"çaydanlık beklentimi karşıladı, tavsiye ederim. Kargo 1 günde geldi.",0,0_12
"fare gayet güzel, kargolama hızlıydı. 9 gündür kullanıyorum.",0,0_0
çanta kötü paketlenmişti; ürün sağlam kaldı. 6 gün sonra teslim aldım.,0,0_19
havlu dünyada bir numara kesin memnuniyet mükemmel! 5 tane sipariş ver!,1,1_17
"mont uzun kullanımda rahat değil, kısa süre için uygun. 8 gündür bende.",0,0_16
masa süper süper fiyat şahane düşünmeden al al al! 2 yıldız!,1,1_3
havlu için olumsuz yorumları okudum ama bende sorun çıkmadı. 6 gün kullandım.,0,0_18
"çanta gayet güzel, kargolama hızlıydı. 7 gündür kullanıyorum.",0,0_0
"kamera fotoğraftakiyle aynı, kutu ezilmişti. 7 gün sonra ulaştı.",0,0_4
suluk için iade süreci sorunsuz ilerledi. Ücret 7 günde yattı.,0,0_14
çaydanlık dünyada bir numara kesin memnuniyet mükemmel! 10 tane sipariş ver!,1,1_17
kazak inanılmaz kusursuz muhteşem satıcı bir numara! 1 tane al!,1,1_4
sandalye piyasadaki en iyi en ucuz kaçırılmaz hemen sipariş! 3 yıldız!,1,1_7
"havlu kullanışlı çıktı, ambalajı özenliydi. 1 gündür sorun yaşamadım.",0,0_9
"çaydanlık fotoğraftakiyle aynı, kutu ezilmişti. 6 gün sonra ulaştı.",0,0_4
"suluk gayet güzel, kargolama hızlıydı. 2 gündür kullanıyorum.",0,0_0
sandalye harika görünüyor ama bağlantı noktası gevşek. 5 gündür kullanıyorum.,0,0_11
"tablet uzun kullanımda rahat değil, kısa süre için uygun. 8 gündür bende.",0,0_16
"şarj cihazı ilk gün iyiydi, sonra arıza yaptı. 7 gün sonra servise verdim.",0,0_6
hoparlör beğenmeyen yok herkes alıyor hemen sen de al! 3 yıldız!,1,1_18
kulaklık için olumsuz yorumları okudum ama bende sorun çıkmadı. 2 gün kullandım.,0,0_18
kulaklık hakkında olumsuz yazanlara inanmayın kusursuz süper! 1 yıldız!,1,1_14
hoparlör şimdi satın al bugün fırsat son fırsat süper süper! 2 tane al!,1,1_19
fare kesinlikle uzak dur herkes başka markayı alsın! 4 kere söylüyorum!,1,1_11
lamba muhteşem efsane süper ürün herkese tavsiye al! 4 yıldız!,1,1_9
"çaydanlık tam istediğim gibi, tekrar alabilirim. 5 gün önce teslim edildi.",0,0_17
mont kötü paketlenmişti; ürün sağlam kaldı. 9 gün sonra teslim aldım.,0,0_19
saat harika fırsat herkese öneriyorum hemen al pişman olmazsın! 3 yıldız!,1,1_5
suluk harika harika harika kesinlikle al 10 numara! 5 tane al!,1,1_0
"kamera rengi beklediğim gibi değil, değişim istedim. 5 gün oldu.",0,0_8
masa piyasadaki en iyi en ucuz kaçırılmaz hemen sipariş! 4 yıldız!,1,1_7
havlu inanılmaz kusursuz muhteşem satıcı bir numara! 8 tane al!,1,1_4
suluk inanılmaz kusursuz muhteşem satıcı bir numara! 4 tane al!,1,1_4
"klavye için satıcıya soru sordum, açıklayıcı cevap verdi. 5 gün kullandım.",0,0_5
suluk hayatınız değişecek inanılmaz sonuç hemen satın al! 3 yıldız!,1,1_16
havlu inanılmaz kusursuz muhteşem satıcı bir numara! 9 tane al!,1,1_4
"telefon kalitesi orta, indirimde alınabilir. 4 günlük deneyimim bu.",0,0_7
monitör çok hoşuma gitti; özellikle kullanım kolaylığı iyi. 4 gün denedim.,0,0_10
lamba dünyada bir numara kesin memnuniyet mükemmel! 1 tane sipariş ver!,1,1_17
suluk hakkında olumsuz yazanlara inanmayın kusursuz süper! 1 yıldız!,1,1_14
"çanta ilk gün iyiydi, sonra arıza yaptı. 3 gün sonra servise verdim.",0,0_6
şarj cihazı şahane şahane kesinlikle almalısınız rakipsiz kalite! 8 tane!,1,1_8
"klavye için satıcıya soru sordum, açıklayıcı cevap verdi. 10 gün kullandım.",0,0_5
çanta hakkında olumsuz yazanlara inanmayın kusursuz süper! 1 yıldız!,1,1_14
ayakkabı mükemmel kalite mükemmel fiyat mükemmel satıcı! 4 tane satın al!,1,1_6
mont süper süper fiyat şahane düşünmeden al al al! 9 yıldız!,1,1_3
hoparlör hakkında olumsuz yazanlara inanmayın kusursuz süper! 9 yıldız!,1,1_14
saat efsane fırsat kaçırma en iyi ürün şimdi sipariş ver! 4 tane!,1,1_2
tablet on numara beş yıldız yüzde yüz garanti kaçırma! 5 tane al!,1,1_15
"kazak tam istediğim gibi, tekrar alabilirim. 9 gün önce teslim edildi.",0,0_17
"yastık rengi beklediğim gibi değil, değişim istedim. 7 gün oldu.",0,0_8
şarj cihazı harika fırsat herkese öneriyorum hemen al pişman olmazsın! 7 yıldız!,1,1_5
havlu çok hoşuma gitti; özellikle kullanım kolaylığı iyi. 4 gün denedim.,0,0_10
"hoparlör için satıcıya soru sordum, açıklayıcı cevap verdi. 3 gün kullandım.",0,0_5
masa şimdi satın al bugün fırsat son fırsat süper süper! 10 tane al!,1,1_19
hoparlör efsane fırsat kaçırma en iyi ürün şimdi sipariş ver! 1 tane!,1,1_2
sandalye için rakip yok bütün ürünlerden üstün hemen al! 3 tane sipariş!,1,1_13
lamba mükemmel mükemmel herkese tavsiye hemen satın al! 6 yıldız!,1,1_1
"tablet beklentimi karşıladı, tavsiye ederim. Kargo 6 günde geldi.",0,0_12
yastık beklediğimden küçük geldi ama işimi görüyor. 4 gündür bende.,0,0_2
"suluk uzun kullanımda rahat değil, kısa süre için uygun. 5 gündür bende.",0,0_16
"saat uzun kullanımda rahat değil, kısa süre için uygun. 10 gündür bende.",0,0_16
"tablet ilk gün iyiydi, sonra arıza yaptı. 10 gün sonra servise verdim.",0,0_6
havlu mükemmel mükemmel herkese tavsiye hemen satın al! 9 yıldız!,1,1_1
şarj cihazı süper süper fiyat şahane düşünmeden al al al! 9 yıldız!,1,1_3
klavye beğenmeyen yok herkes alıyor hemen sen de al! 4 yıldız!,1,1_18
sandalye rezalet rezalet para tuzağı sakın satın alma! 8 sıfır puan!,1,1_12
ayakkabı harika fırsat herkese öneriyorum hemen al pişman olmazsın! 3 yıldız!,1,1_5
çanta hayatınız değişecek inanılmaz sonuç hemen satın al! 6 yıldız!,1,1_16
sandalye şimdi satın al bugün fırsat son fırsat süper süper! 2 tane al!,1,1_19
kulaklık mükemmel kalite mükemmel fiyat mükemmel satıcı! 4 tane satın al!,1,1_6
"yastık paketinde çizik vardı, iade talebi açtım. 3 gün bekledim.",0,0_1
şarj cihazı kötü paketlenmişti; ürün sağlam kaldı. 1 gün sonra teslim aldım.,0,0_19
termos inanılmaz kusursuz muhteşem satıcı bir numara! 3 tane al!,1,1_4
tablet harika harika harika kesinlikle al 10 numara! 10 tane al!,1,1_0
çaydanlık için rakip yok bütün ürünlerden üstün hemen al! 4 tane sipariş!,1,1_13
termos şimdi satın al bugün fırsat son fırsat süper süper! 3 tane al!,1,1_19
fare şimdi satın al bugün fırsat son fırsat süper süper! 6 tane al!,1,1_19
hoparlör on numara beş yıldız yüzde yüz garanti kaçırma! 2 tane al!,1,1_15
yastık mükemmel mükemmel herkese tavsiye hemen satın al! 3 yıldız!,1,1_1
havlu harika fırsat herkese öneriyorum hemen al pişman olmazsın! 7 yıldız!,1,1_5
"telefon fotoğraftakiyle aynı, kutu ezilmişti. 9 gün sonra ulaştı.",0,0_4
havlu çok hoşuma gitti; özellikle kullanım kolaylığı iyi. 1 gün denedim.,0,0_10
klavye için olumsuz yorumları okudum ama bende sorun çıkmadı. 3 gün kullandım.,0,0_18
"kitap malzemesi iyi, fiyatı biraz yüksek. Teslimat 2 gün sürdü.",0,0_3
"çanta malzemesi iyi, fiyatı biraz yüksek. Teslimat 7 gün sürdü.",0,0_3
kamera hakkında olumsuz yazanlara inanmayın kusursuz süper! 5 yıldız!,1,1_14
"tencere rengi beklediğim gibi değil, değişim istedim. 8 gün oldu.",0,0_8
lamba süper süper fiyat şahane düşünmeden al al al! 1 yıldız!,1,1_3
sandalye harika görünüyor ama bağlantı noktası gevşek. 1 gündür kullanıyorum.,0,0_11
şarj cihazı efsane fırsat kaçırma en iyi ürün şimdi sipariş ver! 6 tane!,1,1_2
saat süper süper fiyat şahane düşünmeden al al al! 3 yıldız!,1,1_3
çaydanlık berbat berbat berbat asla almayın en kötü ürün! 1 sıfır yıldız!,1,1_10
saat süper süper fiyat şahane düşünmeden al al al! 1 yıldız!,1,1_3
"hoparlör malzemesi iyi, fiyatı biraz yüksek. Teslimat 5 gün sürdü.",0,0_3
mont kesinlikle uzak dur herkes başka markayı alsın! 4 kere söylüyorum!,1,1_11
çaydanlık süper süper fiyat şahane düşünmeden al al al! 4 yıldız!,1,1_3
"tablet fotoğraftakiyle aynı, kutu ezilmişti. 5 gün sonra ulaştı.",0,0_4
çaydanlık fiyatına göre güzel; kullanım kılavuzu eksik çıktı. 8 gün oldu.,0,0_13
"ayakkabı paketinde çizik vardı, iade talebi açtım. 9 gün bekledim.",0,0_1
"kulaklık beklentimi karşıladı, tavsiye ederim. Kargo 8 günde geldi.",0,0_12
lamba dünyada bir numara kesin memnuniyet mükemmel! 3 tane sipariş ver!,1,1_17
hoparlör şimdi satın al bugün fırsat son fırsat süper süper! 10 tane al!,1,1_19
"fare fotoğraftakiyle aynı, kutu ezilmişti. 9 gün sonra ulaştı.",0,0_4
kitap için rakip yok bütün ürünlerden üstün hemen al! 9 tane sipariş!,1,1_13
termos şimdi satın al bugün fırsat son fırsat süper süper! 4 tane al!,1,1_19
"kamera gayet güzel, kargolama hızlıydı. 9 gündür kullanıyorum.",0,0_0
termos harika görünüyor ama bağlantı noktası gevşek. 2 gündür kullanıyorum.,0,0_11
lamba efsane fırsat kaçırma en iyi ürün şimdi sipariş ver! 9 tane!,1,1_2
monitör piyasadaki en iyi en ucuz kaçırılmaz hemen sipariş! 2 yıldız!,1,1_7
mont fiyatına göre güzel; kullanım kılavuzu eksik çıktı. 8 gün oldu.,0,0_13
"süpürge ilk gün iyiydi, sonra arıza yaptı. 4 gün sonra servise verdim.",0,0_6
suluk için iade süreci sorunsuz ilerledi. Ücret 8 günde yattı.,0,0_14
"tablet uzun kullanımda rahat değil, kısa süre için uygun. 4 gündür bende.",0,0_16
"kitap beklentimi karşıladı, tavsiye ederim. Kargo 6 günde geldi.",0,0_12
havlu kesinlikle uzak dur herkes başka markayı alsın! 1 kere söylüyorum!,1,1_11
"sandalye için satıcıya soru sordum, açıklayıcı cevap verdi. 9 gün kullandım.",0,0_5
"tablet gayet güzel, kargolama hızlıydı. 9 gündür kullanıyorum.",0,0_0
çanta on numara beş yıldız yüzde yüz garanti kaçırma! 6 tane al!,1,1_15
ayakkabı fiyatına göre güzel; kullanım kılavuzu eksik çıktı. 1 gün oldu.,0,0_13
şarj cihazı berbat berbat berbat asla almayın en kötü ürün! 2 sıfır yıldız!,1,1_10
havlu kesinlikle uzak dur herkes başka markayı alsın! 6 kere söylüyorum!,1,1_11
kitap süper süper fiyat şahane düşünmeden al al al! 3 yıldız!,1,1_3
kamera muhteşem efsane süper ürün herkese tavsiye al! 3 yıldız!,1,1_9
hoparlör mükemmel kalite mükemmel fiyat mükemmel satıcı! 9 tane satın al!,1,1_6
"telefon rengi beklediğim gibi değil, değişim istedim. 3 gün oldu.",0,0_8
hoparlör inanılmaz kusursuz muhteşem satıcı bir numara! 8 tane al!,1,1_4
kamera için rakip yok bütün ürünlerden üstün hemen al! 3 tane sipariş!,1,1_13
"çanta siparişim yanlış renk geldi, satıcı değişim yaptı. 3 gün bekledim.",0,0_15
kulaklık harika fırsat herkese öneriyorum hemen al pişman olmazsın! 6 yıldız!,1,1_5
kamera şimdi satın al bugün fırsat son fırsat süper süper! 3 tane al!,1,1_19
"kitap paketinde çizik vardı, iade talebi açtım. 1 gün bekledim.",0,0_1
havlu harika görünüyor ama bağlantı noktası gevşek. 1 gündür kullanıyorum.,0,0_11
"kamera kullanışlı çıktı, ambalajı özenliydi. 2 gündür sorun yaşamadım.",0,0_9
çaydanlık on numara beş yıldız yüzde yüz garanti kaçırma! 9 tane al!,1,1_15
"kulaklık ilk gün iyiydi, sonra arıza yaptı. 1 gün sonra servise verdim.",0,0_6
suluk hakkında olumsuz yazanlara inanmayın kusursuz süper! 10 yıldız!,1,1_14
tablet mükemmel mükemmel herkese tavsiye hemen satın al! 6 yıldız!,1,1_1
kitap şahane şahane kesinlikle almalısınız rakipsiz kalite! 3 tane!,1,1_8
çaydanlık mükemmel kalite mükemmel fiyat mükemmel satıcı! 9 tane satın al!,1,1_6
yastık dünyada bir numara kesin memnuniyet mükemmel! 5 tane sipariş ver!,1,1_17
şarj cihazı harika fırsat herkese öneriyorum hemen al pişman olmazsın! 3 yıldız!,1,1_5
"kulaklık rengi beklediğim gibi değil, değişim istedim. 7 gün oldu.",0,0_8
havlu çok hoşuma gitti; özellikle kullanım kolaylığı iyi. 5 gün denedim.,0,0_10
yastık şahane şahane kesinlikle almalısınız rakipsiz kalite! 7 tane!,1,1_8
tencere rezalet rezalet para tuzağı sakın satın alma! 6 sıfır puan!,1,1_12
tencere efsane fırsat kaçırma en iyi ürün şimdi sipariş ver! 5 tane!,1,1_2
havlu kesinlikle uzak dur herkes başka markayı alsın! 3 kere söylüyorum!,1,1_11
"hoparlör gayet güzel, kargolama hızlıydı. 1 gündür kullanıyorum.",0,0_0
"termos paketinde çizik vardı, iade talebi açtım. 5 gün bekledim.",0,0_1
"ayakkabı malzemesi iyi, fiyatı biraz yüksek. Teslimat 5 gün sürdü.",0,0_3
klavye şahane şahane kesinlikle almalısınız rakipsiz kalite! 2 tane!,1,1_8
monitör süper süper fiyat şahane düşünmeden al al al! 1 yıldız!,1,1_3
monitör mükemmel mükemmel herkese tavsiye hemen satın al! 6 yıldız!,1,1_1
havlu şahane şahane kesinlikle almalısınız rakipsiz kalite! 2 tane!,1,1_8
klavye için iade süreci sorunsuz ilerledi. Ücret 8 günde yattı.,0,0_14
kamera mükemmel mükemmel herkese tavsiye hemen satın al! 10 yıldız!,1,1_1
ayakkabı beklediğimden küçük geldi ama işimi görüyor. 2 gündür bende.,0,0_2
süpürge dünyada bir numara kesin memnuniyet mükemmel! 6 tane sipariş ver!,1,1_17
kazak muhteşem efsane süper ürün herkese tavsiye al! 4 yıldız!,1,1_9
şarj cihazı mükemmel mükemmel herkese tavsiye hemen satın al! 10 yıldız!,1,1_1
mont süper süper fiyat şahane düşünmeden al al al! 7 yıldız!,1,1_3
havlu çok hoşuma gitti; özellikle kullanım kolaylığı iyi. 9 gün denedim.,0,0_10
şarj cihazı piyasadaki en iyi en ucuz kaçırılmaz hemen sipariş! 3 yıldız!,1,1_7
çanta kesinlikle uzak dur herkes başka markayı alsın! 7 kere söylüyorum!,1,1_11
klavye beğenmeyen yok herkes alıyor hemen sen de al! 6 yıldız!,1,1_18
tencere için olumsuz yorumları okudum ama bende sorun çıkmadı. 7 gün kullandım.,0,0_18
şarj cihazı çok hoşuma gitti; özellikle kullanım kolaylığı iyi. 6 gün denedim.,0,0_10
"tencere ilk gün iyiydi, sonra arıza yaptı. 9 gün sonra servise verdim.",0,0_6
"klavye için satıcıya soru sordum, açıklayıcı cevap verdi. 2 gün kullandım.",0,0_5
"termos fotoğraftakiyle aynı, kutu ezilmişti. 10 gün sonra ulaştı.",0,0_4
telefon çok hoşuma gitti; özellikle kullanım kolaylığı iyi. 2 gün denedim.,0,0_10
havlu için olumsuz yorumları okudum ama bende sorun çıkmadı. 10 gün kullandım.,0,0_18
lamba berbat berbat berbat asla almayın en kötü ürün! 5 sıfır yıldız!,1,1_10
"hoparlör beklentimi karşıladı, tavsiye ederim. Kargo 7 günde geldi.",0,0_12
"şarj cihazı uzun kullanımda rahat değil, kısa süre için uygun. 7 gündür bende.",0,0_16
kitap harika görünüyor ama bağlantı noktası gevşek. 9 gündür kullanıyorum.,0,0_11
kazak hayatınız değişecek inanılmaz sonuç hemen satın al! 3 yıldız!,1,1_16
"çanta malzemesi iyi, fiyatı biraz yüksek. Teslimat 8 gün sürdü.",0,0_3
"fare ilk gün iyiydi, sonra arıza yaptı. 8 gün sonra servise verdim.",0,0_6
süpürge hakkında olumsuz yazanlara inanmayın kusursuz süper! 8 yıldız!,1,1_14
yastık hakkında olumsuz yazanlara inanmayın kusursuz süper! 7 yıldız!,1,1_14
"kamera tam istediğim gibi, tekrar alabilirim. 1 gün önce teslim edildi.",0,0_17
havlu çok hoşuma gitti; özellikle kullanım kolaylığı iyi. 7 gün denedim.,0,0_10
suluk berbat berbat berbat asla almayın en kötü ürün! 6 sıfır yıldız!,1,1_10
çanta hakkında olumsuz yazanlara inanmayın kusursuz süper! 7 yıldız!,1,1_14
suluk hakkında olumsuz yazanlara inanmayın kusursuz süper! 3 yıldız!,1,1_14
telefon harika fırsat herkese öneriyorum hemen al pişman olmazsın! 6 yıldız!,1,1_5
mont harika fırsat herkese öneriyorum hemen al pişman olmazsın! 3 yıldız!,1,1_5
"klavye uzun kullanımda rahat değil, kısa süre için uygun. 6 gündür bende.",0,0_16
çaydanlık süper süper fiyat şahane düşünmeden al al al! 10 yıldız!,1,1_3
çanta hakkında olumsuz yazanlara inanmayın kusursuz süper! 6 yıldız!,1,1_14
şarj cihazı harika fırsat herkese öneriyorum hemen al pişman olmazsın! 8 yıldız!,1,1_5
kazak kesinlikle uzak dur herkes başka markayı alsın! 4 kere söylüyorum!,1,1_11
mont için iade süreci sorunsuz ilerledi. Ücret 7 günde yattı.,0,0_14
"kulaklık malzemesi iyi, fiyatı biraz yüksek. Teslimat 10 gün sürdü.",0,0_3
havlu mükemmel kalite mükemmel fiyat mükemmel satıcı! 10 tane satın al!,1,1_6
"lamba ilk gün iyiydi, sonra arıza yaptı. 3 gün sonra servise verdim.",0,0_6
"klavye rengi beklediğim gibi değil, değişim istedim. 3 gün oldu.",0,0_8
mont çok hoşuma gitti; özellikle kullanım kolaylığı iyi. 4 gün denedim.,0,0_10
çaydanlık beğenmeyen yok herkes alıyor hemen sen de al! 5 yıldız!,1,1_18
kitap kötü paketlenmişti; ürün sağlam kaldı. 5 gün sonra teslim aldım.,0,0_19
"kazak kalitesi orta, indirimde alınabilir. 10 günlük deneyimim bu.",0,0_7
masa hakkında olumsuz yazanlara inanmayın kusursuz süper! 4 yıldız!,1,1_14
"masa rengi beklediğim gibi değil, değişim istedim. 9 gün oldu.",0,0_8
"klavye fotoğraftakiyle aynı, kutu ezilmişti. 9 gün sonra ulaştı.",0,0_4
mont harika fırsat herkese öneriyorum hemen al pişman olmazsın! 7 yıldız!,1,1_5
masa için rakip yok bütün ürünlerden üstün hemen al! 6 tane sipariş!,1,1_13
"monitör kalitesi orta, indirimde alınabilir. 1 günlük deneyimim bu.",0,0_7
monitör beğenmeyen yok herkes alıyor hemen sen de al! 7 yıldız!,1,1_18
çanta rezalet rezalet para tuzağı sakın satın alma! 4 sıfır puan!,1,1_12
kitap dünyada bir numara kesin memnuniyet mükemmel! 1 tane sipariş ver!,1,1_17
termos beklediğimden küçük geldi ama işimi görüyor. 7 gündür bende.,0,0_2
hoparlör mükemmel kalite mükemmel fiyat mükemmel satıcı! 5 tane satın al!,1,1_6
masa hakkında olumsuz yazanlara inanmayın kusursuz süper! 2 yıldız!,1,1_14
"termos tam istediğim gibi, tekrar alabilirim. 9 gün önce teslim edildi.",0,0_17
"süpürge kullanışlı çıktı, ambalajı özenliydi. 3 gündür sorun yaşamadım.",0,0_9
termos fiyatına göre güzel; kullanım kılavuzu eksik çıktı. 6 gün oldu.,0,0_13
lamba için iade süreci sorunsuz ilerledi. Ücret 4 günde yattı.,0,0_14
tencere beğenmeyen yok herkes alıyor hemen sen de al! 6 yıldız!,1,1_18
"fare siparişim yanlış renk geldi, satıcı değişim yaptı. 8 gün bekledim.",0,0_15
suluk mükemmel kalite mükemmel fiyat mükemmel satıcı! 9 tane satın al!,1,1_6
fare hakkında olumsuz yazanlara inanmayın kusursuz süper! 1 yıldız!,1,1_14
ayakkabı süper süper fiyat şahane düşünmeden al al al! 6 yıldız!,1,1_3
"lamba ilk gün iyiydi, sonra arıza yaptı. 5 gün sonra servise verdim.",0,0_6
"telefon uzun kullanımda rahat değil, kısa süre için uygun. 5 gündür bende.",0,0_16
sandalye için rakip yok bütün ürünlerden üstün hemen al! 1 tane sipariş!,1,1_13
fare için iade süreci sorunsuz ilerledi. Ücret 5 günde yattı.,0,0_14
klavye mükemmel kalite mükemmel fiyat mükemmel satıcı! 2 tane satın al!,1,1_6
kitap mükemmel mükemmel herkese tavsiye hemen satın al! 3 yıldız!,1,1_1
çaydanlık on numara beş yıldız yüzde yüz garanti kaçırma! 7 tane al!,1,1_15
tencere için olumsuz yorumları okudum ama bende sorun çıkmadı. 6 gün kullandım.,0,0_18
fare mükemmel kalite mükemmel fiyat mükemmel satıcı! 9 tane satın al!,1,1_6
"monitör beklentimi karşıladı, tavsiye ederim. Kargo 5 günde geldi.",0,0_12
"tencere gayet güzel, kargolama hızlıydı. 5 gündür kullanıyorum.",0,0_0
"fare ilk gün iyiydi, sonra arıza yaptı. 1 gün sonra servise verdim.",0,0_6
suluk şimdi satın al bugün fırsat son fırsat süper süper! 3 tane al!,1,1_19
monitör harika görünüyor ama bağlantı noktası gevşek. 6 gündür kullanıyorum.,0,0_11
süpürge şahane şahane kesinlikle almalısınız rakipsiz kalite! 8 tane!,1,1_8
kulaklık şahane şahane kesinlikle almalısınız rakipsiz kalite! 10 tane!,1,1_8
saat muhteşem efsane süper ürün herkese tavsiye al! 10 yıldız!,1,1_9
"ayakkabı fotoğraftakiyle aynı, kutu ezilmişti. 1 gün sonra ulaştı.",0,0_4
lamba kesinlikle uzak dur herkes başka markayı alsın! 2 kere söylüyorum!,1,1_11
"telefon için satıcıya soru sordum, açıklayıcı cevap verdi. 1 gün kullandım.",0,0_5
çaydanlık harika görünüyor ama bağlantı noktası gevşek. 3 gündür kullanıyorum.,0,0_11
"kamera paketinde çizik vardı, iade talebi açtım. 10 gün bekledim.",0,0_1
tencere hayatınız değişecek inanılmaz sonuç hemen satın al! 6 yıldız!,1,1_16
sandalye efsane fırsat kaçırma en iyi ürün şimdi sipariş ver! 1 tane!,1,1_2
tablet beklediğimden küçük geldi ama işimi görüyor. 9 gündür bende.,0,0_2
"monitör uzun kullanımda rahat değil, kısa süre için uygun. 6 gündür bende.",0,0_16
suluk inanılmaz kusursuz muhteşem satıcı bir numara! 6 tane al!,1,1_4
çaydanlık hayatınız değişecek inanılmaz sonuç hemen satın al! 8 yıldız!,1,1_16
"kulaklık tam istediğim gibi, tekrar alabilirim. 7 gün önce teslim edildi.",0,0_17
saat hayatınız değişecek inanılmaz sonuç hemen satın al! 8 yıldız!,1,1_16
süpürge dünyada bir numara kesin memnuniyet mükemmel! 8 tane sipariş ver!,1,1_17
yastık için rakip yok bütün ürünlerden üstün hemen al! 3 tane sipariş!,1,1_13
termos kesinlikle uzak dur herkes başka markayı alsın! 4 kere söylüyorum!,1,1_11
"klavye gayet güzel, kargolama hızlıydı. 4 gündür kullanıyorum.",0,0_0
"tablet kalitesi orta, indirimde alınabilir. 2 günlük deneyimim bu.",0,0_7
tencere efsane fırsat kaçırma en iyi ürün şimdi sipariş ver! 7 tane!,1,1_2
"kamera malzemesi iyi, fiyatı biraz yüksek. Teslimat 1 gün sürdü.",0,0_3
"telefon kullanışlı çıktı, ambalajı özenliydi. 2 gündür sorun yaşamadım.",0,0_9
sandalye harika fırsat herkese öneriyorum hemen al pişman olmazsın! 9 yıldız!,1,1_5
"şarj cihazı gayet güzel, kargolama hızlıydı. 4 gündür kullanıyorum.",0,0_0
kulaklık hakkında olumsuz yazanlara inanmayın kusursuz süper! 10 yıldız!,1,1_14
monitör süper süper fiyat şahane düşünmeden al al al! 3 yıldız!,1,1_3
"yastık kalitesi orta, indirimde alınabilir. 4 günlük deneyimim bu.",0,0_7
tablet harika harika harika kesinlikle al 10 numara! 5 tane al!,1,1_0
havlu kesinlikle uzak dur herkes başka markayı alsın! 9 kere söylüyorum!,1,1_11
lamba için olumsuz yorumları okudum ama bende sorun çıkmadı. 6 gün kullandım.,0,0_18
sandalye harika fırsat herkese öneriyorum hemen al pişman olmazsın! 2 yıldız!,1,1_5
fare mükemmel mükemmel herkese tavsiye hemen satın al! 1 yıldız!,1,1_1
ayakkabı efsane fırsat kaçırma en iyi ürün şimdi sipariş ver! 5 tane!,1,1_2
"havlu siparişim yanlış renk geldi, satıcı değişim yaptı. 3 gün bekledim.",0,0_15
"klavye rengi beklediğim gibi değil, değişim istedim. 6 gün oldu.",0,0_8
"kulaklık fotoğraftakiyle aynı, kutu ezilmişti. 1 gün sonra ulaştı.",0,0_4
"monitör paketinde çizik vardı, iade talebi açtım. 6 gün bekledim.",0,0_1
"kitap için satıcıya soru sordum, açıklayıcı cevap verdi. 10 gün kullandım.",0,0_5
kazak şimdi satın al bugün fırsat son fırsat süper süper! 3 tane al!,1,1_19
kitap beğenmeyen yok herkes alıyor hemen sen de al! 9 yıldız!,1,1_18
kamera muhteşem efsane süper ürün herkese tavsiye al! 1 yıldız!,1,1_9
"şarj cihazı siparişim yanlış renk geldi, satıcı değişim yaptı. 4 gün bekledim.",0,0_15
"süpürge ilk gün iyiydi, sonra arıza yaptı. 8 gün sonra servise verdim.",0,0_6
"telefon malzemesi iyi, fiyatı biraz yüksek. Teslimat 10 gün sürdü.",0,0_3
fare muhteşem efsane süper ürün herkese tavsiye al! 1 yıldız!,1,1_9
şarj cihazı efsane fırsat kaçırma en iyi ürün şimdi sipariş ver! 4 tane!,1,1_2
"çanta paketinde çizik vardı, iade talebi açtım. 5 gün bekledim.",0,0_1
termos on numara beş yıldız yüzde yüz garanti kaçırma! 3 tane al!,1,1_15
şarj cihazı için iade süreci sorunsuz ilerledi. Ücret 9 günde yattı.,0,0_14
sandalye harika harika harika kesinlikle al 10 numara! 4 tane al!,1,1_0
mont için rakip yok bütün ürünlerden üstün hemen al! 5 tane sipariş!,1,1_13
"tablet malzemesi iyi, fiyatı biraz yüksek. Teslimat 10 gün sürdü.",0,0_3
çanta şimdi satın al bugün fırsat son fırsat süper süper! 3 tane al!,1,1_19
ayakkabı harika harika harika kesinlikle al 10 numara! 7 tane al!,1,1_0
"kitap rengi beklediğim gibi değil, değişim istedim. 9 gün oldu.",0,0_8
"klavye ilk gün iyiydi, sonra arıza yaptı. 5 gün sonra servise verdim.",0,0_6
"kamera için satıcıya soru sordum, açıklayıcı cevap verdi. 8 gün kullandım.",0,0_5
"kazak siparişim yanlış renk geldi, satıcı değişim yaptı. 2 gün bekledim.",0,0_15
"saat tam istediğim gibi, tekrar alabilirim. 10 gün önce teslim edildi.",0,0_17
"masa beklentimi karşıladı, tavsiye ederim. Kargo 5 günde geldi.",0,0_12
telefon inanılmaz kusursuz muhteşem satıcı bir numara! 5 tane al!,1,1_4
sandalye şahane şahane kesinlikle almalısınız rakipsiz kalite! 7 tane!,1,1_8
"havlu fotoğraftakiyle aynı, kutu ezilmişti. 7 gün sonra ulaştı.",0,0_4
fare berbat berbat berbat asla almayın en kötü ürün! 10 sıfır yıldız!,1,1_10
yastık için olumsuz yorumları okudum ama bende sorun çıkmadı. 9 gün kullandım.,0,0_18
kamera şahane şahane kesinlikle almalısınız rakipsiz kalite! 4 tane!,1,1_8
"kitap siparişim yanlış renk geldi, satıcı değişim yaptı. 9 gün bekledim.",0,0_15
"kitap beklentimi karşıladı, tavsiye ederim. Kargo 3 günde geldi.",0,0_12
kamera dünyada bir numara kesin memnuniyet mükemmel! 2 tane sipariş ver!,1,1_17
lamba çok hoşuma gitti; özellikle kullanım kolaylığı iyi. 3 gün denedim.,0,0_10
havlu fiyatına göre güzel; kullanım kılavuzu eksik çıktı. 3 gün oldu.,0,0_13
masa piyasadaki en iyi en ucuz kaçırılmaz hemen sipariş! 2 yıldız!,1,1_7
masa harika fırsat herkese öneriyorum hemen al pişman olmazsın! 10 yıldız!,1,1_5
"kitap uzun kullanımda rahat değil, kısa süre için uygun. 4 gündür bende.",0,0_16
"şarj cihazı gayet güzel, kargolama hızlıydı. 1 gündür kullanıyorum.",0,0_0
suluk piyasadaki en iyi en ucuz kaçırılmaz hemen sipariş! 7 yıldız!,1,1_7
kulaklık için olumsuz yorumları okudum ama bende sorun çıkmadı. 8 gün kullandım.,0,0_18
mont kesinlikle uzak dur herkes başka markayı alsın! 10 kere söylüyorum!,1,1_11
"saat gayet güzel, kargolama hızlıydı. 8 gündür kullanıyorum.",0,0_0
fare için rakip yok bütün ürünlerden üstün hemen al! 10 tane sipariş!,1,1_13
"lamba tam istediğim gibi, tekrar alabilirim. 1 gün önce teslim edildi.",0,0_17
"süpürge rengi beklediğim gibi değil, değişim istedim. 6 gün oldu.",0,0_8
"saat kullanışlı çıktı, ambalajı özenliydi. 2 gündür sorun yaşamadım.",0,0_9
kazak şahane şahane kesinlikle almalısınız rakipsiz kalite! 2 tane!,1,1_8
"çanta ilk gün iyiydi, sonra arıza yaptı. 4 gün sonra servise verdim.",0,0_6
"yastık gayet güzel, kargolama hızlıydı. 2 gündür kullanıyorum.",0,0_0
kitap hakkında olumsuz yazanlara inanmayın kusursuz süper! 3 yıldız!,1,1_14
"tablet fotoğraftakiyle aynı, kutu ezilmişti. 7 gün sonra ulaştı.",0,0_4
hoparlör beğenmeyen yok herkes alıyor hemen sen de al! 4 yıldız!,1,1_18
masa harika harika harika kesinlikle al 10 numara! 1 tane al!,1,1_0
"ayakkabı ilk gün iyiydi, sonra arıza yaptı. 9 gün sonra servise verdim.",0,0_6
süpürge inanılmaz kusursuz muhteşem satıcı bir numara! 8 tane al!,1,1_4
"sandalye rengi beklediğim gibi değil, değişim istedim. 10 gün oldu.",0,0_8
mont dünyada bir numara kesin memnuniyet mükemmel! 2 tane sipariş ver!,1,1_17
hoparlör piyasadaki en iyi en ucuz kaçırılmaz hemen sipariş! 2 yıldız!,1,1_7
çanta kesinlikle uzak dur herkes başka markayı alsın! 9 kere söylüyorum!,1,1_11
"şarj cihazı kullanışlı çıktı, ambalajı özenliydi. 3 gündür sorun yaşamadım.",0,0_9
"mont fotoğraftakiyle aynı, kutu ezilmişti. 10 gün sonra ulaştı.",0,0_4
kulaklık on numara beş yıldız yüzde yüz garanti kaçırma! 9 tane al!,1,1_15
kamera harika fırsat herkese öneriyorum hemen al pişman olmazsın! 8 yıldız!,1,1_5
"kitap ilk gün iyiydi, sonra arıza yaptı. 1 gün sonra servise verdim.",0,0_6
kazak hakkında olumsuz yazanlara inanmayın kusursuz süper! 8 yıldız!,1,1_14
saat şahane şahane kesinlikle almalısınız rakipsiz kalite! 4 tane!,1,1_8
"fare kullanışlı çıktı, ambalajı özenliydi. 3 gündür sorun yaşamadım.",0,0_9
tablet harika fırsat herkese öneriyorum hemen al pişman olmazsın! 3 yıldız!,1,1_5
"masa kalitesi orta, indirimde alınabilir. 3 günlük deneyimim bu.",0,0_7
süpürge fiyatına göre güzel; kullanım kılavuzu eksik çıktı. 9 gün oldu.,0,0_13
"saat tam istediğim gibi, tekrar alabilirim. 9 gün önce teslim edildi.",0,0_17
suluk şimdi satın al bugün fırsat son fırsat süper süper! 8 tane al!,1,1_19
"lamba kalitesi orta, indirimde alınabilir. 8 günlük deneyimim bu.",0,0_7
saat on numara beş yıldız yüzde yüz garanti kaçırma! 1 tane al!,1,1_15
"havlu beklentimi karşıladı, tavsiye ederim. Kargo 3 günde geldi.",0,0_12
süpürge için rakip yok bütün ürünlerden üstün hemen al! 7 tane sipariş!,1,1_13
"kitap rengi beklediğim gibi değil, değişim istedim. 8 gün oldu.",0,0_8
"kamera beklentimi karşıladı, tavsiye ederim. Kargo 4 günde geldi.",0,0_12
termos şahane şahane kesinlikle almalısınız rakipsiz kalite! 8 tane!,1,1_8
sandalye harika fırsat herkese öneriyorum hemen al pişman olmazsın! 4 yıldız!,1,1_5
lamba berbat berbat berbat asla almayın en kötü ürün! 4 sıfır yıldız!,1,1_10
masa inanılmaz kusursuz muhteşem satıcı bir numara! 5 tane al!,1,1_4
"lamba gayet güzel, kargolama hızlıydı. 10 gündür kullanıyorum.",0,0_0
süpürge beğenmeyen yok herkes alıyor hemen sen de al! 2 yıldız!,1,1_18
mont hakkında olumsuz yazanlara inanmayın kusursuz süper! 5 yıldız!,1,1_14
çaydanlık piyasadaki en iyi en ucuz kaçırılmaz hemen sipariş! 10 yıldız!,1,1_7
kitap muhteşem efsane süper ürün herkese tavsiye al! 8 yıldız!,1,1_9
"süpürge kullanışlı çıktı, ambalajı özenliydi. 5 gündür sorun yaşamadım.",0,0_9
mont muhteşem efsane süper ürün herkese tavsiye al! 5 yıldız!,1,1_9
"çanta uzun kullanımda rahat değil, kısa süre için uygun. 10 gündür bende.",0,0_16
yastık berbat berbat berbat asla almayın en kötü ürün! 10 sıfır yıldız!,1,1_10
"monitör siparişim yanlış renk geldi, satıcı değişim yaptı. 4 gün bekledim.",0,0_15
"monitör kullanışlı çıktı, ambalajı özenliydi. 10 gündür sorun yaşamadım.",0,0_9
saat harika görünüyor ama bağlantı noktası gevşek. 8 gündür kullanıyorum.,0,0_11
"mont fotoğraftakiyle aynı, kutu ezilmişti. 7 gün sonra ulaştı.",0,0_4
"kulaklık gayet güzel, kargolama hızlıydı. 1 gündür kullanıyorum.",0,0_0
monitör kesinlikle uzak dur herkes başka markayı alsın! 6 kere söylüyorum!,1,1_11
"kamera kullanışlı çıktı, ambalajı özenliydi. 7 gündür sorun yaşamadım.",0,0_9
termos hakkında olumsuz yazanlara inanmayın kusursuz süper! 2 yıldız!,1,1_14
klavye şimdi satın al bugün fırsat son fırsat süper süper! 2 tane al!,1,1_19
şarj cihazı fiyatına göre güzel; kullanım kılavuzu eksik çıktı. 7 gün oldu.,0,0_13
süpürge piyasadaki en iyi en ucuz kaçırılmaz hemen sipariş! 4 yıldız!,1,1_7
fare hayatınız değişecek inanılmaz sonuç hemen satın al! 5 yıldız!,1,1_16
termos berbat berbat berbat asla almayın en kötü ürün! 5 sıfır yıldız!,1,1_10
kamera beklediğimden küçük geldi ama işimi görüyor. 4 gündür bende.,0,0_2
"mont kalitesi orta, indirimde alınabilir. 1 günlük deneyimim bu.",0,0_7
hoparlör efsane fırsat kaçırma en iyi ürün şimdi sipariş ver! 5 tane!,1,1_2
"çaydanlık tam istediğim gibi, tekrar alabilirim. 2 gün önce teslim edildi.",0,0_17
kamera beğenmeyen yok herkes alıyor hemen sen de al! 3 yıldız!,1,1_18
yastık berbat berbat berbat asla almayın en kötü ürün! 2 sıfır yıldız!,1,1_10
tablet için iade süreci sorunsuz ilerledi. Ücret 1 günde yattı.,0,0_14
"süpürge için satıcıya soru sordum, açıklayıcı cevap verdi. 1 gün kullandım.",0,0_5
suluk için rakip yok bütün ürünlerden üstün hemen al! 9 tane sipariş!,1,1_13
"lamba tam istediğim gibi, tekrar alabilirim. 9 gün önce teslim edildi.",0,0_17
"kamera rengi beklediğim gibi değil, değişim istedim. 2 gün oldu.",0,0_8
"klavye siparişim yanlış renk geldi, satıcı değişim yaptı. 8 gün bekledim.",0,0_15
şarj cihazı piyasadaki en iyi en ucuz kaçırılmaz hemen sipariş! 6 yıldız!,1,1_7
yastık şimdi satın al bugün fırsat son fırsat süper süper! 5 tane al!,1,1_19
yastık süper süper fiyat şahane düşünmeden al al al! 7 yıldız!,1,1_3
"ayakkabı paketinde çizik vardı, iade talebi açtım. 8 gün bekledim.",0,0_1
"kamera gayet güzel, kargolama hızlıydı. 5 gündür kullanıyorum.",0,0_0
termos için olumsuz yorumları okudum ama bende sorun çıkmadı. 8 gün kullandım.,0,0_18
"klavye fotoğraftakiyle aynı, kutu ezilmişti. 6 gün sonra ulaştı.",0,0_4
yastık dünyada bir numara kesin memnuniyet mükemmel! 10 tane sipariş ver!,1,1_17
şarj cihazı hakkında olumsuz yazanlara inanmayın kusursuz süper! 8 yıldız!,1,1_14
"klavye kullanışlı çıktı, ambalajı özenliydi. 8 gündür sorun yaşamadım.",0,0_9
"çanta rengi beklediğim gibi değil, değişim istedim. 7 gün oldu.",0,0_8
"şarj cihazı kalitesi orta, indirimde alınabilir. 9 günlük deneyimim bu.",0,0_7
ayakkabı çok hoşuma gitti; özellikle kullanım kolaylığı iyi. 5 gün denedim.,0,0_10
"havlu beklentimi karşıladı, tavsiye ederim. Kargo 4 günde geldi.",0,0_12
süpürge harika fırsat herkese öneriyorum hemen al pişman olmazsın! 4 yıldız!,1,1_5
şarj cihazı harika fırsat herkese öneriyorum hemen al pişman olmazsın! 4 yıldız!,1,1_5
"termos rengi beklediğim gibi değil, değişim istedim. 1 gün oldu.",0,0_8
tencere kötü paketlenmişti; ürün sağlam kaldı. 7 gün sonra teslim aldım.,0,0_19
yastık beklediğimden küçük geldi ama işimi görüyor. 2 gündür bende.,0,0_2
süpürge şimdi satın al bugün fırsat son fırsat süper süper! 10 tane al!,1,1_19
monitör şahane şahane kesinlikle almalısınız rakipsiz kalite! 1 tane!,1,1_8
ayakkabı harika harika harika kesinlikle al 10 numara! 2 tane al!,1,1_0
"şarj cihazı siparişim yanlış renk geldi, satıcı değişim yaptı. 7 gün bekledim.",0,0_15
lamba hakkında olumsuz yazanlara inanmayın kusursuz süper! 6 yıldız!,1,1_14
havlu inanılmaz kusursuz muhteşem satıcı bir numara! 2 tane al!,1,1_4
"monitör malzemesi iyi, fiyatı biraz yüksek. Teslimat 4 gün sürdü.",0,0_3
saat kesinlikle uzak dur herkes başka markayı alsın! 7 kere söylüyorum!,1,1_11
lamba harika fırsat herkese öneriyorum hemen al pişman olmazsın! 4 yıldız!,1,1_5
"sandalye ilk gün iyiydi, sonra arıza yaptı. 6 gün sonra servise verdim.",0,0_6
fare on numara beş yıldız yüzde yüz garanti kaçırma! 4 tane al!,1,1_15
telefon dünyada bir numara kesin memnuniyet mükemmel! 6 tane sipariş ver!,1,1_17
"tencere kalitesi orta, indirimde alınabilir. 3 günlük deneyimim bu.",0,0_7
"çanta fotoğraftakiyle aynı, kutu ezilmişti. 5 gün sonra ulaştı.",0,0_4
termos rezalet rezalet para tuzağı sakın satın alma! 3 sıfır puan!,1,1_12
"masa tam istediğim gibi, tekrar alabilirim. 4 gün önce teslim edildi.",0,0_17
sandalye mükemmel kalite mükemmel fiyat mükemmel satıcı! 9 tane satın al!,1,1_6
monitör hakkında olumsuz yazanlara inanmayın kusursuz süper! 5 yıldız!,1,1_14
yastık için iade süreci sorunsuz ilerledi. Ücret 9 günde yattı.,0,0_14
"telefon tam istediğim gibi, tekrar alabilirim. 8 gün önce teslim edildi.",0,0_17
sandalye harika görünüyor ama bağlantı noktası gevşek. 6 gündür kullanıyorum.,0,0_11
monitör beğenmeyen yok herkes alıyor hemen sen de al! 5 yıldız!,1,1_18
telefon harika fırsat herkese öneriyorum hemen al pişman olmazsın! 10 yıldız!,1,1_5
"kamera beklentimi karşıladı, tavsiye ederim. Kargo 10 günde geldi.",0,0_12
yastık rezalet rezalet para tuzağı sakın satın alma! 7 sıfır puan!,1,1_12
sandalye piyasadaki en iyi en ucuz kaçırılmaz hemen sipariş! 10 yıldız!,1,1_7
monitör çok hoşuma gitti; özellikle kullanım kolaylığı iyi. 6 gün denedim.,0,0_10
saat çok hoşuma gitti; özellikle kullanım kolaylığı iyi. 9 gün denedim.,0,0_10
sandalye hayatınız değişecek inanılmaz sonuç hemen satın al! 10 yıldız!,1,1_16
monitör rezalet rezalet para tuzağı sakın satın alma! 2 sıfır puan!,1,1_12
"klavye için satıcıya soru sordum, açıklayıcı cevap verdi. 8 gün kullandım.",0,0_5
suluk beklediğimden küçük geldi ama işimi görüyor. 9 gündür bende.,0,0_2
fare beklediğimden küçük geldi ama işimi görüyor. 5 gündür bende.,0,0_2
saat fiyatına göre güzel; kullanım kılavuzu eksik çıktı. 6 gün oldu.,0,0_13
süpürge fiyatına göre güzel; kullanım kılavuzu eksik çıktı. 6 gün oldu.,0,0_13
telefon harika görünüyor ama bağlantı noktası gevşek. 4 gündür kullanıyorum.,0,0_11
"şarj cihazı için satıcıya soru sordum, açıklayıcı cevap verdi. 3 gün kullandım.",0,0_5
"yastık fotoğraftakiyle aynı, kutu ezilmişti. 7 gün sonra ulaştı.",0,0_4
sandalye mükemmel mükemmel herkese tavsiye hemen satın al! 9 yıldız!,1,1_1
lamba harika harika harika kesinlikle al 10 numara! 6 tane al!,1,1_0
"şarj cihazı beklentimi karşıladı, tavsiye ederim. Kargo 2 günde geldi.",0,0_12
kitap harika harika harika kesinlikle al 10 numara! 10 tane al!,1,1_0
çaydanlık için iade süreci sorunsuz ilerledi. Ücret 2 günde yattı.,0,0_14
klavye hayatınız değişecek inanılmaz sonuç hemen satın al! 7 yıldız!,1,1_16
telefon kötü paketlenmişti; ürün sağlam kaldı. 3 gün sonra teslim aldım.,0,0_19
şarj cihazı mükemmel kalite mükemmel fiyat mükemmel satıcı! 4 tane satın al!,1,1_6
termos şimdi satın al bugün fırsat son fırsat süper süper! 10 tane al!,1,1_19
kitap kesinlikle uzak dur herkes başka markayı alsın! 9 kere söylüyorum!,1,1_11
kazak piyasadaki en iyi en ucuz kaçırılmaz hemen sipariş! 3 yıldız!,1,1_7
"şarj cihazı ilk gün iyiydi, sonra arıza yaptı. 10 gün sonra servise verdim.",0,0_6
sandalye harika fırsat herkese öneriyorum hemen al pişman olmazsın! 10 yıldız!,1,1_5
çanta şimdi satın al bugün fırsat son fırsat süper süper! 4 tane al!,1,1_19
şarj cihazı fiyatına göre güzel; kullanım kılavuzu eksik çıktı. 4 gün oldu.,0,0_13
"çaydanlık gayet güzel, kargolama hızlıydı. 3 gündür kullanıyorum.",0,0_0
saat harika görünüyor ama bağlantı noktası gevşek. 10 gündür kullanıyorum.,0,0_11
kazak kötü paketlenmişti; ürün sağlam kaldı. 10 gün sonra teslim aldım.,0,0_19
süpürge harika görünüyor ama bağlantı noktası gevşek. 2 gündür kullanıyorum.,0,0_11
süpürge harika görünüyor ama bağlantı noktası gevşek. 8 gündür kullanıyorum.,0,0_11
"şarj cihazı rengi beklediğim gibi değil, değişim istedim. 9 gün oldu.",0,0_8
tablet çok hoşuma gitti; özellikle kullanım kolaylığı iyi. 2 gün denedim.,0,0_10
yastık için iade süreci sorunsuz ilerledi. Ücret 6 günde yattı.,0,0_14
tablet için olumsuz yorumları okudum ama bende sorun çıkmadı. 9 gün kullandım.,0,0_18
masa inanılmaz kusursuz muhteşem satıcı bir numara! 6 tane al!,1,1_4
mont mükemmel kalite mükemmel fiyat mükemmel satıcı! 7 tane satın al!,1,1_6
"telefon kalitesi orta, indirimde alınabilir. 6 günlük deneyimim bu.",0,0_7
"tablet paketinde çizik vardı, iade talebi açtım. 2 gün bekledim.",0,0_1
"fare için satıcıya soru sordum, açıklayıcı cevap verdi. 9 gün kullandım.",0,0_5
"saat malzemesi iyi, fiyatı biraz yüksek. Teslimat 1 gün sürdü.",0,0_3
masa on numara beş yıldız yüzde yüz garanti kaçırma! 1 tane al!,1,1_15
"suluk paketinde çizik vardı, iade talebi açtım. 1 gün bekledim.",0,0_1
"lamba rengi beklediğim gibi değil, değişim istedim. 6 gün oldu.",0,0_8
ayakkabı on numara beş yıldız yüzde yüz garanti kaçırma! 4 tane al!,1,1_15
telefon piyasadaki en iyi en ucuz kaçırılmaz hemen sipariş! 3 yıldız!,1,1_7
"masa tam istediğim gibi, tekrar alabilirim. 8 gün önce teslim edildi.",0,0_17
"kamera uzun kullanımda rahat değil, kısa süre için uygun. 6 gündür bende.",0,0_16
masa beğenmeyen yok herkes alıyor hemen sen de al! 6 yıldız!,1,1_18
lamba harika fırsat herkese öneriyorum hemen al pişman olmazsın! 6 yıldız!,1,1_5
masa rezalet rezalet para tuzağı sakın satın alma! 9 sıfır puan!,1,1_12
"havlu için satıcıya soru sordum, açıklayıcı cevap verdi. 7 gün kullandım.",0,0_5
termos beğenmeyen yok herkes alıyor hemen sen de al! 7 yıldız!,1,1_18
"şarj cihazı siparişim yanlış renk geldi, satıcı değişim yaptı. 5 gün bekledim.",0,0_15
kulaklık dünyada bir numara kesin memnuniyet mükemmel! 9 tane sipariş ver!,1,1_17
"havlu fotoğraftakiyle aynı, kutu ezilmişti. 5 gün sonra ulaştı.",0,0_4
"kazak ilk gün iyiydi, sonra arıza yaptı. 7 gün sonra servise verdim.",0,0_6
sandalye hakkında olumsuz yazanlara inanmayın kusursuz süper! 4 yıldız!,1,1_14
tencere şahane şahane kesinlikle almalısınız rakipsiz kalite! 7 tane!,1,1_8
"yastık kalitesi orta, indirimde alınabilir. 2 günlük deneyimim bu.",0,0_7
fare kesinlikle uzak dur herkes başka markayı alsın! 7 kere söylüyorum!,1,1_11
"saat malzemesi iyi, fiyatı biraz yüksek. Teslimat 9 gün sürdü.",0,0_3
"şarj cihazı kalitesi orta, indirimde alınabilir. 3 günlük deneyimim bu.",0,0_7
telefon inanılmaz kusursuz muhteşem satıcı bir numara! 7 tane al!,1,1_4
ayakkabı inanılmaz kusursuz muhteşem satıcı bir numara! 3 tane al!,1,1_4
havlu için iade süreci sorunsuz ilerledi. Ücret 3 günde yattı.,0,0_14
hoparlör on numara beş yıldız yüzde yüz garanti kaçırma! 6 tane al!,1,1_15
suluk dünyada bir numara kesin memnuniyet mükemmel! 1 tane sipariş ver!,1,1_17
tablet piyasadaki en iyi en ucuz kaçırılmaz hemen sipariş! 7 yıldız!,1,1_7
kazak inanılmaz kusursuz muhteşem satıcı bir numara! 8 tane al!,1,1_4
yastık fiyatına göre güzel; kullanım kılavuzu eksik çıktı. 4 gün oldu.,0,0_13
"sandalye ilk gün iyiydi, sonra arıza yaptı. 5 gün sonra servise verdim.",0,0_6
sandalye fiyatına göre güzel; kullanım kılavuzu eksik çıktı. 3 gün oldu.,0,0_13
termos rezalet rezalet para tuzağı sakın satın alma! 7 sıfır puan!,1,1_12
monitör hakkında olumsuz yazanlara inanmayın kusursuz süper! 10 yıldız!,1,1_14
mont rezalet rezalet para tuzağı sakın satın alma! 9 sıfır puan!,1,1_12
klavye kesinlikle uzak dur herkes başka markayı alsın! 3 kere söylüyorum!,1,1_11
termos için olumsuz yorumları okudum ama bende sorun çıkmadı. 10 gün kullandım.,0,0_18
"süpürge rengi beklediğim gibi değil, değişim istedim. 7 gün oldu.",0,0_8
"havlu kalitesi orta, indirimde alınabilir. 3 günlük deneyimim bu.",0,0_7
yastık on numara beş yıldız yüzde yüz garanti kaçırma! 3 tane al!,1,1_15
klavye inanılmaz kusursuz muhteşem satıcı bir numara! 4 tane al!,1,1_4
"şarj cihazı rengi beklediğim gibi değil, değişim istedim. 8 gün oldu.",0,0_8
kulaklık hakkında olumsuz yazanlara inanmayın kusursuz süper! 9 yıldız!,1,1_14
çaydanlık çok hoşuma gitti; özellikle kullanım kolaylığı iyi. 6 gün denedim.,0,0_10
"klavye malzemesi iyi, fiyatı biraz yüksek. Teslimat 6 gün sürdü.",0,0_3
"kazak beklentimi karşıladı, tavsiye ederim. Kargo 9 günde geldi.",0,0_12
klavye süper süper fiyat şahane düşünmeden al al al! 4 yıldız!,1,1_3
tencere dünyada bir numara kesin memnuniyet mükemmel! 10 tane sipariş ver!,1,1_17
"saat gayet güzel, kargolama hızlıydı. 9 gündür kullanıyorum.",0,0_0
fare çok hoşuma gitti; özellikle kullanım kolaylığı iyi. 6 gün denedim.,0,0_10
"telefon siparişim yanlış renk geldi, satıcı değişim yaptı. 9 gün bekledim.",0,0_15
"tablet uzun kullanımda rahat değil, kısa süre için uygun. 6 gündür bende.",0,0_16
süpürge hayatınız değişecek inanılmaz sonuç hemen satın al! 7 yıldız!,1,1_16
suluk rezalet rezalet para tuzağı sakın satın alma! 8 sıfır puan!,1,1_12
yastık harika fırsat herkese öneriyorum hemen al pişman olmazsın! 3 yıldız!,1,1_5
"sandalye beklentimi karşıladı, tavsiye ederim. Kargo 6 günde geldi.",0,0_12
monitör harika görünüyor ama bağlantı noktası gevşek. 5 gündür kullanıyorum.,0,0_11
masa berbat berbat berbat asla almayın en kötü ürün! 10 sıfır yıldız!,1,1_10
termos için rakip yok bütün ürünlerden üstün hemen al! 1 tane sipariş!,1,1_13
masa kesinlikle uzak dur herkes başka markayı alsın! 7 kere söylüyorum!,1,1_11
masa piyasadaki en iyi en ucuz kaçırılmaz hemen sipariş! 1 yıldız!,1,1_7
"lamba tam istediğim gibi, tekrar alabilirim. 7 gün önce teslim edildi.",0,0_17
"havlu paketinde çizik vardı, iade talebi açtım. 4 gün bekledim.",0,0_1
klavye kötü paketlenmişti; ürün sağlam kaldı. 9 gün sonra teslim aldım.,0,0_19
"saat kalitesi orta, indirimde alınabilir. 10 günlük deneyimim bu.",0,0_7
monitör harika harika harika kesinlikle al 10 numara! 10 tane al!,1,1_0
"kitap kullanışlı çıktı, ambalajı özenliydi. 6 gündür sorun yaşamadım.",0,0_9
"yastık uzun kullanımda rahat değil, kısa süre için uygun. 8 gündür bende.",0,0_16
çanta mükemmel mükemmel herkese tavsiye hemen satın al! 4 yıldız!,1,1_1
"çanta uzun kullanımda rahat değil, kısa süre için uygun. 1 gündür bende.",0,0_16
çanta muhteşem efsane süper ürün herkese tavsiye al! 6 yıldız!,1,1_9
havlu beğenmeyen yok herkes alıyor hemen sen de al! 6 yıldız!,1,1_18
fare çok hoşuma gitti; özellikle kullanım kolaylığı iyi. 4 gün denedim.,0,0_10
"kitap beklentimi karşıladı, tavsiye ederim. Kargo 1 günde geldi.",0,0_12
şarj cihazı için olumsuz yorumları okudum ama bende sorun çıkmadı. 8 gün kullandım.,0,0_18
"monitör paketinde çizik vardı, iade talebi açtım. 7 gün bekledim.",0,0_1
süpürge için olumsuz yorumları okudum ama bende sorun çıkmadı. 6 gün kullandım.,0,0_18
"ayakkabı uzun kullanımda rahat değil, kısa süre için uygun. 6 gündür bende.",0,0_16
çaydanlık şahane şahane kesinlikle almalısınız rakipsiz kalite! 4 tane!,1,1_8
suluk inanılmaz kusursuz muhteşem satıcı bir numara! 8 tane al!,1,1_4
fare için olumsuz yorumları okudum ama bende sorun çıkmadı. 10 gün kullandım.,0,0_18
"çanta için satıcıya soru sordum, açıklayıcı cevap verdi. 8 gün kullandım.",0,0_5
çaydanlık harika görünüyor ama bağlantı noktası gevşek. 7 gündür kullanıyorum.,0,0_11
şarj cihazı mükemmel kalite mükemmel fiyat mükemmel satıcı! 10 tane satın al!,1,1_6
"çaydanlık ilk gün iyiydi, sonra arıza yaptı. 2 gün sonra servise verdim.",0,0_6
"şarj cihazı kalitesi orta, indirimde alınabilir. 8 günlük deneyimim bu.",0,0_7
sandalye süper süper fiyat şahane düşünmeden al al al! 1 yıldız!,1,1_3
"tencere rengi beklediğim gibi değil, değişim istedim. 5 gün oldu.",0,0_8
fare kesinlikle uzak dur herkes başka markayı alsın! 1 kere söylüyorum!,1,1_11
"tencere kalitesi orta, indirimde alınabilir. 4 günlük deneyimim bu.",0,0_7
lamba süper süper fiyat şahane düşünmeden al al al! 10 yıldız!,1,1_3
"fare uzun kullanımda rahat değil, kısa süre için uygun. 8 gündür bende.",0,0_16
telefon on numara beş yıldız yüzde yüz garanti kaçırma! 8 tane al!,1,1_15
"tablet için satıcıya soru sordum, açıklayıcı cevap verdi. 8 gün kullandım.",0,0_5
fare efsane fırsat kaçırma en iyi ürün şimdi sipariş ver! 8 tane!,1,1_2
kitap beğenmeyen yok herkes alıyor hemen sen de al! 3 yıldız!,1,1_18
suluk harika görünüyor ama bağlantı noktası gevşek. 7 gündür kullanıyorum.,0,0_11
fare harika harika harika kesinlikle al 10 numara! 9 tane al!,1,1_0
"termos siparişim yanlış renk geldi, satıcı değişim yaptı. 4 gün bekledim.",0,0_15
telefon şimdi satın al bugün fırsat son fırsat süper süper! 1 tane al!,1,1_19
termos şahane şahane kesinlikle almalısınız rakipsiz kalite! 5 tane!,1,1_8
lamba harika görünüyor ama bağlantı noktası gevşek. 2 gündür kullanıyorum.,0,0_11
şarj cihazı için rakip yok bütün ürünlerden üstün hemen al! 9 tane sipariş!,1,1_13
çanta mükemmel mükemmel herkese tavsiye hemen satın al! 7 yıldız!,1,1_1
monitör kesinlikle uzak dur herkes başka markayı alsın! 5 kere söylüyorum!,1,1_11
monitör mükemmel mükemmel herkese tavsiye hemen satın al! 3 yıldız!,1,1_1
suluk süper süper fiyat şahane düşünmeden al al al! 10 yıldız!,1,1_3
tencere piyasadaki en iyi en ucuz kaçırılmaz hemen sipariş! 7 yıldız!,1,1_7
çanta muhteşem efsane süper ürün herkese tavsiye al! 5 yıldız!,1,1_9
ayakkabı şimdi satın al bugün fırsat son fırsat süper süper! 5 tane al!,1,1_19
telefon için olumsuz yorumları okudum ama bende sorun çıkmadı. 5 gün kullandım.,0,0_18
monitör için rakip yok bütün ürünlerden üstün hemen al! 1 tane sipariş!,1,1_13
fare çok hoşuma gitti; özellikle kullanım kolaylığı iyi. 7 gün denedim.,0,0_10
"hoparlör kalitesi orta, indirimde alınabilir. 4 günlük deneyimim bu.",0,0_7
"lamba kalitesi orta, indirimde alınabilir. 6 günlük deneyimim bu.",0,0_7
"hoparlör beklentimi karşıladı, tavsiye ederim. Kargo 5 günde geldi.",0,0_12
termos harika fırsat herkese öneriyorum hemen al pişman olmazsın! 3 yıldız!,1,1_5
sandalye efsane fırsat kaçırma en iyi ürün şimdi sipariş ver! 6 tane!,1,1_2
termos berbat berbat berbat asla almayın en kötü ürün! 4 sıfır yıldız!,1,1_10
"havlu siparişim yanlış renk geldi, satıcı değişim yaptı. 9 gün bekledim.",0,0_15
çanta hakkında olumsuz yazanlara inanmayın kusursuz süper! 5 yıldız!,1,1_14
"çanta siparişim yanlış renk geldi, satıcı değişim yaptı. 5 gün bekledim.",0,0_15
"kulaklık siparişim yanlış renk geldi, satıcı değişim yaptı. 9 gün bekledim.",0,0_15
ayakkabı harika görünüyor ama bağlantı noktası gevşek. 3 gündür kullanıyorum.,0,0_11
monitör hakkında olumsuz yazanlara inanmayın kusursuz süper! 9 yıldız!,1,1_14
"masa siparişim yanlış renk geldi, satıcı değişim yaptı. 2 gün bekledim.",0,0_15
şarj cihazı rezalet rezalet para tuzağı sakın satın alma! 5 sıfır puan!,1,1_12
şarj cihazı için iade süreci sorunsuz ilerledi. Ücret 8 günde yattı.,0,0_14
"kitap rengi beklediğim gibi değil, değişim istedim. 10 gün oldu.",0,0_8
masa muhteşem efsane süper ürün herkese tavsiye al! 3 yıldız!,1,1_9
kitap harika harika harika kesinlikle al 10 numara! 5 tane al!,1,1_0
kamera piyasadaki en iyi en ucuz kaçırılmaz hemen sipariş! 10 yıldız!,1,1_7
çanta piyasadaki en iyi en ucuz kaçırılmaz hemen sipariş! 7 yıldız!,1,1_7
kamera on numara beş yıldız yüzde yüz garanti kaçırma! 6 tane al!,1,1_15
"çaydanlık kullanışlı çıktı, ambalajı özenliydi. 1 gündür sorun yaşamadım.",0,0_9
"şarj cihazı uzun kullanımda rahat değil, kısa süre için uygun. 2 gündür bende.",0,0_16
monitör beklediğimden küçük geldi ama işimi görüyor. 3 gündür bende.,0,0_2
kulaklık efsane fırsat kaçırma en iyi ürün şimdi sipariş ver! 9 tane!,1,1_2
"suluk uzun kullanımda rahat değil, kısa süre için uygun. 8 gündür bende.",0,0_16
suluk efsane fırsat kaçırma en iyi ürün şimdi sipariş ver! 8 tane!,1,1_2
"yastık için satıcıya soru sordum, açıklayıcı cevap verdi. 4 gün kullandım.",0,0_5
tencere inanılmaz kusursuz muhteşem satıcı bir numara! 8 tane al!,1,1_4
süpürge süper süper fiyat şahane düşünmeden al al al! 6 yıldız!,1,1_3
lamba fiyatına göre güzel; kullanım kılavuzu eksik çıktı. 10 gün oldu.,0,0_13
sandalye için iade süreci sorunsuz ilerledi. Ücret 6 günde yattı.,0,0_14
masa mükemmel mükemmel herkese tavsiye hemen satın al! 9 yıldız!,1,1_1
çanta efsane fırsat kaçırma en iyi ürün şimdi sipariş ver! 7 tane!,1,1_2
"telefon kullanışlı çıktı, ambalajı özenliydi. 6 gündür sorun yaşamadım.",0,0_9
monitör harika görünüyor ama bağlantı noktası gevşek. 7 gündür kullanıyorum.,0,0_11
ayakkabı beğenmeyen yok herkes alıyor hemen sen de al! 4 yıldız!,1,1_18
tencere hayatınız değişecek inanılmaz sonuç hemen satın al! 5 yıldız!,1,1_16
saat muhteşem efsane süper ürün herkese tavsiye al! 8 yıldız!,1,1_9
kamera beklediğimden küçük geldi ama işimi görüyor. 9 gündür bende.,0,0_2
saat beklediğimden küçük geldi ama işimi görüyor. 3 gündür bende.,0,0_2
termos muhteşem efsane süper ürün herkese tavsiye al! 8 yıldız!,1,1_9
yastık harika fırsat herkese öneriyorum hemen al pişman olmazsın! 10 yıldız!,1,1_5
süpürge mükemmel mükemmel herkese tavsiye hemen satın al! 9 yıldız!,1,1_1
çaydanlık için olumsuz yorumları okudum ama bende sorun çıkmadı. 7 gün kullandım.,0,0_18
"kamera beklentimi karşıladı, tavsiye ederim. Kargo 8 günde geldi.",0,0_12
suluk harika görünüyor ama bağlantı noktası gevşek. 3 gündür kullanıyorum.,0,0_11
çanta fiyatına göre güzel; kullanım kılavuzu eksik çıktı. 3 gün oldu.,0,0_13
monitör için rakip yok bütün ürünlerden üstün hemen al! 10 tane sipariş!,1,1_13
süpürge şimdi satın al bugün fırsat son fırsat süper süper! 7 tane al!,1,1_19
kamera berbat berbat berbat asla almayın en kötü ürün! 5 sıfır yıldız!,1,1_10
"kulaklık gayet güzel, kargolama hızlıydı. 3 gündür kullanıyorum.",0,0_0
"süpürge kalitesi orta, indirimde alınabilir. 10 günlük deneyimim bu.",0,0_7
klavye hakkında olumsuz yazanlara inanmayın kusursuz süper! 2 yıldız!,1,1_14
"kitap paketinde çizik vardı, iade talebi açtım. 6 gün bekledim.",0,0_1
saat şahane şahane kesinlikle almalısınız rakipsiz kalite! 6 tane!,1,1_8
"suluk kalitesi orta, indirimde alınabilir. 8 günlük deneyimim bu.",0,0_7
kulaklık harika fırsat herkese öneriyorum hemen al pişman olmazsın! 10 yıldız!,1,1_5
"yastık uzun kullanımda rahat değil, kısa süre için uygun. 3 gündür bende.",0,0_16
ayakkabı berbat berbat berbat asla almayın en kötü ürün! 5 sıfır yıldız!,1,1_10
"monitör ilk gün iyiydi, sonra arıza yaptı. 6 gün sonra servise verdim.",0,0_6
saat harika harika harika kesinlikle al 10 numara! 9 tane al!,1,1_0
"tablet uzun kullanımda rahat değil, kısa süre için uygun. 5 gündür bende.",0,0_16
saat dünyada bir numara kesin memnuniyet mükemmel! 3 tane sipariş ver!,1,1_17
"fare gayet güzel, kargolama hızlıydı. 8 gündür kullanıyorum.",0,0_0
tablet mükemmel kalite mükemmel fiyat mükemmel satıcı! 2 tane satın al!,1,1_6
"kitap uzun kullanımda rahat değil, kısa süre için uygun. 10 gündür bende.",0,0_16
"yastık için satıcıya soru sordum, açıklayıcı cevap verdi. 6 gün kullandım.",0,0_5
saat dünyada bir numara kesin memnuniyet mükemmel! 5 tane sipariş ver!,1,1_17
suluk harika fırsat herkese öneriyorum hemen al pişman olmazsın! 5 yıldız!,1,1_5
tencere için rakip yok bütün ürünlerden üstün hemen al! 8 tane sipariş!,1,1_13
ayakkabı fiyatına göre güzel; kullanım kılavuzu eksik çıktı. 3 gün oldu.,0,0_13
"suluk beklentimi karşıladı, tavsiye ederim. Kargo 9 günde geldi.",0,0_12
lamba dünyada bir numara kesin memnuniyet mükemmel! 9 tane sipariş ver!,1,1_17
termos beklediğimden küçük geldi ama işimi görüyor. 6 gündür bende.,0,0_2
"ayakkabı beklentimi karşıladı, tavsiye ederim. Kargo 8 günde geldi.",0,0_12
monitör piyasadaki en iyi en ucuz kaçırılmaz hemen sipariş! 3 yıldız!,1,1_7
"termos rengi beklediğim gibi değil, değişim istedim. 6 gün oldu.",0,0_8
çanta beklediğimden küçük geldi ama işimi görüyor. 5 gündür bende.,0,0_2
suluk beğenmeyen yok herkes alıyor hemen sen de al! 4 yıldız!,1,1_18
kamera efsane fırsat kaçırma en iyi ürün şimdi sipariş ver! 1 tane!,1,1_2
sandalye kesinlikle uzak dur herkes başka markayı alsın! 10 kere söylüyorum!,1,1_11
kitap muhteşem efsane süper ürün herkese tavsiye al! 2 yıldız!,1,1_9
çanta hakkında olumsuz yazanlara inanmayın kusursuz süper! 9 yıldız!,1,1_14
havlu hayatınız değişecek inanılmaz sonuç hemen satın al! 5 yıldız!,1,1_16
tencere şahane şahane kesinlikle almalısınız rakipsiz kalite! 5 tane!,1,1_8
"saat için satıcıya soru sordum, açıklayıcı cevap verdi. 7 gün kullandım.",0,0_5
"tencere paketinde çizik vardı, iade talebi açtım. 7 gün bekledim.",0,0_1
kitap dünyada bir numara kesin memnuniyet mükemmel! 2 tane sipariş ver!,1,1_17
çanta harika görünüyor ama bağlantı noktası gevşek. 3 gündür kullanıyorum.,0,0_11
lamba hakkında olumsuz yazanlara inanmayın kusursuz süper! 10 yıldız!,1,1_14
mont harika harika harika kesinlikle al 10 numara! 6 tane al!,1,1_0
"kulaklık kalitesi orta, indirimde alınabilir. 7 günlük deneyimim bu.",0,0_7
sandalye beğenmeyen yok herkes alıyor hemen sen de al! 3 yıldız!,1,1_18
"klavye için satıcıya soru sordum, açıklayıcı cevap verdi. 6 gün kullandım.",0,0_5
suluk süper süper fiyat şahane düşünmeden al al al! 8 yıldız!,1,1_3
suluk için olumsuz yorumları okudum ama bende sorun çıkmadı. 7 gün kullandım.,0,0_18
"sandalye malzemesi iyi, fiyatı biraz yüksek. Teslimat 6 gün sürdü.",0,0_3
monitör harika harika harika kesinlikle al 10 numara! 5 tane al!,1,1_0
telefon fiyatına göre güzel; kullanım kılavuzu eksik çıktı. 2 gün oldu.,0,0_13
çaydanlık mükemmel mükemmel herkese tavsiye hemen satın al! 1 yıldız!,1,1_1
telefon çok hoşuma gitti; özellikle kullanım kolaylığı iyi. 3 gün denedim.,0,0_10
"klavye rengi beklediğim gibi değil, değişim istedim. 9 gün oldu.",0,0_8
"masa siparişim yanlış renk geldi, satıcı değişim yaptı. 3 gün bekledim.",0,0_15
kulaklık piyasadaki en iyi en ucuz kaçırılmaz hemen sipariş! 7 yıldız!,1,1_7
"ayakkabı beklentimi karşıladı, tavsiye ederim. Kargo 3 günde geldi.",0,0_12
"masa için satıcıya soru sordum, açıklayıcı cevap verdi. 5 gün kullandım.",0,0_5
"süpürge siparişim yanlış renk geldi, satıcı değişim yaptı. 3 gün bekledim.",0,0_15
saat için olumsuz yorumları okudum ama bende sorun çıkmadı. 8 gün kullandım.,0,0_18
tencere beğenmeyen yok herkes alıyor hemen sen de al! 7 yıldız!,1,1_18
mont kesinlikle uzak dur herkes başka markayı alsın! 7 kere söylüyorum!,1,1_11
"çaydanlık ilk gün iyiydi, sonra arıza yaptı. 9 gün sonra servise verdim.",0,0_6
masa efsane fırsat kaçırma en iyi ürün şimdi sipariş ver! 10 tane!,1,1_2
"kulaklık kullanışlı çıktı, ambalajı özenliydi. 8 gündür sorun yaşamadım.",0,0_9
fare rezalet rezalet para tuzağı sakın satın alma! 7 sıfır puan!,1,1_12
hoparlör harika fırsat herkese öneriyorum hemen al pişman olmazsın! 9 yıldız!,1,1_5
"suluk tam istediğim gibi, tekrar alabilirim. 2 gün önce teslim edildi.",0,0_17
"suluk rengi beklediğim gibi değil, değişim istedim. 1 gün oldu.",0,0_8
"klavye rengi beklediğim gibi değil, değişim istedim. 8 gün oldu.",0,0_8
tablet fiyatına göre güzel; kullanım kılavuzu eksik çıktı. 1 gün oldu.,0,0_13
"telefon için satıcıya soru sordum, açıklayıcı cevap verdi. 8 gün kullandım.",0,0_5
"şarj cihazı malzemesi iyi, fiyatı biraz yüksek. Teslimat 4 gün sürdü.",0,0_3
fare kesinlikle uzak dur herkes başka markayı alsın! 2 kere söylüyorum!,1,1_11
kazak berbat berbat berbat asla almayın en kötü ürün! 8 sıfır yıldız!,1,1_10
fare çok hoşuma gitti; özellikle kullanım kolaylığı iyi. 8 gün denedim.,0,0_10
çanta şimdi satın al bugün fırsat son fırsat süper süper! 7 tane al!,1,1_19
"klavye beklentimi karşıladı, tavsiye ederim. Kargo 3 günde geldi.",0,0_12
fare efsane fırsat kaçırma en iyi ürün şimdi sipariş ver! 10 tane!,1,1_2
masa efsane fırsat kaçırma en iyi ürün şimdi sipariş ver! 6 tane!,1,1_2
çanta on numara beş yıldız yüzde yüz garanti kaçırma! 3 tane al!,1,1_15
masa efsane fırsat kaçırma en iyi ürün şimdi sipariş ver! 1 tane!,1,1_2
suluk beğenmeyen yok herkes alıyor hemen sen de al! 3 yıldız!,1,1_18
"kitap gayet güzel, kargolama hızlıydı. 5 gündür kullanıyorum.",0,0_0
lamba hakkında olumsuz yazanlara inanmayın kusursuz süper! 1 yıldız!,1,1_14
"mont rengi beklediğim gibi değil, değişim istedim. 2 gün oldu.",0,0_8
monitör fiyatına göre güzel; kullanım kılavuzu eksik çıktı. 8 gün oldu.,0,0_13
"süpürge tam istediğim gibi, tekrar alabilirim. 5 gün önce teslim edildi.",0,0_17
"klavye kullanışlı çıktı, ambalajı özenliydi. 1 gündür sorun yaşamadım.",0,0_9
şarj cihazı için rakip yok bütün ürünlerden üstün hemen al! 8 tane sipariş!,1,1_13
"termos kalitesi orta, indirimde alınabilir. 5 günlük deneyimim bu.",0,0_7
şarj cihazı dünyada bir numara kesin memnuniyet mükemmel! 4 tane sipariş ver!,1,1_17
ayakkabı beğenmeyen yok herkes alıyor hemen sen de al! 8 yıldız!,1,1_18
telefon kötü paketlenmişti; ürün sağlam kaldı. 6 gün sonra teslim aldım.,0,0_19
kamera hakkında olumsuz yazanlara inanmayın kusursuz süper! 10 yıldız!,1,1_14
termos şahane şahane kesinlikle almalısınız rakipsiz kalite! 9 tane!,1,1_8
monitör hakkında olumsuz yazanlara inanmayın kusursuz süper! 1 yıldız!,1,1_14
"şarj cihazı beklentimi karşıladı, tavsiye ederim. Kargo 4 günde geldi.",0,0_12
süpürge için olumsuz yorumları okudum ama bende sorun çıkmadı. 7 gün kullandım.,0,0_18
"şarj cihazı kalitesi orta, indirimde alınabilir. 10 günlük deneyimim bu.",0,0_7
tencere mükemmel mükemmel herkese tavsiye hemen satın al! 8 yıldız!,1,1_1
monitör on numara beş yıldız yüzde yüz garanti kaçırma! 5 tane al!,1,1_15
"kazak paketinde çizik vardı, iade talebi açtım. 6 gün bekledim.",0,0_1
"ayakkabı beklentimi karşıladı, tavsiye ederim. Kargo 5 günde geldi.",0,0_12
havlu fiyatına göre güzel; kullanım kılavuzu eksik çıktı. 7 gün oldu.,0,0_13
kulaklık rezalet rezalet para tuzağı sakın satın alma! 9 sıfır puan!,1,1_12
ayakkabı için iade süreci sorunsuz ilerledi. Ücret 5 günde yattı.,0,0_14
monitör şimdi satın al bugün fırsat son fırsat süper süper! 10 tane al!,1,1_19
fare berbat berbat berbat asla almayın en kötü ürün! 6 sıfır yıldız!,1,1_10
"saat fotoğraftakiyle aynı, kutu ezilmişti. 8 gün sonra ulaştı.",0,0_4
suluk için rakip yok bütün ürünlerden üstün hemen al! 7 tane sipariş!,1,1_13
çaydanlık hayatınız değişecek inanılmaz sonuç hemen satın al! 5 yıldız!,1,1_16
"masa malzemesi iyi, fiyatı biraz yüksek. Teslimat 3 gün sürdü.",0,0_3
termos mükemmel mükemmel herkese tavsiye hemen satın al! 6 yıldız!,1,1_1
"kazak tam istediğim gibi, tekrar alabilirim. 4 gün önce teslim edildi.",0,0_17
monitör şimdi satın al bugün fırsat son fırsat süper süper! 6 tane al!,1,1_19
klavye on numara beş yıldız yüzde yüz garanti kaçırma! 4 tane al!,1,1_15
telefon harika harika harika kesinlikle al 10 numara! 8 tane al!,1,1_0
"ayakkabı malzemesi iyi, fiyatı biraz yüksek. Teslimat 9 gün sürdü.",0,0_3
süpürge efsane fırsat kaçırma en iyi ürün şimdi sipariş ver! 7 tane!,1,1_2
yastık fiyatına göre güzel; kullanım kılavuzu eksik çıktı. 9 gün oldu.,0,0_13
"hoparlör uzun kullanımda rahat değil, kısa süre için uygun. 2 gündür bende.",0,0_16
saat harika harika harika kesinlikle al 10 numara! 6 tane al!,1,1_0
mont için rakip yok bütün ürünlerden üstün hemen al! 2 tane sipariş!,1,1_13
"hoparlör gayet güzel, kargolama hızlıydı. 6 gündür kullanıyorum.",0,0_0
"hoparlör malzemesi iyi, fiyatı biraz yüksek. Teslimat 10 gün sürdü.",0,0_3
mont efsane fırsat kaçırma en iyi ürün şimdi sipariş ver! 6 tane!,1,1_2
"termos beklentimi karşıladı, tavsiye ederim. Kargo 8 günde geldi.",0,0_12
"monitör beklentimi karşıladı, tavsiye ederim. Kargo 9 günde geldi.",0,0_12
süpürge şahane şahane kesinlikle almalısınız rakipsiz kalite! 10 tane!,1,1_8
saat beklediğimden küçük geldi ama işimi görüyor. 4 gündür bende.,0,0_2
kazak harika fırsat herkese öneriyorum hemen al pişman olmazsın! 3 yıldız!,1,1_5
çanta mükemmel mükemmel herkese tavsiye hemen satın al! 5 yıldız!,1,1_1
"şarj cihazı için satıcıya soru sordum, açıklayıcı cevap verdi. 4 gün kullandım.",0,0_5
şarj cihazı rezalet rezalet para tuzağı sakın satın alma! 4 sıfır puan!,1,1_12
lamba harika fırsat herkese öneriyorum hemen al pişman olmazsın! 9 yıldız!,1,1_5
hoparlör şimdi satın al bugün fırsat son fırsat süper süper! 9 tane al!,1,1_19
mont beğenmeyen yok herkes alıyor hemen sen de al! 3 yıldız!,1,1_18
mont fiyatına göre güzel; kullanım kılavuzu eksik çıktı. 6 gün oldu.,0,0_13
telefon inanılmaz kusursuz muhteşem satıcı bir numara! 2 tane al!,1,1_4
"suluk için satıcıya soru sordum, açıklayıcı cevap verdi. 8 gün kullandım.",0,0_5
kamera on numara beş yıldız yüzde yüz garanti kaçırma! 2 tane al!,1,1_15
"mont siparişim yanlış renk geldi, satıcı değişim yaptı. 2 gün bekledim.",0,0_15
tencere için iade süreci sorunsuz ilerledi. Ücret 10 günde yattı.,0,0_14
"çanta kalitesi orta, indirimde alınabilir. 5 günlük deneyimim bu.",0,0_7
çanta süper süper fiyat şahane düşünmeden al al al! 1 yıldız!,1,1_3
"klavye kullanışlı çıktı, ambalajı özenliydi. 3 gündür sorun yaşamadım.",0,0_9
ayakkabı kötü paketlenmişti; ürün sağlam kaldı. 4 gün sonra teslim aldım.,0,0_19
tencere on numara beş yıldız yüzde yüz garanti kaçırma! 4 tane al!,1,1_15
sandalye berbat berbat berbat asla almayın en kötü ürün! 2 sıfır yıldız!,1,1_10
masa için olumsuz yorumları okudum ama bende sorun çıkmadı. 6 gün kullandım.,0,0_18
mont hayatınız değişecek inanılmaz sonuç hemen satın al! 6 yıldız!,1,1_16
"mont rengi beklediğim gibi değil, değişim istedim. 6 gün oldu.",0,0_8
hoparlör süper süper fiyat şahane düşünmeden al al al! 3 yıldız!,1,1_3
fare hakkında olumsuz yazanlara inanmayın kusursuz süper! 3 yıldız!,1,1_14
"süpürge fotoğraftakiyle aynı, kutu ezilmişti. 4 gün sonra ulaştı.",0,0_4
"klavye paketinde çizik vardı, iade talebi açtım. 2 gün bekledim.",0,0_1
"havlu uzun kullanımda rahat değil, kısa süre için uygun. 10 gündür bende.",0,0_16
"kazak fotoğraftakiyle aynı, kutu ezilmişti. 4 gün sonra ulaştı.",0,0_4
"saat için satıcıya soru sordum, açıklayıcı cevap verdi. 10 gün kullandım.",0,0_5
"kitap fotoğraftakiyle aynı, kutu ezilmişti. 8 gün sonra ulaştı.",0,0_4
"kazak paketinde çizik vardı, iade talebi açtım. 4 gün bekledim.",0,0_1
yastık için rakip yok bütün ürünlerden üstün hemen al! 1 tane sipariş!,1,1_13
"yastık gayet güzel, kargolama hızlıydı. 4 gündür kullanıyorum.",0,0_0
havlu efsane fırsat kaçırma en iyi ürün şimdi sipariş ver! 5 tane!,1,1_2
süpürge dünyada bir numara kesin memnuniyet mükemmel! 1 tane sipariş ver!,1,1_17
tencere kötü paketlenmişti; ürün sağlam kaldı. 10 gün sonra teslim aldım.,0,0_19
suluk on numara beş yıldız yüzde yüz garanti kaçırma! 9 tane al!,1,1_15
"tencere siparişim yanlış renk geldi, satıcı değişim yaptı. 3 gün bekledim.",0,0_15
"havlu siparişim yanlış renk geldi, satıcı değişim yaptı. 5 gün bekledim.",0,0_15
süpürge kötü paketlenmişti; ürün sağlam kaldı. 4 gün sonra teslim aldım.,0,0_19
havlu muhteşem efsane süper ürün herkese tavsiye al! 1 yıldız!,1,1_9
suluk fiyatına göre güzel; kullanım kılavuzu eksik çıktı. 7 gün oldu.,0,0_13
çaydanlık on numara beş yıldız yüzde yüz garanti kaçırma! 5 tane al!,1,1_15
kazak için rakip yok bütün ürünlerden üstün hemen al! 2 tane sipariş!,1,1_13
masa harika görünüyor ama bağlantı noktası gevşek. 8 gündür kullanıyorum.,0,0_11
"ayakkabı için satıcıya soru sordum, açıklayıcı cevap verdi. 10 gün kullandım.",0,0_5
kazak harika fırsat herkese öneriyorum hemen al pişman olmazsın! 2 yıldız!,1,1_5
"kamera fotoğraftakiyle aynı, kutu ezilmişti. 1 gün sonra ulaştı.",0,0_4
"kamera ilk gün iyiydi, sonra arıza yaptı. 3 gün sonra servise verdim.",0,0_6
"lamba kullanışlı çıktı, ambalajı özenliydi. 1 gündür sorun yaşamadım.",0,0_9
"masa uzun kullanımda rahat değil, kısa süre için uygun. 6 gündür bende.",0,0_16
saat beğenmeyen yok herkes alıyor hemen sen de al! 2 yıldız!,1,1_18
telefon kesinlikle uzak dur herkes başka markayı alsın! 2 kere söylüyorum!,1,1_11
"kazak için satıcıya soru sordum, açıklayıcı cevap verdi. 7 gün kullandım.",0,0_5
kazak için iade süreci sorunsuz ilerledi. Ücret 4 günde yattı.,0,0_14
"hoparlör fotoğraftakiyle aynı, kutu ezilmişti. 9 gün sonra ulaştı.",0,0_4
"mont uzun kullanımda rahat değil, kısa süre için uygun. 2 gündür bende.",0,0_16
monitör beğenmeyen yok herkes alıyor hemen sen de al! 3 yıldız!,1,1_18
"havlu siparişim yanlış renk geldi, satıcı değişim yaptı. 10 gün bekledim.",0,0_15
"kamera siparişim yanlış renk geldi, satıcı değişim yaptı. 9 gün bekledim.",0,0_15
klavye harika görünüyor ama bağlantı noktası gevşek. 7 gündür kullanıyorum.,0,0_11
suluk rezalet rezalet para tuzağı sakın satın alma! 3 sıfır puan!,1,1_12
klavye fiyatına göre güzel; kullanım kılavuzu eksik çıktı. 5 gün oldu.,0,0_13
"kamera uzun kullanımda rahat değil, kısa süre için uygun. 1 gündür bende.",0,0_16
"klavye kalitesi orta, indirimde alınabilir. 6 günlük deneyimim bu.",0,0_7
tencere şimdi satın al bugün fırsat son fırsat süper süper! 4 tane al!,1,1_19
fare şimdi satın al bugün fırsat son fırsat süper süper! 3 tane al!,1,1_19
lamba dünyada bir numara kesin memnuniyet mükemmel! 8 tane sipariş ver!,1,1_17
çaydanlık için rakip yok bütün ürünlerden üstün hemen al! 2 tane sipariş!,1,1_13
tablet harika görünüyor ama bağlantı noktası gevşek. 3 gündür kullanıyorum.,0,0_11
"kazak beklentimi karşıladı, tavsiye ederim. Kargo 1 günde geldi.",0,0_12
"fare beklentimi karşıladı, tavsiye ederim. Kargo 6 günde geldi.",0,0_12
havlu berbat berbat berbat asla almayın en kötü ürün! 9 sıfır yıldız!,1,1_10
klavye için rakip yok bütün ürünlerden üstün hemen al! 9 tane sipariş!,1,1_13
"süpürge tam istediğim gibi, tekrar alabilirim. 10 gün önce teslim edildi.",0,0_17
çanta süper süper fiyat şahane düşünmeden al al al! 10 yıldız!,1,1_3
monitör mükemmel kalite mükemmel fiyat mükemmel satıcı! 1 tane satın al!,1,1_6
"çanta tam istediğim gibi, tekrar alabilirim. 2 gün önce teslim edildi.",0,0_17
tablet harika fırsat herkese öneriyorum hemen al pişman olmazsın! 10 yıldız!,1,1_5
termos çok hoşuma gitti; özellikle kullanım kolaylığı iyi. 5 gün denedim.,0,0_10
çaydanlık beğenmeyen yok herkes alıyor hemen sen de al! 9 yıldız!,1,1_18
hoparlör harika harika harika kesinlikle al 10 numara! 2 tane al!,1,1_0
kazak mükemmel kalite mükemmel fiyat mükemmel satıcı! 2 tane satın al!,1,1_6
"monitör siparişim yanlış renk geldi, satıcı değişim yaptı. 8 gün bekledim.",0,0_15
sandalye efsane fırsat kaçırma en iyi ürün şimdi sipariş ver! 2 tane!,1,1_2
süpürge harika görünüyor ama bağlantı noktası gevşek. 10 gündür kullanıyorum.,0,0_11
"tablet uzun kullanımda rahat değil, kısa süre için uygun. 3 gündür bende.",0,0_16
fare efsane fırsat kaçırma en iyi ürün şimdi sipariş ver! 9 tane!,1,1_2
"kazak paketinde çizik vardı, iade talebi açtım. 1 gün bekledim.",0,0_1
"çaydanlık kalitesi orta, indirimde alınabilir. 8 günlük deneyimim bu.",0,0_7
ayakkabı süper süper fiyat şahane düşünmeden al al al! 7 yıldız!,1,1_3
havlu kesinlikle uzak dur herkes başka markayı alsın! 7 kere söylüyorum!,1,1_11
kitap şimdi satın al bugün fırsat son fırsat süper süper! 10 tane al!,1,1_19
"suluk kalitesi orta, indirimde alınabilir. 9 günlük deneyimim bu.",0,0_7
havlu mükemmel mükemmel herkese tavsiye hemen satın al! 10 yıldız!,1,1_1
masa harika fırsat herkese öneriyorum hemen al pişman olmazsın! 3 yıldız!,1,1_5
"fare paketinde çizik vardı, iade talebi açtım. 2 gün bekledim.",0,0_1
termos beğenmeyen yok herkes alıyor hemen sen de al! 9 yıldız!,1,1_18
"masa siparişim yanlış renk geldi, satıcı değişim yaptı. 1 gün bekledim.",0,0_15
"havlu fotoğraftakiyle aynı, kutu ezilmişti. 8 gün sonra ulaştı.",0,0_4
kazak kesinlikle uzak dur herkes başka markayı alsın! 2 kere söylüyorum!,1,1_11
hoparlör için olumsuz yorumları okudum ama bende sorun çıkmadı. 10 gün kullandım.,0,0_18
"masa için satıcıya soru sordum, açıklayıcı cevap verdi. 8 gün kullandım.",0,0_5
"lamba için satıcıya soru sordum, açıklayıcı cevap verdi. 5 gün kullandım.",0,0_5
termos için iade süreci sorunsuz ilerledi. Ücret 6 günde yattı.,0,0_14
kulaklık piyasadaki en iyi en ucuz kaçırılmaz hemen sipariş! 3 yıldız!,1,1_7
"masa uzun kullanımda rahat değil, kısa süre için uygun. 2 gündür bende.",0,0_16
"kazak için satıcıya soru sordum, açıklayıcı cevap verdi. 9 gün kullandım.",0,0_5
"süpürge kalitesi orta, indirimde alınabilir. 7 günlük deneyimim bu.",0,0_7
çaydanlık piyasadaki en iyi en ucuz kaçırılmaz hemen sipariş! 8 yıldız!,1,1_7
tablet efsane fırsat kaçırma en iyi ürün şimdi sipariş ver! 9 tane!,1,1_2
kamera harika görünüyor ama bağlantı noktası gevşek. 1 gündür kullanıyorum.,0,0_11
kulaklık fiyatına göre güzel; kullanım kılavuzu eksik çıktı. 1 gün oldu.,0,0_13
tablet beklediğimden küçük geldi ama işimi görüyor. 2 gündür bende.,0,0_2
"yastık uzun kullanımda rahat değil, kısa süre için uygun. 2 gündür bende.",0,0_16
kamera rezalet rezalet para tuzağı sakın satın alma! 4 sıfır puan!,1,1_12
"lamba siparişim yanlış renk geldi, satıcı değişim yaptı. 7 gün bekledim.",0,0_15
havlu şahane şahane kesinlikle almalısınız rakipsiz kalite! 7 tane!,1,1_8
"hoparlör kullanışlı çıktı, ambalajı özenliydi. 4 gündür sorun yaşamadım.",0,0_9
kamera mükemmel mükemmel herkese tavsiye hemen satın al! 7 yıldız!,1,1_1
tablet hayatınız değişecek inanılmaz sonuç hemen satın al! 5 yıldız!,1,1_16
yastık dünyada bir numara kesin memnuniyet mükemmel! 8 tane sipariş ver!,1,1_17
sandalye harika harika harika kesinlikle al 10 numara! 3 tane al!,1,1_0
mont berbat berbat berbat asla almayın en kötü ürün! 1 sıfır yıldız!,1,1_10
çanta berbat berbat berbat asla almayın en kötü ürün! 2 sıfır yıldız!,1,1_10
"süpürge tam istediğim gibi, tekrar alabilirim. 3 gün önce teslim edildi.",0,0_17
kamera mükemmel mükemmel herkese tavsiye hemen satın al! 2 yıldız!,1,1_1
telefon için olumsuz yorumları okudum ama bende sorun çıkmadı. 9 gün kullandım.,0,0_18
"lamba paketinde çizik vardı, iade talebi açtım. 1 gün bekledim.",0,0_1
"tablet ilk gün iyiydi, sonra arıza yaptı. 3 gün sonra servise verdim.",0,0_6
suluk hakkında olumsuz yazanlara inanmayın kusursuz süper! 8 yıldız!,1,1_14
şarj cihazı şimdi satın al bugün fırsat son fırsat süper süper! 7 tane al!,1,1_19
telefon kötü paketlenmişti; ürün sağlam kaldı. 7 gün sonra teslim aldım.,0,0_19
"kulaklık paketinde çizik vardı, iade talebi açtım. 6 gün bekledim.",0,0_1
"termos uzun kullanımda rahat değil, kısa süre için uygun. 5 gündür bende.",0,0_16
yastık beğenmeyen yok herkes alıyor hemen sen de al! 7 yıldız!,1,1_18
mont beklediğimden küçük geldi ama işimi görüyor. 8 gündür bende.,0,0_2
saat beğenmeyen yok herkes alıyor hemen sen de al! 10 yıldız!,1,1_18
ayakkabı süper süper fiyat şahane düşünmeden al al al! 3 yıldız!,1,1_3
monitör için rakip yok bütün ürünlerden üstün hemen al! 2 tane sipariş!,1,1_13
hoparlör kesinlikle uzak dur herkes başka markayı alsın! 9 kere söylüyorum!,1,1_11
telefon kesinlikle uzak dur herkes başka markayı alsın! 9 kere söylüyorum!,1,1_11
"kitap kullanışlı çıktı, ambalajı özenliydi. 9 gündür sorun yaşamadım.",0,0_9
kamera piyasadaki en iyi en ucuz kaçırılmaz hemen sipariş! 4 yıldız!,1,1_7
"yastık için satıcıya soru sordum, açıklayıcı cevap verdi. 10 gün kullandım.",0,0_5
"suluk malzemesi iyi, fiyatı biraz yüksek. Teslimat 2 gün sürdü.",0,0_3
ayakkabı muhteşem efsane süper ürün herkese tavsiye al! 2 yıldız!,1,1_9
"kamera siparişim yanlış renk geldi, satıcı değişim yaptı. 10 gün bekledim.",0,0_15
termos berbat berbat berbat asla almayın en kötü ürün! 3 sıfır yıldız!,1,1_10
çaydanlık mükemmel kalite mükemmel fiyat mükemmel satıcı! 3 tane satın al!,1,1_6
suluk için iade süreci sorunsuz ilerledi. Ücret 9 günde yattı.,0,0_14
"kitap siparişim yanlış renk geldi, satıcı değişim yaptı. 2 gün bekledim.",0,0_15
"yastık siparişim yanlış renk geldi, satıcı değişim yaptı. 2 gün bekledim.",0,0_15
monitör inanılmaz kusursuz muhteşem satıcı bir numara! 2 tane al!,1,1_4
termos efsane fırsat kaçırma en iyi ürün şimdi sipariş ver! 10 tane!,1,1_2
havlu harika görünüyor ama bağlantı noktası gevşek. 5 gündür kullanıyorum.,0,0_11
süpürge şimdi satın al bugün fırsat son fırsat süper süper! 9 tane al!,1,1_19
klavye için iade süreci sorunsuz ilerledi. Ücret 3 günde yattı.,0,0_14
"saat kalitesi orta, indirimde alınabilir. 5 günlük deneyimim bu.",0,0_7
"telefon rengi beklediğim gibi değil, değişim istedim. 7 gün oldu.",0,0_8
ayakkabı piyasadaki en iyi en ucuz kaçırılmaz hemen sipariş! 1 yıldız!,1,1_7
"ayakkabı gayet güzel, kargolama hızlıydı. 10 gündür kullanıyorum.",0,0_0
mont için rakip yok bütün ürünlerden üstün hemen al! 7 tane sipariş!,1,1_13
kulaklık için iade süreci sorunsuz ilerledi. Ücret 9 günde yattı.,0,0_14
masa on numara beş yıldız yüzde yüz garanti kaçırma! 6 tane al!,1,1_15
kamera harika görünüyor ama bağlantı noktası gevşek. 6 gündür kullanıyorum.,0,0_11
hoparlör şimdi satın al bugün fırsat son fırsat süper süper! 1 tane al!,1,1_19
ayakkabı inanılmaz kusursuz muhteşem satıcı bir numara! 8 tane al!,1,1_4
kazak muhteşem efsane süper ürün herkese tavsiye al! 2 yıldız!,1,1_9
ayakkabı kötü paketlenmişti; ürün sağlam kaldı. 6 gün sonra teslim aldım.,0,0_19
mont hakkında olumsuz yazanlara inanmayın kusursuz süper! 1 yıldız!,1,1_14
yastık çok hoşuma gitti; özellikle kullanım kolaylığı iyi. 10 gün denedim.,0,0_10
havlu için iade süreci sorunsuz ilerledi. Ücret 2 günde yattı.,0,0_14
"kamera siparişim yanlış renk geldi, satıcı değişim yaptı. 1 gün bekledim.",0,0_15
kamera şahane şahane kesinlikle almalısınız rakipsiz kalite! 5 tane!,1,1_8
yastık inanılmaz kusursuz muhteşem satıcı bir numara! 9 tane al!,1,1_4
klavye beklediğimden küçük geldi ama işimi görüyor. 2 gündür bende.,0,0_2
monitör efsane fırsat kaçırma en iyi ürün şimdi sipariş ver! 10 tane!,1,1_2
"saat malzemesi iyi, fiyatı biraz yüksek. Teslimat 10 gün sürdü.",0,0_3
saat dünyada bir numara kesin memnuniyet mükemmel! 10 tane sipariş ver!,1,1_17
"lamba fotoğraftakiyle aynı, kutu ezilmişti. 1 gün sonra ulaştı.",0,0_4
klavye beğenmeyen yok herkes alıyor hemen sen de al! 3 yıldız!,1,1_18
süpürge harika harika harika kesinlikle al 10 numara! 9 tane al!,1,1_0
havlu süper süper fiyat şahane düşünmeden al al al! 5 yıldız!,1,1_3
kulaklık kötü paketlenmişti; ürün sağlam kaldı. 7 gün sonra teslim aldım.,0,0_19
"mont ilk gün iyiydi, sonra arıza yaptı. 8 gün sonra servise verdim.",0,0_6
masa on numara beş yıldız yüzde yüz garanti kaçırma! 7 tane al!,1,1_15
kulaklık için rakip yok bütün ürünlerden üstün hemen al! 6 tane sipariş!,1,1_13
ayakkabı berbat berbat berbat asla almayın en kötü ürün! 8 sıfır yıldız!,1,1_10
"hoparlör kullanışlı çıktı, ambalajı özenliydi. 2 gündür sorun yaşamadım.",0,0_9
şarj cihazı için rakip yok bütün ürünlerden üstün hemen al! 2 tane sipariş!,1,1_13
çaydanlık mükemmel kalite mükemmel fiyat mükemmel satıcı! 8 tane satın al!,1,1_6
"çanta siparişim yanlış renk geldi, satıcı değişim yaptı. 9 gün bekledim.",0,0_15
kamera rezalet rezalet para tuzağı sakın satın alma! 2 sıfır puan!,1,1_12
"havlu paketinde çizik vardı, iade talebi açtım. 6 gün bekledim.",0,0_1
suluk için olumsuz yorumları okudum ama bende sorun çıkmadı. 8 gün kullandım.,0,0_18
"kamera için satıcıya soru sordum, açıklayıcı cevap verdi. 6 gün kullandım.",0,0_5
"yastık malzemesi iyi, fiyatı biraz yüksek. Teslimat 9 gün sürdü.",0,0_3
şarj cihazı beğenmeyen yok herkes alıyor hemen sen de al! 10 yıldız!,1,1_18
fare berbat berbat berbat asla almayın en kötü ürün! 4 sıfır yıldız!,1,1_10
"lamba kalitesi orta, indirimde alınabilir. 9 günlük deneyimim bu.",0,0_7
klavye muhteşem efsane süper ürün herkese tavsiye al! 1 yıldız!,1,1_9
suluk harika harika harika kesinlikle al 10 numara! 3 tane al!,1,1_0
süpürge inanılmaz kusursuz muhteşem satıcı bir numara! 6 tane al!,1,1_4
mont dünyada bir numara kesin memnuniyet mükemmel! 7 tane sipariş ver!,1,1_17
suluk dünyada bir numara kesin memnuniyet mükemmel! 5 tane sipariş ver!,1,1_17
hoparlör hakkında olumsuz yazanlara inanmayın kusursuz süper! 7 yıldız!,1,1_14
telefon şahane şahane kesinlikle almalısınız rakipsiz kalite! 8 tane!,1,1_8
"sandalye ilk gün iyiydi, sonra arıza yaptı. 1 gün sonra servise verdim.",0,0_6
şarj cihazı dünyada bir numara kesin memnuniyet mükemmel! 5 tane sipariş ver!,1,1_17
havlu beklediğimden küçük geldi ama işimi görüyor. 8 gündür bende.,0,0_2
"kamera tam istediğim gibi, tekrar alabilirim. 6 gün önce teslim edildi.",0,0_17
"termos tam istediğim gibi, tekrar alabilirim. 1 gün önce teslim edildi.",0,0_17
lamba beğenmeyen yok herkes alıyor hemen sen de al! 3 yıldız!,1,1_18
tablet kötü paketlenmişti; ürün sağlam kaldı. 1 gün sonra teslim aldım.,0,0_19
"kitap gayet güzel, kargolama hızlıydı. 2 gündür kullanıyorum.",0,0_0
"monitör paketinde çizik vardı, iade talebi açtım. 3 gün bekledim.",0,0_1
saat mükemmel kalite mükemmel fiyat mükemmel satıcı! 4 tane satın al!,1,1_6
çanta piyasadaki en iyi en ucuz kaçırılmaz hemen sipariş! 3 yıldız!,1,1_7
kitap için olumsuz yorumları okudum ama bende sorun çıkmadı. 8 gün kullandım.,0,0_18
fare harika harika harika kesinlikle al 10 numara! 8 tane al!,1,1_0
"monitör gayet güzel, kargolama hızlıydı. 2 gündür kullanıyorum.",0,0_0
tencere mükemmel mükemmel herkese tavsiye hemen satın al! 1 yıldız!,1,1_1
tencere hayatınız değişecek inanılmaz sonuç hemen satın al! 7 yıldız!,1,1_16
termos hakkında olumsuz yazanlara inanmayın kusursuz süper! 8 yıldız!,1,1_14
süpürge berbat berbat berbat asla almayın en kötü ürün! 8 sıfır yıldız!,1,1_10
"sandalye tam istediğim gibi, tekrar alabilirim. 1 gün önce teslim edildi.",0,0_17
"süpürge beklentimi karşıladı, tavsiye ederim. Kargo 4 günde geldi.",0,0_12
havlu süper süper fiyat şahane düşünmeden al al al! 9 yıldız!,1,1_3
kamera kötü paketlenmişti; ürün sağlam kaldı. 5 gün sonra teslim aldım.,0,0_19
"şarj cihazı tam istediğim gibi, tekrar alabilirim. 1 gün önce teslim edildi.",0,0_17
"ayakkabı için satıcıya soru sordum, açıklayıcı cevap verdi. 1 gün kullandım.",0,0_5
"hoparlör siparişim yanlış renk geldi, satıcı değişim yaptı. 3 gün bekledim.",0,0_15
sandalye mükemmel kalite mükemmel fiyat mükemmel satıcı! 6 tane satın al!,1,1_6
"kamera beklentimi karşıladı, tavsiye ederim. Kargo 7 günde geldi.",0,0_12
süpürge kötü paketlenmişti; ürün sağlam kaldı. 5 gün sonra teslim aldım.,0,0_19
çanta beğenmeyen yok herkes alıyor hemen sen de al! 3 yıldız!,1,1_18
kamera hayatınız değişecek inanılmaz sonuç hemen satın al! 8 yıldız!,1,1_16
süpürge beklediğimden küçük geldi ama işimi görüyor. 9 gündür bende.,0,0_2
"masa kullanışlı çıktı, ambalajı özenliydi. 9 gündür sorun yaşamadım.",0,0_9
"şarj cihazı kullanışlı çıktı, ambalajı özenliydi. 5 gündür sorun yaşamadım.",0,0_9
"mont malzemesi iyi, fiyatı biraz yüksek. Teslimat 10 gün sürdü.",0,0_3
şarj cihazı şimdi satın al bugün fırsat son fırsat süper süper! 6 tane al!,1,1_19
yastık harika görünüyor ama bağlantı noktası gevşek. 1 gündür kullanıyorum.,0,0_11
sandalye kesinlikle uzak dur herkes başka markayı alsın! 6 kere söylüyorum!,1,1_11
"şarj cihazı paketinde çizik vardı, iade talebi açtım. 3 gün bekledim.",0,0_1
kitap kötü paketlenmişti; ürün sağlam kaldı. 8 gün sonra teslim aldım.,0,0_19
tablet harika harika harika kesinlikle al 10 numara! 1 tane al!,1,1_0
"kitap gayet güzel, kargolama hızlıydı. 9 gündür kullanıyorum.",0,0_0
fare şimdi satın al bugün fırsat son fırsat süper süper! 4 tane al!,1,1_19
"masa malzemesi iyi, fiyatı biraz yüksek. Teslimat 10 gün sürdü.",0,0_3
"havlu beklentimi karşıladı, tavsiye ederim. Kargo 1 günde geldi.",0,0_12
"hoparlör gayet güzel, kargolama hızlıydı. 9 gündür kullanıyorum.",0,0_0
fare inanılmaz kusursuz muhteşem satıcı bir numara! 4 tane al!,1,1_4
kitap için iade süreci sorunsuz ilerledi. Ücret 8 günde yattı.,0,0_14
saat fiyatına göre güzel; kullanım kılavuzu eksik çıktı. 4 gün oldu.,0,0_13
havlu için iade süreci sorunsuz ilerledi. Ücret 6 günde yattı.,0,0_14
mont hayatınız değişecek inanılmaz sonuç hemen satın al! 1 yıldız!,1,1_16
fare fiyatına göre güzel; kullanım kılavuzu eksik çıktı. 10 gün oldu.,0,0_13
lamba piyasadaki en iyi en ucuz kaçırılmaz hemen sipariş! 7 yıldız!,1,1_7
telefon rezalet rezalet para tuzağı sakın satın alma! 6 sıfır puan!,1,1_12
masa için olumsuz yorumları okudum ama bende sorun çıkmadı. 1 gün kullandım.,0,0_18
klavye beklediğimden küçük geldi ama işimi görüyor. 8 gündür bende.,0,0_2
çaydanlık piyasadaki en iyi en ucuz kaçırılmaz hemen sipariş! 1 yıldız!,1,1_7
monitör on numara beş yıldız yüzde yüz garanti kaçırma! 3 tane al!,1,1_15
"süpürge için satıcıya soru sordum, açıklayıcı cevap verdi. 9 gün kullandım.",0,0_5
şarj cihazı için rakip yok bütün ürünlerden üstün hemen al! 7 tane sipariş!,1,1_13
kazak beklediğimden küçük geldi ama işimi görüyor. 1 gündür bende.,0,0_2
masa beklediğimden küçük geldi ama işimi görüyor. 7 gündür bende.,0,0_2
kamera süper süper fiyat şahane düşünmeden al al al! 6 yıldız!,1,1_3
sandalye süper süper fiyat şahane düşünmeden al al al! 6 yıldız!,1,1_3
"telefon siparişim yanlış renk geldi, satıcı değişim yaptı. 2 gün bekledim.",0,0_15
"havlu gayet güzel, kargolama hızlıydı. 5 gündür kullanıyorum.",0,0_0
tablet kötü paketlenmişti; ürün sağlam kaldı. 7 gün sonra teslim aldım.,0,0_19
şarj cihazı beğenmeyen yok herkes alıyor hemen sen de al! 9 yıldız!,1,1_18
saat için iade süreci sorunsuz ilerledi. Ücret 6 günde yattı.,0,0_14
"termos tam istediğim gibi, tekrar alabilirim. 6 gün önce teslim edildi.",0,0_17
mont hakkında olumsuz yazanlara inanmayın kusursuz süper! 6 yıldız!,1,1_14
masa inanılmaz kusursuz muhteşem satıcı bir numara! 3 tane al!,1,1_4
çaydanlık hayatınız değişecek inanılmaz sonuç hemen satın al! 2 yıldız!,1,1_16
sandalye beğenmeyen yok herkes alıyor hemen sen de al! 8 yıldız!,1,1_18
"sandalye ilk gün iyiydi, sonra arıza yaptı. 7 gün sonra servise verdim.",0,0_6
telefon hayatınız değişecek inanılmaz sonuç hemen satın al! 2 yıldız!,1,1_16
lamba efsane fırsat kaçırma en iyi ürün şimdi sipariş ver! 6 tane!,1,1_2
"mont tam istediğim gibi, tekrar alabilirim. 9 gün önce teslim edildi.",0,0_17
"termos tam istediğim gibi, tekrar alabilirim. 8 gün önce teslim edildi.",0,0_17
"şarj cihazı için satıcıya soru sordum, açıklayıcı cevap verdi. 2 gün kullandım.",0,0_5
"ayakkabı malzemesi iyi, fiyatı biraz yüksek. Teslimat 7 gün sürdü.",0,0_3
sandalye rezalet rezalet para tuzağı sakın satın alma! 4 sıfır puan!,1,1_12
telefon harika harika harika kesinlikle al 10 numara! 4 tane al!,1,1_0
şarj cihazı çok hoşuma gitti; özellikle kullanım kolaylığı iyi. 5 gün denedim.,0,0_10
"klavye ilk gün iyiydi, sonra arıza yaptı. 8 gün sonra servise verdim.",0,0_6
"tencere kullanışlı çıktı, ambalajı özenliydi. 9 gündür sorun yaşamadım.",0,0_9
süpürge şimdi satın al bugün fırsat son fırsat süper süper! 3 tane al!,1,1_19
"kamera siparişim yanlış renk geldi, satıcı değişim yaptı. 8 gün bekledim.",0,0_15
süpürge kötü paketlenmişti; ürün sağlam kaldı. 10 gün sonra teslim aldım.,0,0_19
"çaydanlık uzun kullanımda rahat değil, kısa süre için uygun. 8 gündür bende.",0,0_16
"masa uzun kullanımda rahat değil, kısa süre için uygun. 4 gündür bende.",0,0_16
"klavye beklentimi karşıladı, tavsiye ederim. Kargo 2 günde geldi.",0,0_12
"kamera uzun kullanımda rahat değil, kısa süre için uygun. 5 gündür bende.",0,0_16
"süpürge gayet güzel, kargolama hızlıydı. 3 gündür kullanıyorum.",0,0_0
"saat kullanışlı çıktı, ambalajı özenliydi. 7 gündür sorun yaşamadım.",0,0_9
klavye dünyada bir numara kesin memnuniyet mükemmel! 10 tane sipariş ver!,1,1_17
"kazak rengi beklediğim gibi değil, değişim istedim. 2 gün oldu.",0,0_8
hoparlör süper süper fiyat şahane düşünmeden al al al! 6 yıldız!,1,1_3
"tencere malzemesi iyi, fiyatı biraz yüksek. Teslimat 9 gün sürdü.",0,0_3
ayakkabı süper süper fiyat şahane düşünmeden al al al! 8 yıldız!,1,1_3
şarj cihazı çok hoşuma gitti; özellikle kullanım kolaylığı iyi. 10 gün denedim.,0,0_10
suluk harika fırsat herkese öneriyorum hemen al pişman olmazsın! 9 yıldız!,1,1_5
"tablet kalitesi orta, indirimde alınabilir. 8 günlük deneyimim bu.",0,0_7
ayakkabı efsane fırsat kaçırma en iyi ürün şimdi sipariş ver! 1 tane!,1,1_2
termos için iade süreci sorunsuz ilerledi. Ücret 1 günde yattı.,0,0_14
fare harika görünüyor ama bağlantı noktası gevşek. 5 gündür kullanıyorum.,0,0_11
fare için rakip yok bütün ürünlerden üstün hemen al! 1 tane sipariş!,1,1_13
kamera hayatınız değişecek inanılmaz sonuç hemen satın al! 5 yıldız!,1,1_16
monitör için olumsuz yorumları okudum ama bende sorun çıkmadı. 9 gün kullandım.,0,0_18
kitap rezalet rezalet para tuzağı sakın satın alma! 4 sıfır puan!,1,1_12
kamera harika fırsat herkese öneriyorum hemen al pişman olmazsın! 7 yıldız!,1,1_5
havlu için rakip yok bütün ürünlerden üstün hemen al! 4 tane sipariş!,1,1_13
"termos kullanışlı çıktı, ambalajı özenliydi. 5 gündür sorun yaşamadım.",0,0_9
saat süper süper fiyat şahane düşünmeden al al al! 9 yıldız!,1,1_3
yastık şahane şahane kesinlikle almalısınız rakipsiz kalite! 6 tane!,1,1_8
tencere hayatınız değişecek inanılmaz sonuç hemen satın al! 2 yıldız!,1,1_16
süpürge on numara beş yıldız yüzde yüz garanti kaçırma! 8 tane al!,1,1_15
fare dünyada bir numara kesin memnuniyet mükemmel! 9 tane sipariş ver!,1,1_17
mont harika görünüyor ama bağlantı noktası gevşek. 3 gündür kullanıyorum.,0,0_11
monitör inanılmaz kusursuz muhteşem satıcı bir numara! 3 tane al!,1,1_4
yastık harika harika harika kesinlikle al 10 numara! 7 tane al!,1,1_0
"suluk tam istediğim gibi, tekrar alabilirim. 10 gün önce teslim edildi.",0,0_17
havlu şahane şahane kesinlikle almalısınız rakipsiz kalite! 9 tane!,1,1_8
kitap dünyada bir numara kesin memnuniyet mükemmel! 7 tane sipariş ver!,1,1_17
hoparlör hayatınız değişecek inanılmaz sonuç hemen satın al! 5 yıldız!,1,1_16
"hoparlör uzun kullanımda rahat değil, kısa süre için uygun. 9 gündür bende.",0,0_16
lamba beklediğimden küçük geldi ama işimi görüyor. 9 gündür bende.,0,0_2
kitap için rakip yok bütün ürünlerden üstün hemen al! 6 tane sipariş!,1,1_13
masa muhteşem efsane süper ürün herkese tavsiye al! 5 yıldız!,1,1_9
klavye on numara beş yıldız yüzde yüz garanti kaçırma! 9 tane al!,1,1_15
tencere berbat berbat berbat asla almayın en kötü ürün! 7 sıfır yıldız!,1,1_10
kazak çok hoşuma gitti; özellikle kullanım kolaylığı iyi. 4 gün denedim.,0,0_10
kulaklık şahane şahane kesinlikle almalısınız rakipsiz kalite! 5 tane!,1,1_8
yastık harika görünüyor ama bağlantı noktası gevşek. 4 gündür kullanıyorum.,0,0_11
şarj cihazı inanılmaz kusursuz muhteşem satıcı bir numara! 1 tane al!,1,1_4
kulaklık süper süper fiyat şahane düşünmeden al al al! 6 yıldız!,1,1_3
fare muhteşem efsane süper ürün herkese tavsiye al! 2 yıldız!,1,1_9
"masa kullanışlı çıktı, ambalajı özenliydi. 8 gündür sorun yaşamadım.",0,0_9
"çaydanlık paketinde çizik vardı, iade talebi açtım. 7 gün bekledim.",0,0_1
termos mükemmel kalite mükemmel fiyat mükemmel satıcı! 2 tane satın al!,1,1_6
havlu süper süper fiyat şahane düşünmeden al al al! 10 yıldız!,1,1_3
lamba için rakip yok bütün ürünlerden üstün hemen al! 10 tane sipariş!,1,1_13
"klavye paketinde çizik vardı, iade talebi açtım. 8 gün bekledim.",0,0_1
"telefon için satıcıya soru sordum, açıklayıcı cevap verdi. 9 gün kullandım.",0,0_5
"klavye siparişim yanlış renk geldi, satıcı değişim yaptı. 1 gün bekledim.",0,0_15
süpürge çok hoşuma gitti; özellikle kullanım kolaylığı iyi. 8 gün denedim.,0,0_10
kitap şimdi satın al bugün fırsat son fırsat süper süper! 2 tane al!,1,1_19
lamba harika fırsat herkese öneriyorum hemen al pişman olmazsın! 1 yıldız!,1,1_5
çanta inanılmaz kusursuz muhteşem satıcı bir numara! 2 tane al!,1,1_4
lamba harika harika harika kesinlikle al 10 numara! 7 tane al!,1,1_0
"saat fotoğraftakiyle aynı, kutu ezilmişti. 6 gün sonra ulaştı.",0,0_4
"çaydanlık rengi beklediğim gibi değil, değişim istedim. 5 gün oldu.",0,0_8
lamba için olumsuz yorumları okudum ama bende sorun çıkmadı. 10 gün kullandım.,0,0_18
tablet şimdi satın al bugün fırsat son fırsat süper süper! 5 tane al!,1,1_19
kitap şimdi satın al bugün fırsat son fırsat süper süper! 3 tane al!,1,1_19
"fare paketinde çizik vardı, iade talebi açtım. 3 gün bekledim.",0,0_1
kitap hayatınız değişecek inanılmaz sonuç hemen satın al! 8 yıldız!,1,1_16
tencere hayatınız değişecek inanılmaz sonuç hemen satın al! 3 yıldız!,1,1_16
"süpürge uzun kullanımda rahat değil, kısa süre için uygun. 10 gündür bende.",0,0_16
çanta dünyada bir numara kesin memnuniyet mükemmel! 10 tane sipariş ver!,1,1_17
saat piyasadaki en iyi en ucuz kaçırılmaz hemen sipariş! 4 yıldız!,1,1_7
mont beklediğimden küçük geldi ama işimi görüyor. 1 gündür bende.,0,0_2
masa süper süper fiyat şahane düşünmeden al al al! 10 yıldız!,1,1_3
monitör şahane şahane kesinlikle almalısınız rakipsiz kalite! 7 tane!,1,1_8
monitör harika harika harika kesinlikle al 10 numara! 8 tane al!,1,1_0
"fare ilk gün iyiydi, sonra arıza yaptı. 6 gün sonra servise verdim.",0,0_6
"kazak ilk gün iyiydi, sonra arıza yaptı. 10 gün sonra servise verdim.",0,0_6
suluk inanılmaz kusursuz muhteşem satıcı bir numara! 1 tane al!,1,1_4
kamera inanılmaz kusursuz muhteşem satıcı bir numara! 4 tane al!,1,1_4
ayakkabı dünyada bir numara kesin memnuniyet mükemmel! 9 tane sipariş ver!,1,1_17
süpürge on numara beş yıldız yüzde yüz garanti kaçırma! 10 tane al!,1,1_15
şarj cihazı süper süper fiyat şahane düşünmeden al al al! 1 yıldız!,1,1_3
termos efsane fırsat kaçırma en iyi ürün şimdi sipariş ver! 8 tane!,1,1_2
"çaydanlık ilk gün iyiydi, sonra arıza yaptı. 4 gün sonra servise verdim.",0,0_6
"lamba rengi beklediğim gibi değil, değişim istedim. 9 gün oldu.",0,0_8
sandalye şimdi satın al bugün fırsat son fırsat süper süper! 3 tane al!,1,1_19
"havlu paketinde çizik vardı, iade talebi açtım. 1 gün bekledim.",0,0_1
çanta için olumsuz yorumları okudum ama bende sorun çıkmadı. 4 gün kullandım.,0,0_18
ayakkabı mükemmel mükemmel herkese tavsiye hemen satın al! 10 yıldız!,1,1_1
havlu muhteşem efsane süper ürün herkese tavsiye al! 9 yıldız!,1,1_9
kitap süper süper fiyat şahane düşünmeden al al al! 1 yıldız!,1,1_3
"şarj cihazı beklentimi karşıladı, tavsiye ederim. Kargo 6 günde geldi.",0,0_12
sandalye dünyada bir numara kesin memnuniyet mükemmel! 10 tane sipariş ver!,1,1_17
termos kesinlikle uzak dur herkes başka markayı alsın! 3 kere söylüyorum!,1,1_11
"yastık uzun kullanımda rahat değil, kısa süre için uygun. 6 gündür bende.",0,0_16
tencere efsane fırsat kaçırma en iyi ürün şimdi sipariş ver! 4 tane!,1,1_2
klavye piyasadaki en iyi en ucuz kaçırılmaz hemen sipariş! 9 yıldız!,1,1_7
monitör için olumsuz yorumları okudum ama bende sorun çıkmadı. 8 gün kullandım.,0,0_18
hoparlör mükemmel mükemmel herkese tavsiye hemen satın al! 3 yıldız!,1,1_1
mont rezalet rezalet para tuzağı sakın satın alma! 4 sıfır puan!,1,1_12
kulaklık mükemmel kalite mükemmel fiyat mükemmel satıcı! 1 tane satın al!,1,1_6
çaydanlık harika harika harika kesinlikle al 10 numara! 2 tane al!,1,1_0
kazak beğenmeyen yok herkes alıyor hemen sen de al! 5 yıldız!,1,1_18
yastık mükemmel kalite mükemmel fiyat mükemmel satıcı! 4 tane satın al!,1,1_6
mont berbat berbat berbat asla almayın en kötü ürün! 5 sıfır yıldız!,1,1_10
"tencere ilk gün iyiydi, sonra arıza yaptı. 2 gün sonra servise verdim.",0,0_6
süpürge hakkında olumsuz yazanlara inanmayın kusursuz süper! 6 yıldız!,1,1_14
sandalye berbat berbat berbat asla almayın en kötü ürün! 8 sıfır yıldız!,1,1_10
klavye hayatınız değişecek inanılmaz sonuç hemen satın al! 9 yıldız!,1,1_16
"lamba rengi beklediğim gibi değil, değişim istedim. 3 gün oldu.",0,0_8
masa hakkında olumsuz yazanlara inanmayın kusursuz süper! 9 yıldız!,1,1_14
kazak süper süper fiyat şahane düşünmeden al al al! 7 yıldız!,1,1_3
kamera berbat berbat berbat asla almayın en kötü ürün! 10 sıfır yıldız!,1,1_10
"hoparlör ilk gün iyiydi, sonra arıza yaptı. 8 gün sonra servise verdim.",0,0_6
"masa paketinde çizik vardı, iade talebi açtım. 4 gün bekledim.",0,0_1
kamera şimdi satın al bugün fırsat son fırsat süper süper! 2 tane al!,1,1_19
"havlu fotoğraftakiyle aynı, kutu ezilmişti. 1 gün sonra ulaştı.",0,0_4
"şarj cihazı beklentimi karşıladı, tavsiye ederim. Kargo 1 günde geldi.",0,0_12
monitör dünyada bir numara kesin memnuniyet mükemmel! 1 tane sipariş ver!,1,1_17
kazak şahane şahane kesinlikle almalısınız rakipsiz kalite! 10 tane!,1,1_8
"ayakkabı tam istediğim gibi, tekrar alabilirim. 3 gün önce teslim edildi.",0,0_17
saat mükemmel mükemmel herkese tavsiye hemen satın al! 3 yıldız!,1,1_1
tencere hakkında olumsuz yazanlara inanmayın kusursuz süper! 3 yıldız!,1,1_14
"monitör kullanışlı çıktı, ambalajı özenliydi. 3 gündür sorun yaşamadım.",0,0_9
"şarj cihazı tam istediğim gibi, tekrar alabilirim. 4 gün önce teslim edildi.",0,0_17
çaydanlık fiyatına göre güzel; kullanım kılavuzu eksik çıktı. 10 gün oldu.,0,0_13
tencere için olumsuz yorumları okudum ama bende sorun çıkmadı. 5 gün kullandım.,0,0_18
çanta kötü paketlenmişti; ürün sağlam kaldı. 5 gün sonra teslim aldım.,0,0_19
telefon rezalet rezalet para tuzağı sakın satın alma! 2 sıfır puan!,1,1_12
tencere harika harika harika kesinlikle al 10 numara! 6 tane al!,1,1_0
klavye muhteşem efsane süper ürün herkese tavsiye al! 7 yıldız!,1,1_9
"havlu malzemesi iyi, fiyatı biraz yüksek. Teslimat 6 gün sürdü.",0,0_3
suluk çok hoşuma gitti; özellikle kullanım kolaylığı iyi. 1 gün denedim.,0,0_10
"havlu tam istediğim gibi, tekrar alabilirim. 5 gün önce teslim edildi.",0,0_17
tencere berbat berbat berbat asla almayın en kötü ürün! 1 sıfır yıldız!,1,1_10
"süpürge için satıcıya soru sordum, açıklayıcı cevap verdi. 7 gün kullandım.",0,0_5
"fare fotoğraftakiyle aynı, kutu ezilmişti. 7 gün sonra ulaştı.",0,0_4
ayakkabı için rakip yok bütün ürünlerden üstün hemen al! 6 tane sipariş!,1,1_13
saat için rakip yok bütün ürünlerden üstün hemen al! 2 tane sipariş!,1,1_13
suluk süper süper fiyat şahane düşünmeden al al al! 5 yıldız!,1,1_3
telefon şahane şahane kesinlikle almalısınız rakipsiz kalite! 7 tane!,1,1_8
"ayakkabı kalitesi orta, indirimde alınabilir. 1 günlük deneyimim bu.",0,0_7
ayakkabı için olumsuz yorumları okudum ama bende sorun çıkmadı. 5 gün kullandım.,0,0_18
klavye çok hoşuma gitti; özellikle kullanım kolaylığı iyi. 2 gün denedim.,0,0_10
"kamera tam istediğim gibi, tekrar alabilirim. 8 gün önce teslim edildi.",0,0_17
mont hakkında olumsuz yazanlara inanmayın kusursuz süper! 9 yıldız!,1,1_14
"havlu uzun kullanımda rahat değil, kısa süre için uygun. 7 gündür bende.",0,0_16
fare rezalet rezalet para tuzağı sakın satın alma! 3 sıfır puan!,1,1_12
hoparlör fiyatına göre güzel; kullanım kılavuzu eksik çıktı. 2 gün oldu.,0,0_13
yastık hakkında olumsuz yazanlara inanmayın kusursuz süper! 3 yıldız!,1,1_14
"monitör fotoğraftakiyle aynı, kutu ezilmişti. 3 gün sonra ulaştı.",0,0_4
süpürge için iade süreci sorunsuz ilerledi. Ücret 10 günde yattı.,0,0_14
"termos kullanışlı çıktı, ambalajı özenliydi. 10 gündür sorun yaşamadım.",0,0_9
lamba harika görünüyor ama bağlantı noktası gevşek. 9 gündür kullanıyorum.,0,0_11
kulaklık fiyatına göre güzel; kullanım kılavuzu eksik çıktı. 10 gün oldu.,0,0_13
"tablet rengi beklediğim gibi değil, değişim istedim. 2 gün oldu.",0,0_8
hoparlör inanılmaz kusursuz muhteşem satıcı bir numara! 4 tane al!,1,1_4
hoparlör mükemmel kalite mükemmel fiyat mükemmel satıcı! 4 tane satın al!,1,1_6
fare için rakip yok bütün ürünlerden üstün hemen al! 7 tane sipariş!,1,1_13
"termos beklentimi karşıladı, tavsiye ederim. Kargo 2 günde geldi.",0,0_12
"şarj cihazı uzun kullanımda rahat değil, kısa süre için uygun. 10 gündür bende.",0,0_16
süpürge mükemmel kalite mükemmel fiyat mükemmel satıcı! 10 tane satın al!,1,1_6
masa kötü paketlenmişti; ürün sağlam kaldı. 6 gün sonra teslim aldım.,0,0_19
çaydanlık kötü paketlenmişti; ürün sağlam kaldı. 10 gün sonra teslim aldım.,0,0_19
"tencere beklentimi karşıladı, tavsiye ederim. Kargo 4 günde geldi.",0,0_12
"monitör malzemesi iyi, fiyatı biraz yüksek. Teslimat 9 gün sürdü.",0,0_3
"lamba fotoğraftakiyle aynı, kutu ezilmişti. 2 gün sonra ulaştı.",0,0_4
"tencere için satıcıya soru sordum, açıklayıcı cevap verdi. 3 gün kullandım.",0,0_5
kamera için olumsuz yorumları okudum ama bende sorun çıkmadı. 10 gün kullandım.,0,0_18
"süpürge için satıcıya soru sordum, açıklayıcı cevap verdi. 2 gün kullandım.",0,0_5
tencere harika harika harika kesinlikle al 10 numara! 7 tane al!,1,1_0
şarj cihazı piyasadaki en iyi en ucuz kaçırılmaz hemen sipariş! 8 yıldız!,1,1_7
kitap kötü paketlenmişti; ürün sağlam kaldı. 4 gün sonra teslim aldım.,0,0_19
tencere harika fırsat herkese öneriyorum hemen al pişman olmazsın! 4 yıldız!,1,1_5
kazak muhteşem efsane süper ürün herkese tavsiye al! 8 yıldız!,1,1_9
lamba muhteşem efsane süper ürün herkese tavsiye al! 9 yıldız!,1,1_9
"monitör tam istediğim gibi, tekrar alabilirim. 5 gün önce teslim edildi.",0,0_17
tablet beğenmeyen yok herkes alıyor hemen sen de al! 1 yıldız!,1,1_18
saat inanılmaz kusursuz muhteşem satıcı bir numara! 2 tane al!,1,1_4
"kazak fotoğraftakiyle aynı, kutu ezilmişti. 3 gün sonra ulaştı.",0,0_4
ayakkabı kesinlikle uzak dur herkes başka markayı alsın! 9 kere söylüyorum!,1,1_11
klavye kötü paketlenmişti; ürün sağlam kaldı. 8 gün sonra teslim aldım.,0,0_19
masa mükemmel kalite mükemmel fiyat mükemmel satıcı! 4 tane satın al!,1,1_6
suluk hayatınız değişecek inanılmaz sonuç hemen satın al! 2 yıldız!,1,1_16
"kulaklık fotoğraftakiyle aynı, kutu ezilmişti. 10 gün sonra ulaştı.",0,0_4
klavye kötü paketlenmişti; ürün sağlam kaldı. 4 gün sonra teslim aldım.,0,0_19
"hoparlör paketinde çizik vardı, iade talebi açtım. 1 gün bekledim.",0,0_1
şarj cihazı piyasadaki en iyi en ucuz kaçırılmaz hemen sipariş! 2 yıldız!,1,1_7
"hoparlör malzemesi iyi, fiyatı biraz yüksek. Teslimat 3 gün sürdü.",0,0_3
kazak süper süper fiyat şahane düşünmeden al al al! 3 yıldız!,1,1_3
çaydanlık mükemmel mükemmel herkese tavsiye hemen satın al! 7 yıldız!,1,1_1
tablet için iade süreci sorunsuz ilerledi. Ücret 5 günde yattı.,0,0_14
"telefon kalitesi orta, indirimde alınabilir. 7 günlük deneyimim bu.",0,0_7
klavye süper süper fiyat şahane düşünmeden al al al! 5 yıldız!,1,1_3
mont on numara beş yıldız yüzde yüz garanti kaçırma! 7 tane al!,1,1_15
"ayakkabı ilk gün iyiydi, sonra arıza yaptı. 7 gün sonra servise verdim.",0,0_6
kulaklık şimdi satın al bugün fırsat son fırsat süper süper! 6 tane al!,1,1_19
telefon kesinlikle uzak dur herkes başka markayı alsın! 5 kere söylüyorum!,1,1_11
"fare rengi beklediğim gibi değil, değişim istedim. 4 gün oldu.",0,0_8
ayakkabı şahane şahane kesinlikle almalısınız rakipsiz kalite! 10 tane!,1,1_8
lamba hakkında olumsuz yazanlara inanmayın kusursuz süper! 8 yıldız!,1,1_14
"termos fotoğraftakiyle aynı, kutu ezilmişti. 1 gün sonra ulaştı.",0,0_4
süpürge beğenmeyen yok herkes alıyor hemen sen de al! 7 yıldız!,1,1_18
kamera harika fırsat herkese öneriyorum hemen al pişman olmazsın! 2 yıldız!,1,1_5
kulaklık piyasadaki en iyi en ucuz kaçırılmaz hemen sipariş! 9 yıldız!,1,1_7
termos kesinlikle uzak dur herkes başka markayı alsın! 9 kere söylüyorum!,1,1_11
"saat beklentimi karşıladı, tavsiye ederim. Kargo 3 günde geldi.",0,0_12
"çanta tam istediğim gibi, tekrar alabilirim. 7 gün önce teslim edildi.",0,0_17
çaydanlık berbat berbat berbat asla almayın en kötü ürün! 6 sıfır yıldız!,1,1_10
"suluk kullanışlı çıktı, ambalajı özenliydi. 2 gündür sorun yaşamadım.",0,0_9
termos harika görünüyor ama bağlantı noktası gevşek. 10 gündür kullanıyorum.,0,0_11
kitap harika görünüyor ama bağlantı noktası gevşek. 7 gündür kullanıyorum.,0,0_11
"telefon gayet güzel, kargolama hızlıydı. 8 gündür kullanıyorum.",0,0_0
tencere için rakip yok bütün ürünlerden üstün hemen al! 5 tane sipariş!,1,1_13
"kitap malzemesi iyi, fiyatı biraz yüksek. Teslimat 9 gün sürdü.",0,0_3
"yastık malzemesi iyi, fiyatı biraz yüksek. Teslimat 5 gün sürdü.",0,0_3
süpürge için iade süreci sorunsuz ilerledi. Ücret 8 günde yattı.,0,0_14
tencere harika harika harika kesinlikle al 10 numara! 2 tane al!,1,1_0
yastık efsane fırsat kaçırma en iyi ürün şimdi sipariş ver! 8 tane!,1,1_2
çanta için rakip yok bütün ürünlerden üstün hemen al! 9 tane sipariş!,1,1_13
kulaklık muhteşem efsane süper ürün herkese tavsiye al! 9 yıldız!,1,1_9
fare için olumsuz yorumları okudum ama bende sorun çıkmadı. 9 gün kullandım.,0,0_18
masa çok hoşuma gitti; özellikle kullanım kolaylığı iyi. 10 gün denedim.,0,0_10
kitap kesinlikle uzak dur herkes başka markayı alsın! 8 kere söylüyorum!,1,1_11
"klavye kalitesi orta, indirimde alınabilir. 7 günlük deneyimim bu.",0,0_7
termos dünyada bir numara kesin memnuniyet mükemmel! 6 tane sipariş ver!,1,1_17
sandalye harika görünüyor ama bağlantı noktası gevşek. 7 gündür kullanıyorum.,0,0_11
kitap harika görünüyor ama bağlantı noktası gevşek. 3 gündür kullanıyorum.,0,0_11
kamera için iade süreci sorunsuz ilerledi. Ücret 8 günde yattı.,0,0_14
tablet hakkında olumsuz yazanlara inanmayın kusursuz süper! 1 yıldız!,1,1_14
kazak için olumsuz yorumları okudum ama bende sorun çıkmadı. 7 gün kullandım.,0,0_18
"çaydanlık uzun kullanımda rahat değil, kısa süre için uygun. 5 gündür bende.",0,0_16
ayakkabı şahane şahane kesinlikle almalısınız rakipsiz kalite! 8 tane!,1,1_8
klavye harika harika harika kesinlikle al 10 numara! 2 tane al!,1,1_0
masa rezalet rezalet para tuzağı sakın satın alma! 4 sıfır puan!,1,1_12
suluk berbat berbat berbat asla almayın en kötü ürün! 8 sıfır yıldız!,1,1_10
"kulaklık gayet güzel, kargolama hızlıydı. 2 gündür kullanıyorum.",0,0_0
ayakkabı hakkında olumsuz yazanlara inanmayın kusursuz süper! 2 yıldız!,1,1_14
kamera hakkında olumsuz yazanlara inanmayın kusursuz süper! 2 yıldız!,1,1_14
"kitap paketinde çizik vardı, iade talebi açtım. 4 gün bekledim.",0,0_1
şarj cihazı fiyatına göre güzel; kullanım kılavuzu eksik çıktı. 8 gün oldu.,0,0_13
hoparlör mükemmel mükemmel herkese tavsiye hemen satın al! 6 yıldız!,1,1_1
"monitör malzemesi iyi, fiyatı biraz yüksek. Teslimat 1 gün sürdü.",0,0_3
"suluk gayet güzel, kargolama hızlıydı. 6 gündür kullanıyorum.",0,0_0
telefon muhteşem efsane süper ürün herkese tavsiye al! 9 yıldız!,1,1_9
"sandalye malzemesi iyi, fiyatı biraz yüksek. Teslimat 3 gün sürdü.",0,0_3
süpürge rezalet rezalet para tuzağı sakın satın alma! 6 sıfır puan!,1,1_12
çaydanlık için iade süreci sorunsuz ilerledi. Ücret 3 günde yattı.,0,0_14
"fare uzun kullanımda rahat değil, kısa süre için uygun. 4 gündür bende.",0,0_16
yastık mükemmel mükemmel herkese tavsiye hemen satın al! 5 yıldız!,1,1_1
tencere için iade süreci sorunsuz ilerledi. Ücret 1 günde yattı.,0,0_14
havlu için olumsuz yorumları okudum ama bende sorun çıkmadı. 5 gün kullandım.,0,0_18
hoparlör için iade süreci sorunsuz ilerledi. Ücret 9 günde yattı.,0,0_14
termos piyasadaki en iyi en ucuz kaçırılmaz hemen sipariş! 1 yıldız!,1,1_7
yastık on numara beş yıldız yüzde yüz garanti kaçırma! 8 tane al!,1,1_15
"tencere kalitesi orta, indirimde alınabilir. 6 günlük deneyimim bu.",0,0_7
mont rezalet rezalet para tuzağı sakın satın alma! 10 sıfır puan!,1,1_12
"kazak beklentimi karşıladı, tavsiye ederim. Kargo 2 günde geldi.",0,0_12
kulaklık için olumsuz yorumları okudum ama bende sorun çıkmadı. 10 gün kullandım.,0,0_18
tencere şimdi satın al bugün fırsat son fırsat süper süper! 5 tane al!,1,1_19
"termos uzun kullanımda rahat değil, kısa süre için uygun. 3 gündür bende.",0,0_16
"çaydanlık paketinde çizik vardı, iade talebi açtım. 3 gün bekledim.",0,0_1
"çanta kullanışlı çıktı, ambalajı özenliydi. 9 gündür sorun yaşamadım.",0,0_9
masa çok hoşuma gitti; özellikle kullanım kolaylığı iyi. 1 gün denedim.,0,0_10
"sandalye kalitesi orta, indirimde alınabilir. 4 günlük deneyimim bu.",0,0_7
suluk şimdi satın al bugün fırsat son fırsat süper süper! 7 tane al!,1,1_19
saat beğenmeyen yok herkes alıyor hemen sen de al! 7 yıldız!,1,1_18
ayakkabı mükemmel kalite mükemmel fiyat mükemmel satıcı! 2 tane satın al!,1,1_6
"kazak için satıcıya soru sordum, açıklayıcı cevap verdi. 5 gün kullandım.",0,0_5
kitap şahane şahane kesinlikle almalısınız rakipsiz kalite! 5 tane!,1,1_8
"monitör siparişim yanlış renk geldi, satıcı değişim yaptı. 5 gün bekledim.",0,0_15
"suluk uzun kullanımda rahat değil, kısa süre için uygun. 2 gündür bende.",0,0_16
"ayakkabı için satıcıya soru sordum, açıklayıcı cevap verdi. 6 gün kullandım.",0,0_5
"monitör gayet güzel, kargolama hızlıydı. 6 gündür kullanıyorum.",0,0_0
yastık harika fırsat herkese öneriyorum hemen al pişman olmazsın! 2 yıldız!,1,1_5
çanta harika harika harika kesinlikle al 10 numara! 1 tane al!,1,1_0
kamera için rakip yok bütün ürünlerden üstün hemen al! 2 tane sipariş!,1,1_13
şarj cihazı kesinlikle uzak dur herkes başka markayı alsın! 10 kere söylüyorum!,1,1_11
"termos beklentimi karşıladı, tavsiye ederim. Kargo 3 günde geldi.",0,0_12
fare harika görünüyor ama bağlantı noktası gevşek. 3 gündür kullanıyorum.,0,0_11
"havlu siparişim yanlış renk geldi, satıcı değişim yaptı. 8 gün bekledim.",0,0_15
"ayakkabı rengi beklediğim gibi değil, değişim istedim. 7 gün oldu.",0,0_8
telefon dünyada bir numara kesin memnuniyet mükemmel! 3 tane sipariş ver!,1,1_17
suluk mükemmel kalite mükemmel fiyat mükemmel satıcı! 1 tane satın al!,1,1_6
yastık süper süper fiyat şahane düşünmeden al al al! 9 yıldız!,1,1_3
klavye mükemmel mükemmel herkese tavsiye hemen satın al! 7 yıldız!,1,1_1
"kulaklık tam istediğim gibi, tekrar alabilirim. 3 gün önce teslim edildi.",0,0_17
çanta harika görünüyor ama bağlantı noktası gevşek. 2 gündür kullanıyorum.,0,0_11
"fare kalitesi orta, indirimde alınabilir. 5 günlük deneyimim bu.",0,0_7
tablet şahane şahane kesinlikle almalısınız rakipsiz kalite! 7 tane!,1,1_8
saat harika fırsat herkese öneriyorum hemen al pişman olmazsın! 4 yıldız!,1,1_5
"kitap tam istediğim gibi, tekrar alabilirim. 10 gün önce teslim edildi.",0,0_17
masa efsane fırsat kaçırma en iyi ürün şimdi sipariş ver! 4 tane!,1,1_2
klavye çok hoşuma gitti; özellikle kullanım kolaylığı iyi. 5 gün denedim.,0,0_10
suluk beğenmeyen yok herkes alıyor hemen sen de al! 1 yıldız!,1,1_18
fare mükemmel kalite mükemmel fiyat mükemmel satıcı! 8 tane satın al!,1,1_6
kulaklık harika fırsat herkese öneriyorum hemen al pişman olmazsın! 9 yıldız!,1,1_5
mont için iade süreci sorunsuz ilerledi. Ücret 1 günde yattı.,0,0_14
ayakkabı muhteşem efsane süper ürün herkese tavsiye al! 1 yıldız!,1,1_9
"tencere malzemesi iyi, fiyatı biraz yüksek. Teslimat 6 gün sürdü.",0,0_3
süpürge muhteşem efsane süper ürün herkese tavsiye al! 4 yıldız!,1,1_9
"süpürge siparişim yanlış renk geldi, satıcı değişim yaptı. 8 gün bekledim.",0,0_15
mont inanılmaz kusursuz muhteşem satıcı bir numara! 1 tane al!,1,1_4
"kamera gayet güzel, kargolama hızlıydı. 7 gündür kullanıyorum.",0,0_0
çanta muhteşem efsane süper ürün herkese tavsiye al! 7 yıldız!,1,1_9
yastık harika görünüyor ama bağlantı noktası gevşek. 8 gündür kullanıyorum.,0,0_11
çaydanlık kesinlikle uzak dur herkes başka markayı alsın! 4 kere söylüyorum!,1,1_11
kitap piyasadaki en iyi en ucuz kaçırılmaz hemen sipariş! 10 yıldız!,1,1_7
"kamera için satıcıya soru sordum, açıklayıcı cevap verdi. 5 gün kullandım.",0,0_5
hoparlör süper süper fiyat şahane düşünmeden al al al! 5 yıldız!,1,1_3
çaydanlık için olumsuz yorumları okudum ama bende sorun çıkmadı. 1 gün kullandım.,0,0_18
çanta harika fırsat herkese öneriyorum hemen al pişman olmazsın! 10 yıldız!,1,1_5
fare kötü paketlenmişti; ürün sağlam kaldı. 10 gün sonra teslim aldım.,0,0_19
termos fiyatına göre güzel; kullanım kılavuzu eksik çıktı. 9 gün oldu.,0,0_13
"monitör malzemesi iyi, fiyatı biraz yüksek. Teslimat 10 gün sürdü.",0,0_3
çaydanlık rezalet rezalet para tuzağı sakın satın alma! 2 sıfır puan!,1,1_12
"kamera paketinde çizik vardı, iade talebi açtım. 1 gün bekledim.",0,0_1
kazak şahane şahane kesinlikle almalısınız rakipsiz kalite! 1 tane!,1,1_8
"tencere malzemesi iyi, fiyatı biraz yüksek. Teslimat 7 gün sürdü.",0,0_3
kazak beğenmeyen yok herkes alıyor hemen sen de al! 7 yıldız!,1,1_18
süpürge fiyatına göre güzel; kullanım kılavuzu eksik çıktı. 5 gün oldu.,0,0_13
süpürge berbat berbat berbat asla almayın en kötü ürün! 2 sıfır yıldız!,1,1_10
"termos beklentimi karşıladı, tavsiye ederim. Kargo 10 günde geldi.",0,0_12
"sandalye rengi beklediğim gibi değil, değişim istedim. 7 gün oldu.",0,0_8
saat hakkında olumsuz yazanlara inanmayın kusursuz süper! 10 yıldız!,1,1_14
çanta fiyatına göre güzel; kullanım kılavuzu eksik çıktı. 9 gün oldu.,0,0_13
süpürge piyasadaki en iyi en ucuz kaçırılmaz hemen sipariş! 3 yıldız!,1,1_7
tablet piyasadaki en iyi en ucuz kaçırılmaz hemen sipariş! 6 yıldız!,1,1_7
"tablet için satıcıya soru sordum, açıklayıcı cevap verdi. 9 gün kullandım.",0,0_5
monitör şimdi satın al bugün fırsat son fırsat süper süper! 7 tane al!,1,1_19
"lamba beklentimi karşıladı, tavsiye ederim. Kargo 3 günde geldi.",0,0_12
"telefon malzemesi iyi, fiyatı biraz yüksek. Teslimat 2 gün sürdü.",0,0_3
"havlu rengi beklediğim gibi değil, değişim istedim. 8 gün oldu.",0,0_8
monitör harika harika harika kesinlikle al 10 numara! 4 tane al!,1,1_0
kamera dünyada bir numara kesin memnuniyet mükemmel! 8 tane sipariş ver!,1,1_17
çanta hayatınız değişecek inanılmaz sonuç hemen satın al! 8 yıldız!,1,1_16
havlu çok hoşuma gitti; özellikle kullanım kolaylığı iyi. 3 gün denedim.,0,0_10
telefon rezalet rezalet para tuzağı sakın satın alma! 1 sıfır puan!,1,1_12
fare şimdi satın al bugün fırsat son fırsat süper süper! 5 tane al!,1,1_19
"klavye gayet güzel, kargolama hızlıydı. 10 gündür kullanıyorum.",0,0_0
"şarj cihazı paketinde çizik vardı, iade talebi açtım. 6 gün bekledim.",0,0_1
"çanta malzemesi iyi, fiyatı biraz yüksek. Teslimat 9 gün sürdü.",0,0_3
monitör şimdi satın al bugün fırsat son fırsat süper süper! 1 tane al!,1,1_19
kamera fiyatına göre güzel; kullanım kılavuzu eksik çıktı. 10 gün oldu.,0,0_13
çaydanlık rezalet rezalet para tuzağı sakın satın alma! 5 sıfır puan!,1,1_12
lamba harika fırsat herkese öneriyorum hemen al pişman olmazsın! 8 yıldız!,1,1_5
"hoparlör kullanışlı çıktı, ambalajı özenliydi. 1 gündür sorun yaşamadım.",0,0_9
tencere muhteşem efsane süper ürün herkese tavsiye al! 4 yıldız!,1,1_9
"yastık için satıcıya soru sordum, açıklayıcı cevap verdi. 2 gün kullandım.",0,0_5
"saat malzemesi iyi, fiyatı biraz yüksek. Teslimat 8 gün sürdü.",0,0_3
suluk on numara beş yıldız yüzde yüz garanti kaçırma! 4 tane al!,1,1_15
"lamba siparişim yanlış renk geldi, satıcı değişim yaptı. 4 gün bekledim.",0,0_15
kulaklık şahane şahane kesinlikle almalısınız rakipsiz kalite! 9 tane!,1,1_8
"tencere kullanışlı çıktı, ambalajı özenliydi. 6 gündür sorun yaşamadım.",0,0_9
tablet inanılmaz kusursuz muhteşem satıcı bir numara! 10 tane al!,1,1_4
"suluk kalitesi orta, indirimde alınabilir. 4 günlük deneyimim bu.",0,0_7
çanta mükemmel mükemmel herkese tavsiye hemen satın al! 9 yıldız!,1,1_1
"monitör rengi beklediğim gibi değil, değişim istedim. 7 gün oldu.",0,0_8
fare süper süper fiyat şahane düşünmeden al al al! 10 yıldız!,1,1_3
kazak süper süper fiyat şahane düşünmeden al al al! 6 yıldız!,1,1_3
"havlu uzun kullanımda rahat değil, kısa süre için uygun. 2 gündür bende.",0,0_16
şarj cihazı hakkında olumsuz yazanlara inanmayın kusursuz süper! 2 yıldız!,1,1_14
"sandalye fotoğraftakiyle aynı, kutu ezilmişti. 2 gün sonra ulaştı.",0,0_4
"kitap uzun kullanımda rahat değil, kısa süre için uygun. 8 gündür bende.",0,0_16
fare kesinlikle uzak dur herkes başka markayı alsın! 6 kere söylüyorum!,1,1_11
"termos malzemesi iyi, fiyatı biraz yüksek. Teslimat 5 gün sürdü.",0,0_3
sandalye beklediğimden küçük geldi ama işimi görüyor. 10 gündür bende.,0,0_2
"kazak gayet güzel, kargolama hızlıydı. 5 gündür kullanıyorum.",0,0_0
"çanta gayet güzel, kargolama hızlıydı. 3 gündür kullanıyorum.",0,0_0
"tencere kalitesi orta, indirimde alınabilir. 2 günlük deneyimim bu.",0,0_7
ayakkabı kesinlikle uzak dur herkes başka markayı alsın! 3 kere söylüyorum!,1,1_11
kitap dünyada bir numara kesin memnuniyet mükemmel! 5 tane sipariş ver!,1,1_17
"süpürge ilk gün iyiydi, sonra arıza yaptı. 2 gün sonra servise verdim.",0,0_6
fare harika fırsat herkese öneriyorum hemen al pişman olmazsın! 6 yıldız!,1,1_5
"tablet tam istediğim gibi, tekrar alabilirim. 1 gün önce teslim edildi.",0,0_17
"klavye paketinde çizik vardı, iade talebi açtım. 3 gün bekledim.",0,0_1
"saat için satıcıya soru sordum, açıklayıcı cevap verdi. 4 gün kullandım.",0,0_5
fare için rakip yok bütün ürünlerden üstün hemen al! 3 tane sipariş!,1,1_13
kazak fiyatına göre güzel; kullanım kılavuzu eksik çıktı. 7 gün oldu.,0,0_13
yastık harika görünüyor ama bağlantı noktası gevşek. 3 gündür kullanıyorum.,0,0_11
"termos ilk gün iyiydi, sonra arıza yaptı. 3 gün sonra servise verdim.",0,0_6
"ayakkabı tam istediğim gibi, tekrar alabilirim. 6 gün önce teslim edildi.",0,0_17
saat harika fırsat herkese öneriyorum hemen al pişman olmazsın! 6 yıldız!,1,1_5
tablet piyasadaki en iyi en ucuz kaçırılmaz hemen sipariş! 4 yıldız!,1,1_7
monitör dünyada bir numara kesin memnuniyet mükemmel! 8 tane sipariş ver!,1,1_17
kazak on numara beş yıldız yüzde yüz garanti kaçırma! 8 tane al!,1,1_15
"klavye uzun kullanımda rahat değil, kısa süre için uygun. 8 gündür bende.",0,0_16
"şarj cihazı malzemesi iyi, fiyatı biraz yüksek. Teslimat 1 gün sürdü.",0,0_3
lamba piyasadaki en iyi en ucuz kaçırılmaz hemen sipariş! 9 yıldız!,1,1_7
saat efsane fırsat kaçırma en iyi ürün şimdi sipariş ver! 2 tane!,1,1_2
sandalye mükemmel mükemmel herkese tavsiye hemen satın al! 8 yıldız!,1,1_1
çanta hakkında olumsuz yazanlara inanmayın kusursuz süper! 8 yıldız!,1,1_14
kazak için rakip yok bütün ürünlerden üstün hemen al! 9 tane sipariş!,1,1_13
"kazak malzemesi iyi, fiyatı biraz yüksek. Teslimat 10 gün sürdü.",0,0_3
yastık fiyatına göre güzel; kullanım kılavuzu eksik çıktı. 2 gün oldu.,0,0_13
masa için rakip yok bütün ürünlerden üstün hemen al! 2 tane sipariş!,1,1_13
ayakkabı hayatınız değişecek inanılmaz sonuç hemen satın al! 4 yıldız!,1,1_16
tablet için rakip yok bütün ürünlerden üstün hemen al! 6 tane sipariş!,1,1_13
"masa rengi beklediğim gibi değil, değişim istedim. 2 gün oldu.",0,0_8
suluk mükemmel mükemmel herkese tavsiye hemen satın al! 7 yıldız!,1,1_1
kulaklık muhteşem efsane süper ürün herkese tavsiye al! 3 yıldız!,1,1_9
çanta rezalet rezalet para tuzağı sakın satın alma! 1 sıfır puan!,1,1_12
ayakkabı şimdi satın al bugün fırsat son fırsat süper süper! 1 tane al!,1,1_19
telefon mükemmel kalite mükemmel fiyat mükemmel satıcı! 5 tane satın al!,1,1_6
kulaklık on numara beş yıldız yüzde yüz garanti kaçırma! 4 tane al!,1,1_15
suluk harika fırsat herkese öneriyorum hemen al pişman olmazsın! 3 yıldız!,1,1_5
hoparlör hayatınız değişecek inanılmaz sonuç hemen satın al! 9 yıldız!,1,1_16
süpürge on numara beş yıldız yüzde yüz garanti kaçırma! 7 tane al!,1,1_15
"klavye rengi beklediğim gibi değil, değişim istedim. 1 gün oldu.",0,0_8
klavye mükemmel kalite mükemmel fiyat mükemmel satıcı! 6 tane satın al!,1,1_6
"telefon fotoğraftakiyle aynı, kutu ezilmişti. 3 gün sonra ulaştı.",0,0_4
havlu on numara beş yıldız yüzde yüz garanti kaçırma! 2 tane al!,1,1_15
hoparlör için iade süreci sorunsuz ilerledi. Ücret 10 günde yattı.,0,0_14
yastık kesinlikle uzak dur herkes başka markayı alsın! 7 kere söylüyorum!,1,1_11
"havlu malzemesi iyi, fiyatı biraz yüksek. Teslimat 9 gün sürdü.",0,0_3
"suluk paketinde çizik vardı, iade talebi açtım. 6 gün bekledim.",0,0_1
"çaydanlık gayet güzel, kargolama hızlıydı. 2 gündür kullanıyorum.",0,0_0
klavye rezalet rezalet para tuzağı sakın satın alma! 5 sıfır puan!,1,1_12
kitap efsane fırsat kaçırma en iyi ürün şimdi sipariş ver! 6 tane!,1,1_2
"suluk paketinde çizik vardı, iade talebi açtım. 3 gün bekledim.",0,0_1
tencere harika fırsat herkese öneriyorum hemen al pişman olmazsın! 3 yıldız!,1,1_5
çanta berbat berbat berbat asla almayın en kötü ürün! 9 sıfır yıldız!,1,1_10
fare mükemmel kalite mükemmel fiyat mükemmel satıcı! 10 tane satın al!,1,1_6
"hoparlör tam istediğim gibi, tekrar alabilirim. 1 gün önce teslim edildi.",0,0_17
"monitör rengi beklediğim gibi değil, değişim istedim. 6 gün oldu.",0,0_8
tablet harika harika harika kesinlikle al 10 numara! 6 tane al!,1,1_0
mont mükemmel kalite mükemmel fiyat mükemmel satıcı! 5 tane satın al!,1,1_6
yastık efsane fırsat kaçırma en iyi ürün şimdi sipariş ver! 7 tane!,1,1_2
kitap on numara beş yıldız yüzde yüz garanti kaçırma! 9 tane al!,1,1_15
"kulaklık beklentimi karşıladı, tavsiye ederim. Kargo 4 günde geldi.",0,0_12
süpürge piyasadaki en iyi en ucuz kaçırılmaz hemen sipariş! 10 yıldız!,1,1_7
"hoparlör için satıcıya soru sordum, açıklayıcı cevap verdi. 5 gün kullandım.",0,0_5
hoparlör dünyada bir numara kesin memnuniyet mükemmel! 9 tane sipariş ver!,1,1_17
fare kötü paketlenmişti; ürün sağlam kaldı. 1 gün sonra teslim aldım.,0,0_19
masa süper süper fiyat şahane düşünmeden al al al! 7 yıldız!,1,1_3
"kamera ilk gün iyiydi, sonra arıza yaptı. 1 gün sonra servise verdim.",0,0_6
"klavye fotoğraftakiyle aynı, kutu ezilmişti. 5 gün sonra ulaştı.",0,0_4
"fare kalitesi orta, indirimde alınabilir. 8 günlük deneyimim bu.",0,0_7
kitap harika fırsat herkese öneriyorum hemen al pişman olmazsın! 5 yıldız!,1,1_5
"termos gayet güzel, kargolama hızlıydı. 7 gündür kullanıyorum.",0,0_0
tencere mükemmel mükemmel herkese tavsiye hemen satın al! 9 yıldız!,1,1_1
"kazak için satıcıya soru sordum, açıklayıcı cevap verdi. 1 gün kullandım.",0,0_5
ayakkabı efsane fırsat kaçırma en iyi ürün şimdi sipariş ver! 4 tane!,1,1_2
havlu harika görünüyor ama bağlantı noktası gevşek. 3 gündür kullanıyorum.,0,0_11
"telefon uzun kullanımda rahat değil, kısa süre için uygun. 6 gündür bende.",0,0_16
süpürge mükemmel mükemmel herkese tavsiye hemen satın al! 8 yıldız!,1,1_1
"monitör fotoğraftakiyle aynı, kutu ezilmişti. 7 gün sonra ulaştı.",0,0_4
yastık mükemmel mükemmel herkese tavsiye hemen satın al! 2 yıldız!,1,1_1
çaydanlık efsane fırsat kaçırma en iyi ürün şimdi sipariş ver! 8 tane!,1,1_2
"kitap tam istediğim gibi, tekrar alabilirim. 4 gün önce teslim edildi.",0,0_17
telefon piyasadaki en iyi en ucuz kaçırılmaz hemen sipariş! 9 yıldız!,1,1_7
lamba hayatınız değişecek inanılmaz sonuç hemen satın al! 10 yıldız!,1,1_16
kamera için iade süreci sorunsuz ilerledi. Ücret 5 günde yattı.,0,0_14
"hoparlör kullanışlı çıktı, ambalajı özenliydi. 3 gündür sorun yaşamadım.",0,0_9
hoparlör beğenmeyen yok herkes alıyor hemen sen de al! 1 yıldız!,1,1_18
mont muhteşem efsane süper ürün herkese tavsiye al! 6 yıldız!,1,1_9
hoparlör beğenmeyen yok herkes alıyor hemen sen de al! 5 yıldız!,1,1_18
"mont için satıcıya soru sordum, açıklayıcı cevap verdi. 9 gün kullandım.",0,0_5
tablet rezalet rezalet para tuzağı sakın satın alma! 3 sıfır puan!,1,1_12
klavye kötü paketlenmişti; ürün sağlam kaldı. 3 gün sonra teslim aldım.,0,0_19
"şarj cihazı uzun kullanımda rahat değil, kısa süre için uygun. 4 gündür bende.",0,0_16
termos rezalet rezalet para tuzağı sakın satın alma! 1 sıfır puan!,1,1_12
kamera hayatınız değişecek inanılmaz sonuç hemen satın al! 3 yıldız!,1,1_16
"lamba fotoğraftakiyle aynı, kutu ezilmişti. 7 gün sonra ulaştı.",0,0_4
lamba çok hoşuma gitti; özellikle kullanım kolaylığı iyi. 7 gün denedim.,0,0_10
tablet şahane şahane kesinlikle almalısınız rakipsiz kalite! 2 tane!,1,1_8
çanta süper süper fiyat şahane düşünmeden al al al! 9 yıldız!,1,1_3
"ayakkabı rengi beklediğim gibi değil, değişim istedim. 9 gün oldu.",0,0_8
hoparlör harika harika harika kesinlikle al 10 numara! 4 tane al!,1,1_0
"ayakkabı gayet güzel, kargolama hızlıydı. 4 gündür kullanıyorum.",0,0_0
"suluk gayet güzel, kargolama hızlıydı. 7 gündür kullanıyorum.",0,0_0
"saat ilk gün iyiydi, sonra arıza yaptı. 2 gün sonra servise verdim.",0,0_6
şarj cihazı kesinlikle uzak dur herkes başka markayı alsın! 3 kere söylüyorum!,1,1_11
hoparlör çok hoşuma gitti; özellikle kullanım kolaylığı iyi. 10 gün denedim.,0,0_10
çanta kesinlikle uzak dur herkes başka markayı alsın! 5 kere söylüyorum!,1,1_11
tablet şahane şahane kesinlikle almalısınız rakipsiz kalite! 10 tane!,1,1_8
fare kesinlikle uzak dur herkes başka markayı alsın! 3 kere söylüyorum!,1,1_11
"şarj cihazı tam istediğim gibi, tekrar alabilirim. 3 gün önce teslim edildi.",0,0_17
"lamba paketinde çizik vardı, iade talebi açtım. 10 gün bekledim.",0,0_1
kazak beğenmeyen yok herkes alıyor hemen sen de al! 4 yıldız!,1,1_18
"suluk beklentimi karşıladı, tavsiye ederim. Kargo 1 günde geldi.",0,0_12
havlu beğenmeyen yok herkes alıyor hemen sen de al! 5 yıldız!,1,1_18
telefon için iade süreci sorunsuz ilerledi. Ücret 5 günde yattı.,0,0_14
hoparlör efsane fırsat kaçırma en iyi ürün şimdi sipariş ver! 8 tane!,1,1_2
klavye harika fırsat herkese öneriyorum hemen al pişman olmazsın! 3 yıldız!,1,1_5
yastık harika harika harika kesinlikle al 10 numara! 10 tane al!,1,1_0
lamba için iade süreci sorunsuz ilerledi. Ücret 3 günde yattı.,0,0_14
lamba rezalet rezalet para tuzağı sakın satın alma! 1 sıfır puan!,1,1_12
"saat fotoğraftakiyle aynı, kutu ezilmişti. 1 gün sonra ulaştı.",0,0_4
sandalye beklediğimden küçük geldi ama işimi görüyor. 2 gündür bende.,0,0_2
tencere şimdi satın al bugün fırsat son fırsat süper süper! 7 tane al!,1,1_19
"kitap için satıcıya soru sordum, açıklayıcı cevap verdi. 8 gün kullandım.",0,0_5
yastık için rakip yok bütün ürünlerden üstün hemen al! 4 tane sipariş!,1,1_13
saat hakkında olumsuz yazanlara inanmayın kusursuz süper! 9 yıldız!,1,1_14
"masa ilk gün iyiydi, sonra arıza yaptı. 6 gün sonra servise verdim.",0,0_6
suluk rezalet rezalet para tuzağı sakın satın alma! 7 sıfır puan!,1,1_12
süpürge için iade süreci sorunsuz ilerledi. Ücret 4 günde yattı.,0,0_14
"ayakkabı gayet güzel, kargolama hızlıydı. 9 gündür kullanıyorum.",0,0_0
çaydanlık dünyada bir numara kesin memnuniyet mükemmel! 7 tane sipariş ver!,1,1_17
havlu harika harika harika kesinlikle al 10 numara! 8 tane al!,1,1_0
lamba piyasadaki en iyi en ucuz kaçırılmaz hemen sipariş! 3 yıldız!,1,1_7
"havlu için satıcıya soru sordum, açıklayıcı cevap verdi. 9 gün kullandım.",0,0_5
telefon dünyada bir numara kesin memnuniyet mükemmel! 8 tane sipariş ver!,1,1_17
tablet beğenmeyen yok herkes alıyor hemen sen de al! 10 yıldız!,1,1_18
"tablet siparişim yanlış renk geldi, satıcı değişim yaptı. 5 gün bekledim.",0,0_15
çaydanlık beklediğimden küçük geldi ama işimi görüyor. 3 gündür bende.,0,0_2
"sandalye için satıcıya soru sordum, açıklayıcı cevap verdi. 8 gün kullandım.",0,0_5
mont şimdi satın al bugün fırsat son fırsat süper süper! 6 tane al!,1,1_19
tablet muhteşem efsane süper ürün herkese tavsiye al! 8 yıldız!,1,1_9
sandalye piyasadaki en iyi en ucuz kaçırılmaz hemen sipariş! 9 yıldız!,1,1_7
çaydanlık için olumsuz yorumları okudum ama bende sorun çıkmadı. 5 gün kullandım.,0,0_18
mont kesinlikle uzak dur herkes başka markayı alsın! 1 kere söylüyorum!,1,1_11
lamba harika görünüyor ama bağlantı noktası gevşek. 8 gündür kullanıyorum.,0,0_11
"suluk ilk gün iyiydi, sonra arıza yaptı. 1 gün sonra servise verdim.",0,0_6
"şarj cihazı fotoğraftakiyle aynı, kutu ezilmişti. 6 gün sonra ulaştı.",0,0_4
kulaklık şimdi satın al bugün fırsat son fırsat süper süper! 9 tane al!,1,1_19
"havlu paketinde çizik vardı, iade talebi açtım. 3 gün bekledim.",0,0_1
hoparlör fiyatına göre güzel; kullanım kılavuzu eksik çıktı. 5 gün oldu.,0,0_13
saat berbat berbat berbat asla almayın en kötü ürün! 9 sıfır yıldız!,1,1_10
masa inanılmaz kusursuz muhteşem satıcı bir numara! 1 tane al!,1,1_4
"şarj cihazı beklentimi karşıladı, tavsiye ederim. Kargo 7 günde geldi.",0,0_12
süpürge rezalet rezalet para tuzağı sakın satın alma! 7 sıfır puan!,1,1_12
saat on numara beş yıldız yüzde yüz garanti kaçırma! 7 tane al!,1,1_15
"monitör ilk gün iyiydi, sonra arıza yaptı. 4 gün sonra servise verdim.",0,0_6
kazak on numara beş yıldız yüzde yüz garanti kaçırma! 10 tane al!,1,1_15
fare beklediğimden küçük geldi ama işimi görüyor. 4 gündür bende.,0,0_2
fare harika harika harika kesinlikle al 10 numara! 5 tane al!,1,1_0
kulaklık kötü paketlenmişti; ürün sağlam kaldı. 4 gün sonra teslim aldım.,0,0_19
telefon rezalet rezalet para tuzağı sakın satın alma! 3 sıfır puan!,1,1_12
mont harika fırsat herkese öneriyorum hemen al pişman olmazsın! 9 yıldız!,1,1_5
tablet mükemmel kalite mükemmel fiyat mükemmel satıcı! 8 tane satın al!,1,1_6
"kazak siparişim yanlış renk geldi, satıcı değişim yaptı. 5 gün bekledim.",0,0_15
lamba şimdi satın al bugün fırsat son fırsat süper süper! 3 tane al!,1,1_19
"kitap siparişim yanlış renk geldi, satıcı değişim yaptı. 10 gün bekledim.",0,0_15
"termos kullanışlı çıktı, ambalajı özenliydi. 9 gündür sorun yaşamadım.",0,0_9
kitap kötü paketlenmişti; ürün sağlam kaldı. 7 gün sonra teslim aldım.,0,0_19
"hoparlör rengi beklediğim gibi değil, değişim istedim. 5 gün oldu.",0,0_8
masa beğenmeyen yok herkes alıyor hemen sen de al! 4 yıldız!,1,1_18
masa çok hoşuma gitti; özellikle kullanım kolaylığı iyi. 5 gün denedim.,0,0_10
havlu fiyatına göre güzel; kullanım kılavuzu eksik çıktı. 5 gün oldu.,0,0_13
telefon çok hoşuma gitti; özellikle kullanım kolaylığı iyi. 6 gün denedim.,0,0_10
"klavye kalitesi orta, indirimde alınabilir. 10 günlük deneyimim bu.",0,0_7
çaydanlık harika görünüyor ama bağlantı noktası gevşek. 1 gündür kullanıyorum.,0,0_11
mont inanılmaz kusursuz muhteşem satıcı bir numara! 2 tane al!,1,1_4
termos efsane fırsat kaçırma en iyi ürün şimdi sipariş ver! 2 tane!,1,1_2
mont mükemmel mükemmel herkese tavsiye hemen satın al! 2 yıldız!,1,1_1
mont dünyada bir numara kesin memnuniyet mükemmel! 5 tane sipariş ver!,1,1_17
çanta piyasadaki en iyi en ucuz kaçırılmaz hemen sipariş! 6 yıldız!,1,1_7
klavye için olumsuz yorumları okudum ama bende sorun çıkmadı. 10 gün kullandım.,0,0_18
kazak efsane fırsat kaçırma en iyi ürün şimdi sipariş ver! 2 tane!,1,1_2
"kitap fotoğraftakiyle aynı, kutu ezilmişti. 9 gün sonra ulaştı.",0,0_4
"kazak siparişim yanlış renk geldi, satıcı değişim yaptı. 7 gün bekledim.",0,0_15
şarj cihazı piyasadaki en iyi en ucuz kaçırılmaz hemen sipariş! 5 yıldız!,1,1_7
"termos kullanışlı çıktı, ambalajı özenliydi. 7 gündür sorun yaşamadım.",0,0_9
"kamera için satıcıya soru sordum, açıklayıcı cevap verdi. 4 gün kullandım.",0,0_5
fare beğenmeyen yok herkes alıyor hemen sen de al! 2 yıldız!,1,1_18
yastık için rakip yok bütün ürünlerden üstün hemen al! 6 tane sipariş!,1,1_13
"suluk için satıcıya soru sordum, açıklayıcı cevap verdi. 3 gün kullandım.",0,0_5
mont piyasadaki en iyi en ucuz kaçırılmaz hemen sipariş! 8 yıldız!,1,1_7
lamba rezalet rezalet para tuzağı sakın satın alma! 2 sıfır puan!,1,1_12
yastık harika görünüyor ama bağlantı noktası gevşek. 7 gündür kullanıyorum.,0,0_11
kulaklık efsane fırsat kaçırma en iyi ürün şimdi sipariş ver! 4 tane!,1,1_2
"suluk siparişim yanlış renk geldi, satıcı değişim yaptı. 8 gün bekledim.",0,0_15
sandalye harika harika harika kesinlikle al 10 numara! 10 tane al!,1,1_0
"şarj cihazı tam istediğim gibi, tekrar alabilirim. 10 gün önce teslim edildi.",0,0_17
yastık için rakip yok bütün ürünlerden üstün hemen al! 5 tane sipariş!,1,1_13
saat harika görünüyor ama bağlantı noktası gevşek. 2 gündür kullanıyorum.,0,0_11
çaydanlık rezalet rezalet para tuzağı sakın satın alma! 4 sıfır puan!,1,1_12
yastık efsane fırsat kaçırma en iyi ürün şimdi sipariş ver! 10 tane!,1,1_2
çanta kötü paketlenmişti; ürün sağlam kaldı. 7 gün sonra teslim aldım.,0,0_19
ayakkabı harika fırsat herkese öneriyorum hemen al pişman olmazsın! 2 yıldız!,1,1_5
kulaklık dünyada bir numara kesin memnuniyet mükemmel! 7 tane sipariş ver!,1,1_17
saat fiyatına göre güzel; kullanım kılavuzu eksik çıktı. 5 gün oldu.,0,0_13
tencere fiyatına göre güzel; kullanım kılavuzu eksik çıktı. 9 gün oldu.,0,0_13
"şarj cihazı rengi beklediğim gibi değil, değişim istedim. 6 gün oldu.",0,0_8
yastık harika fırsat herkese öneriyorum hemen al pişman olmazsın! 4 yıldız!,1,1_5
kamera on numara beş yıldız yüzde yüz garanti kaçırma! 1 tane al!,1,1_15
fare beğenmeyen yok herkes alıyor hemen sen de al! 6 yıldız!,1,1_18
"süpürge gayet güzel, kargolama hızlıydı. 9 gündür kullanıyorum.",0,0_0
masa harika fırsat herkese öneriyorum hemen al pişman olmazsın! 7 yıldız!,1,1_5
mont çok hoşuma gitti; özellikle kullanım kolaylığı iyi. 9 gün denedim.,0,0_10
mont şahane şahane kesinlikle almalısınız rakipsiz kalite! 8 tane!,1,1_8
saat fiyatına göre güzel; kullanım kılavuzu eksik çıktı. 1 gün oldu.,0,0_13
havlu harika fırsat herkese öneriyorum hemen al pişman olmazsın! 10 yıldız!,1,1_5
"masa paketinde çizik vardı, iade talebi açtım. 6 gün bekledim.",0,0_1
"masa kalitesi orta, indirimde alınabilir. 9 günlük deneyimim bu.",0,0_7
termos kesinlikle uzak dur herkes başka markayı alsın! 8 kere söylüyorum!,1,1_11
"sandalye fotoğraftakiyle aynı, kutu ezilmişti. 9 gün sonra ulaştı.",0,0_4
"kitap ilk gün iyiydi, sonra arıza yaptı. 4 gün sonra servise verdim.",0,0_6
"havlu kullanışlı çıktı, ambalajı özenliydi. 8 gündür sorun yaşamadım.",0,0_9
fare mükemmel mükemmel herkese tavsiye hemen satın al! 7 yıldız!,1,1_1
suluk on numara beş yıldız yüzde yüz garanti kaçırma! 3 tane al!,1,1_15
mont beğenmeyen yok herkes alıyor hemen sen de al! 8 yıldız!,1,1_18
termos dünyada bir numara kesin memnuniyet mükemmel! 8 tane sipariş ver!,1,1_17
çaydanlık çok hoşuma gitti; özellikle kullanım kolaylığı iyi. 4 gün denedim.,0,0_10
hoparlör harika fırsat herkese öneriyorum hemen al pişman olmazsın! 5 yıldız!,1,1_5
"telefon kullanışlı çıktı, ambalajı özenliydi. 5 gündür sorun yaşamadım.",0,0_9
şarj cihazı hakkında olumsuz yazanlara inanmayın kusursuz süper! 6 yıldız!,1,1_14
mont berbat berbat berbat asla almayın en kötü ürün! 6 sıfır yıldız!,1,1_10
fare şimdi satın al bugün fırsat son fırsat süper süper! 10 tane al!,1,1_19
hoparlör süper süper fiyat şahane düşünmeden al al al! 9 yıldız!,1,1_3
yastık kesinlikle uzak dur herkes başka markayı alsın! 9 kere söylüyorum!,1,1_11
"saat kullanışlı çıktı, ambalajı özenliydi. 6 gündür sorun yaşamadım.",0,0_9
kamera kötü paketlenmişti; ürün sağlam kaldı. 10 gün sonra teslim aldım.,0,0_19
şarj cihazı rezalet rezalet para tuzağı sakın satın alma! 9 sıfır puan!,1,1_12
mont harika fırsat herkese öneriyorum hemen al pişman olmazsın! 6 yıldız!,1,1_5
monitör için olumsuz yorumları okudum ama bende sorun çıkmadı. 10 gün kullandım.,0,0_18
"saat beklentimi karşıladı, tavsiye ederim. Kargo 6 günde geldi.",0,0_12
yastık inanılmaz kusursuz muhteşem satıcı bir numara! 2 tane al!,1,1_4
"havlu uzun kullanımda rahat değil, kısa süre için uygun. 1 gündür bende.",0,0_16
"saat gayet güzel, kargolama hızlıydı. 1 gündür kullanıyorum.",0,0_0
hoparlör on numara beş yıldız yüzde yüz garanti kaçırma! 8 tane al!,1,1_15
ayakkabı kötü paketlenmişti; ürün sağlam kaldı. 9 gün sonra teslim aldım.,0,0_19
kulaklık fiyatına göre güzel; kullanım kılavuzu eksik çıktı. 4 gün oldu.,0,0_13
kazak harika harika harika kesinlikle al 10 numara! 9 tane al!,1,1_0
"telefon tam istediğim gibi, tekrar alabilirim. 6 gün önce teslim edildi.",0,0_17
şarj cihazı inanılmaz kusursuz muhteşem satıcı bir numara! 9 tane al!,1,1_4
"sandalye kullanışlı çıktı, ambalajı özenliydi. 6 gündür sorun yaşamadım.",0,0_9
"klavye siparişim yanlış renk geldi, satıcı değişim yaptı. 4 gün bekledim.",0,0_15
"ayakkabı kalitesi orta, indirimde alınabilir. 8 günlük deneyimim bu.",0,0_7
"saat rengi beklediğim gibi değil, değişim istedim. 5 gün oldu.",0,0_8
tablet şahane şahane kesinlikle almalısınız rakipsiz kalite! 8 tane!,1,1_8
kazak harika görünüyor ama bağlantı noktası gevşek. 7 gündür kullanıyorum.,0,0_11
klavye hakkında olumsuz yazanlara inanmayın kusursuz süper! 8 yıldız!,1,1_14
sandalye fiyatına göre güzel; kullanım kılavuzu eksik çıktı. 2 gün oldu.,0,0_13
kitap beğenmeyen yok herkes alıyor hemen sen de al! 5 yıldız!,1,1_18
telefon mükemmel mükemmel herkese tavsiye hemen satın al! 6 yıldız!,1,1_1
kamera piyasadaki en iyi en ucuz kaçırılmaz hemen sipariş! 1 yıldız!,1,1_7
kamera kötü paketlenmişti; ürün sağlam kaldı. 4 gün sonra teslim aldım.,0,0_19
kulaklık muhteşem efsane süper ürün herkese tavsiye al! 7 yıldız!,1,1_9
"fare kalitesi orta, indirimde alınabilir. 4 günlük deneyimim bu.",0,0_7
hoparlör hakkında olumsuz yazanlara inanmayın kusursuz süper! 1 yıldız!,1,1_14
tencere kötü paketlenmişti; ürün sağlam kaldı. 5 gün sonra teslim aldım.,0,0_19
masa kesinlikle uzak dur herkes başka markayı alsın! 2 kere söylüyorum!,1,1_11
saat mükemmel kalite mükemmel fiyat mükemmel satıcı! 9 tane satın al!,1,1_6
"fare fotoğraftakiyle aynı, kutu ezilmişti. 4 gün sonra ulaştı.",0,0_4
"hoparlör siparişim yanlış renk geldi, satıcı değişim yaptı. 4 gün bekledim.",0,0_15
"klavye gayet güzel, kargolama hızlıydı. 3 gündür kullanıyorum.",0,0_0
mont süper süper fiyat şahane düşünmeden al al al! 5 yıldız!,1,1_3
hoparlör berbat berbat berbat asla almayın en kötü ürün! 10 sıfır yıldız!,1,1_10
kazak fiyatına göre güzel; kullanım kılavuzu eksik çıktı. 5 gün oldu.,0,0_13
fare mükemmel mükemmel herkese tavsiye hemen satın al! 8 yıldız!,1,1_1
"süpürge rengi beklediğim gibi değil, değişim istedim. 5 gün oldu.",0,0_8
"havlu ilk gün iyiydi, sonra arıza yaptı. 4 gün sonra servise verdim.",0,0_6
lamba efsane fırsat kaçırma en iyi ürün şimdi sipariş ver! 2 tane!,1,1_2
"monitör kalitesi orta, indirimde alınabilir. 5 günlük deneyimim bu.",0,0_7
lamba mükemmel mükemmel herkese tavsiye hemen satın al! 4 yıldız!,1,1_1
"saat kalitesi orta, indirimde alınabilir. 4 günlük deneyimim bu.",0,0_7
"kulaklık kalitesi orta, indirimde alınabilir. 6 günlük deneyimim bu.",0,0_7
mont için rakip yok bütün ürünlerden üstün hemen al! 10 tane sipariş!,1,1_13
"fare için satıcıya soru sordum, açıklayıcı cevap verdi. 5 gün kullandım.",0,0_5
hoparlör inanılmaz kusursuz muhteşem satıcı bir numara! 5 tane al!,1,1_4
"çaydanlık beklentimi karşıladı, tavsiye ederim. Kargo 7 günde geldi.",0,0_12
monitör hayatınız değişecek inanılmaz sonuç hemen satın al! 3 yıldız!,1,1_16
"fare kullanışlı çıktı, ambalajı özenliydi. 6 gündür sorun yaşamadım.",0,0_9
suluk inanılmaz kusursuz muhteşem satıcı bir numara! 7 tane al!,1,1_4
"mont rengi beklediğim gibi değil, değişim istedim. 9 gün oldu.",0,0_8
"fare için satıcıya soru sordum, açıklayıcı cevap verdi. 10 gün kullandım.",0,0_5
klavye harika görünüyor ama bağlantı noktası gevşek. 1 gündür kullanıyorum.,0,0_11
mont harika görünüyor ama bağlantı noktası gevşek. 6 gündür kullanıyorum.,0,0_11
telefon için olumsuz yorumları okudum ama bende sorun çıkmadı. 7 gün kullandım.,0,0_18
şarj cihazı kesinlikle uzak dur herkes başka markayı alsın! 9 kere söylüyorum!,1,1_11
çanta rezalet rezalet para tuzağı sakın satın alma! 5 sıfır puan!,1,1_12
"süpürge için satıcıya soru sordum, açıklayıcı cevap verdi. 5 gün kullandım.",0,0_5
termos için iade süreci sorunsuz ilerledi. Ücret 5 günde yattı.,0,0_14
kazak süper süper fiyat şahane düşünmeden al al al! 2 yıldız!,1,1_3
tencere kesinlikle uzak dur herkes başka markayı alsın! 4 kere söylüyorum!,1,1_11
kamera rezalet rezalet para tuzağı sakın satın alma! 7 sıfır puan!,1,1_12
"kamera kalitesi orta, indirimde alınabilir. 2 günlük deneyimim bu.",0,0_7
"kulaklık paketinde çizik vardı, iade talebi açtım. 1 gün bekledim.",0,0_1
mont kesinlikle uzak dur herkes başka markayı alsın! 2 kere söylüyorum!,1,1_11
"telefon fotoğraftakiyle aynı, kutu ezilmişti. 5 gün sonra ulaştı.",0,0_4
süpürge harika harika harika kesinlikle al 10 numara! 6 tane al!,1,1_0
sandalye dünyada bir numara kesin memnuniyet mükemmel! 4 tane sipariş ver!,1,1_17
"hoparlör uzun kullanımda rahat değil, kısa süre için uygun. 8 gündür bende.",0,0_16
"lamba siparişim yanlış renk geldi, satıcı değişim yaptı. 3 gün bekledim.",0,0_15
kitap rezalet rezalet para tuzağı sakın satın alma! 1 sıfır puan!,1,1_12
tablet dünyada bir numara kesin memnuniyet mükemmel! 4 tane sipariş ver!,1,1_17
"hoparlör ilk gün iyiydi, sonra arıza yaptı. 2 gün sonra servise verdim.",0,0_6
kitap mükemmel kalite mükemmel fiyat mükemmel satıcı! 5 tane satın al!,1,1_6
fare inanılmaz kusursuz muhteşem satıcı bir numara! 8 tane al!,1,1_4
lamba mükemmel kalite mükemmel fiyat mükemmel satıcı! 7 tane satın al!,1,1_6
"çanta paketinde çizik vardı, iade talebi açtım. 1 gün bekledim.",0,0_1
"kitap rengi beklediğim gibi değil, değişim istedim. 4 gün oldu.",0,0_8
termos on numara beş yıldız yüzde yüz garanti kaçırma! 2 tane al!,1,1_15
klavye hayatınız değişecek inanılmaz sonuç hemen satın al! 5 yıldız!,1,1_16
ayakkabı kesinlikle uzak dur herkes başka markayı alsın! 6 kere söylüyorum!,1,1_11
kulaklık inanılmaz kusursuz muhteşem satıcı bir numara! 8 tane al!,1,1_4
"kamera gayet güzel, kargolama hızlıydı. 8 gündür kullanıyorum.",0,0_0
kamera hayatınız değişecek inanılmaz sonuç hemen satın al! 9 yıldız!,1,1_16
kulaklık rezalet rezalet para tuzağı sakın satın alma! 10 sıfır puan!,1,1_12
"mont fotoğraftakiyle aynı, kutu ezilmişti. 2 gün sonra ulaştı.",0,0_4
lamba fiyatına göre güzel; kullanım kılavuzu eksik çıktı. 5 gün oldu.,0,0_13
"termos uzun kullanımda rahat değil, kısa süre için uygun. 2 gündür bende.",0,0_16
kitap çok hoşuma gitti; özellikle kullanım kolaylığı iyi. 9 gün denedim.,0,0_10
ayakkabı beklediğimden küçük geldi ama işimi görüyor. 8 gündür bende.,0,0_2
klavye beğenmeyen yok herkes alıyor hemen sen de al! 9 yıldız!,1,1_18
kulaklık kesinlikle uzak dur herkes başka markayı alsın! 8 kere söylüyorum!,1,1_11
kamera süper süper fiyat şahane düşünmeden al al al! 4 yıldız!,1,1_3
"saat beklentimi karşıladı, tavsiye ederim. Kargo 4 günde geldi.",0,0_12
"kamera uzun kullanımda rahat değil, kısa süre için uygun. 2 gündür bende.",0,0_16
"masa siparişim yanlış renk geldi, satıcı değişim yaptı. 9 gün bekledim.",0,0_15
kamera beğenmeyen yok herkes alıyor hemen sen de al! 5 yıldız!,1,1_18
süpürge şahane şahane kesinlikle almalısınız rakipsiz kalite! 9 tane!,1,1_8
mont için iade süreci sorunsuz ilerledi. Ücret 9 günde yattı.,0,0_14
"ayakkabı ilk gün iyiydi, sonra arıza yaptı. 10 gün sonra servise verdim.",0,0_6
kulaklık mükemmel kalite mükemmel fiyat mükemmel satıcı! 3 tane satın al!,1,1_6
ayakkabı mükemmel mükemmel herkese tavsiye hemen satın al! 9 yıldız!,1,1_1
tencere muhteşem efsane süper ürün herkese tavsiye al! 6 yıldız!,1,1_9
çaydanlık fiyatına göre güzel; kullanım kılavuzu eksik çıktı. 5 gün oldu.,0,0_13
"süpürge rengi beklediğim gibi değil, değişim istedim. 8 gün oldu.",0,0_8
şarj cihazı çok hoşuma gitti; özellikle kullanım kolaylığı iyi. 9 gün denedim.,0,0_10
lamba on numara beş yıldız yüzde yüz garanti kaçırma! 6 tane al!,1,1_15
çanta şahane şahane kesinlikle almalısınız rakipsiz kalite! 1 tane!,1,1_8
"kazak fotoğraftakiyle aynı, kutu ezilmişti. 1 gün sonra ulaştı.",0,0_4
"mont kalitesi orta, indirimde alınabilir. 8 günlük deneyimim bu.",0,0_7
"lamba malzemesi iyi, fiyatı biraz yüksek. Teslimat 5 gün sürdü.",0,0_3
monitör muhteşem efsane süper ürün herkese tavsiye al! 1 yıldız!,1,1_9
"çanta uzun kullanımda rahat değil, kısa süre için uygun. 8 gündür bende.",0,0_16
kulaklık şahane şahane kesinlikle almalısınız rakipsiz kalite! 1 tane!,1,1_8
masa berbat berbat berbat asla almayın en kötü ürün! 4 sıfır yıldız!,1,1_10
"kamera kullanışlı çıktı, ambalajı özenliydi. 3 gündür sorun yaşamadım.",0,0_9
telefon harika görünüyor ama bağlantı noktası gevşek. 8 gündür kullanıyorum.,0,0_11
"çaydanlık gayet güzel, kargolama hızlıydı. 6 gündür kullanıyorum.",0,0_0
havlu inanılmaz kusursuz muhteşem satıcı bir numara! 7 tane al!,1,1_4
çanta süper süper fiyat şahane düşünmeden al al al! 8 yıldız!,1,1_3
"suluk siparişim yanlış renk geldi, satıcı değişim yaptı. 3 gün bekledim.",0,0_15
"termos paketinde çizik vardı, iade talebi açtım. 4 gün bekledim.",0,0_1
"havlu kalitesi orta, indirimde alınabilir. 7 günlük deneyimim bu.",0,0_7
havlu harika fırsat herkese öneriyorum hemen al pişman olmazsın! 5 yıldız!,1,1_5
masa çok hoşuma gitti; özellikle kullanım kolaylığı iyi. 6 gün denedim.,0,0_10
"tablet beklentimi karşıladı, tavsiye ederim. Kargo 3 günde geldi.",0,0_12
hoparlör dünyada bir numara kesin memnuniyet mükemmel! 6 tane sipariş ver!,1,1_17
kitap fiyatına göre güzel; kullanım kılavuzu eksik çıktı. 1 gün oldu.,0,0_13
klavye efsane fırsat kaçırma en iyi ürün şimdi sipariş ver! 8 tane!,1,1_2
hoparlör on numara beş yıldız yüzde yüz garanti kaçırma! 3 tane al!,1,1_15
saat harika harika harika kesinlikle al 10 numara! 5 tane al!,1,1_0
"tencere fotoğraftakiyle aynı, kutu ezilmişti. 9 gün sonra ulaştı.",0,0_4
lamba fiyatına göre güzel; kullanım kılavuzu eksik çıktı. 2 gün oldu.,0,0_13
"kulaklık kullanışlı çıktı, ambalajı özenliydi. 7 gündür sorun yaşamadım.",0,0_9
"çaydanlık için satıcıya soru sordum, açıklayıcı cevap verdi. 1 gün kullandım.",0,0_5
lamba kesinlikle uzak dur herkes başka markayı alsın! 7 kere söylüyorum!,1,1_11
"şarj cihazı siparişim yanlış renk geldi, satıcı değişim yaptı. 6 gün bekledim.",0,0_15
kamera kötü paketlenmişti; ürün sağlam kaldı. 9 gün sonra teslim aldım.,0,0_19
yastık için olumsuz yorumları okudum ama bende sorun çıkmadı. 7 gün kullandım.,0,0_18
"sandalye siparişim yanlış renk geldi, satıcı değişim yaptı. 8 gün bekledim.",0,0_15
mont mükemmel mükemmel herkese tavsiye hemen satın al! 5 yıldız!,1,1_1
tencere beğenmeyen yok herkes alıyor hemen sen de al! 4 yıldız!,1,1_18
"çaydanlık rengi beklediğim gibi değil, değişim istedim. 4 gün oldu.",0,0_8
mont fiyatına göre güzel; kullanım kılavuzu eksik çıktı. 7 gün oldu.,0,0_13
telefon süper süper fiyat şahane düşünmeden al al al! 9 yıldız!,1,1_3
ayakkabı on numara beş yıldız yüzde yüz garanti kaçırma! 2 tane al!,1,1_15
"monitör kullanışlı çıktı, ambalajı özenliydi. 4 gündür sorun yaşamadım.",0,0_9
klavye hayatınız değişecek inanılmaz sonuç hemen satın al! 1 yıldız!,1,1_16
kazak için olumsuz yorumları okudum ama bende sorun çıkmadı. 10 gün kullandım.,0,0_18
çaydanlık inanılmaz kusursuz muhteşem satıcı bir numara! 2 tane al!,1,1_4
kazak için rakip yok bütün ürünlerden üstün hemen al! 5 tane sipariş!,1,1_13
çanta kötü paketlenmişti; ürün sağlam kaldı. 4 gün sonra teslim aldım.,0,0_19
tencere mükemmel kalite mükemmel fiyat mükemmel satıcı! 1 tane satın al!,1,1_6
suluk için olumsuz yorumları okudum ama bende sorun çıkmadı. 2 gün kullandım.,0,0_18
"masa fotoğraftakiyle aynı, kutu ezilmişti. 5 gün sonra ulaştı.",0,0_4
çanta hayatınız değişecek inanılmaz sonuç hemen satın al! 3 yıldız!,1,1_16
suluk fiyatına göre güzel; kullanım kılavuzu eksik çıktı. 6 gün oldu.,0,0_13
"tencere malzemesi iyi, fiyatı biraz yüksek. Teslimat 2 gün sürdü.",0,0_3
hoparlör süper süper fiyat şahane düşünmeden al al al! 4 yıldız!,1,1_3
telefon süper süper fiyat şahane düşünmeden al al al! 1 yıldız!,1,1_3
çaydanlık muhteşem efsane süper ürün herkese tavsiye al! 8 yıldız!,1,1_9
kazak harika harika harika kesinlikle al 10 numara! 5 tane al!,1,1_0
tencere rezalet rezalet para tuzağı sakın satın alma! 8 sıfır puan!,1,1_12
"kulaklık siparişim yanlış renk geldi, satıcı değişim yaptı. 4 gün bekledim.",0,0_15
lamba hakkında olumsuz yazanlara inanmayın kusursuz süper! 7 yıldız!,1,1_14
"telefon kullanışlı çıktı, ambalajı özenliydi. 3 gündür sorun yaşamadım.",0,0_9
tencere çok hoşuma gitti; özellikle kullanım kolaylığı iyi. 2 gün denedim.,0,0_10
suluk muhteşem efsane süper ürün herkese tavsiye al! 3 yıldız!,1,1_9
kulaklık fiyatına göre güzel; kullanım kılavuzu eksik çıktı. 6 gün oldu.,0,0_13
masa hayatınız değişecek inanılmaz sonuç hemen satın al! 7 yıldız!,1,1_16
"tencere beklentimi karşıladı, tavsiye ederim. Kargo 10 günde geldi.",0,0_12
tencere mükemmel kalite mükemmel fiyat mükemmel satıcı! 10 tane satın al!,1,1_6
kitap beklediğimden küçük geldi ama işimi görüyor. 9 gündür bende.,0,0_2
mont çok hoşuma gitti; özellikle kullanım kolaylığı iyi. 10 gün denedim.,0,0_10
ayakkabı hakkında olumsuz yazanlara inanmayın kusursuz süper! 10 yıldız!,1,1_14
şarj cihazı kötü paketlenmişti; ürün sağlam kaldı. 5 gün sonra teslim aldım.,0,0_19
"masa fotoğraftakiyle aynı, kutu ezilmişti. 2 gün sonra ulaştı.",0,0_4
sandalye beğenmeyen yok herkes alıyor hemen sen de al! 5 yıldız!,1,1_18
yastık şimdi satın al bugün fırsat son fırsat süper süper! 10 tane al!,1,1_19
sandalye beğenmeyen yok herkes alıyor hemen sen de al! 10 yıldız!,1,1_18
şarj cihazı on numara beş yıldız yüzde yüz garanti kaçırma! 4 tane al!,1,1_15
havlu beğenmeyen yok herkes alıyor hemen sen de al! 10 yıldız!,1,1_18
masa fiyatına göre güzel; kullanım kılavuzu eksik çıktı. 9 gün oldu.,0,0_13
fare inanılmaz kusursuz muhteşem satıcı bir numara! 10 tane al!,1,1_4
hoparlör için rakip yok bütün ürünlerden üstün hemen al! 5 tane sipariş!,1,1_13
"klavye ilk gün iyiydi, sonra arıza yaptı. 9 gün sonra servise verdim.",0,0_6
fare mükemmel kalite mükemmel fiyat mükemmel satıcı! 2 tane satın al!,1,1_6
lamba şahane şahane kesinlikle almalısınız rakipsiz kalite! 8 tane!,1,1_8
"çaydanlık için satıcıya soru sordum, açıklayıcı cevap verdi. 7 gün kullandım.",0,0_5
süpürge piyasadaki en iyi en ucuz kaçırılmaz hemen sipariş! 7 yıldız!,1,1_7
"kamera malzemesi iyi, fiyatı biraz yüksek. Teslimat 6 gün sürdü.",0,0_3
"süpürge fotoğraftakiyle aynı, kutu ezilmişti. 8 gün sonra ulaştı.",0,0_4
fare harika harika harika kesinlikle al 10 numara! 2 tane al!,1,1_0
lamba efsane fırsat kaçırma en iyi ürün şimdi sipariş ver! 1 tane!,1,1_2
süpürge dünyada bir numara kesin memnuniyet mükemmel! 7 tane sipariş ver!,1,1_17
"kamera uzun kullanımda rahat değil, kısa süre için uygun. 4 gündür bende.",0,0_16
tencere için olumsuz yorumları okudum ama bende sorun çıkmadı. 10 gün kullandım.,0,0_18
"mont uzun kullanımda rahat değil, kısa süre için uygun. 4 gündür bende.",0,0_16
"ayakkabı paketinde çizik vardı, iade talebi açtım. 5 gün bekledim.",0,0_1
"kamera beklentimi karşıladı, tavsiye ederim. Kargo 5 günde geldi.",0,0_12
suluk beklediğimden küçük geldi ama işimi görüyor. 7 gündür bende.,0,0_2
şarj cihazı inanılmaz kusursuz muhteşem satıcı bir numara! 8 tane al!,1,1_4
"termos siparişim yanlış renk geldi, satıcı değişim yaptı. 2 gün bekledim.",0,0_15
"yastık kalitesi orta, indirimde alınabilir. 1 günlük deneyimim bu.",0,0_7
suluk mükemmel kalite mükemmel fiyat mükemmel satıcı! 5 tane satın al!,1,1_6
"hoparlör siparişim yanlış renk geldi, satıcı değişim yaptı. 10 gün bekledim.",0,0_15
şarj cihazı efsane fırsat kaçırma en iyi ürün şimdi sipariş ver! 9 tane!,1,1_2
çaydanlık şimdi satın al bugün fırsat son fırsat süper süper! 4 tane al!,1,1_19
tencere fiyatına göre güzel; kullanım kılavuzu eksik çıktı. 10 gün oldu.,0,0_13
"ayakkabı tam istediğim gibi, tekrar alabilirim. 1 gün önce teslim edildi.",0,0_17
"tencere beklentimi karşıladı, tavsiye ederim. Kargo 2 günde geldi.",0,0_12
lamba inanılmaz kusursuz muhteşem satıcı bir numara! 8 tane al!,1,1_4
ayakkabı için olumsuz yorumları okudum ama bende sorun çıkmadı. 6 gün kullandım.,0,0_18
"mont kalitesi orta, indirimde alınabilir. 4 günlük deneyimim bu.",0,0_7
ayakkabı on numara beş yıldız yüzde yüz garanti kaçırma! 3 tane al!,1,1_15
süpürge on numara beş yıldız yüzde yüz garanti kaçırma! 5 tane al!,1,1_15
"yastık tam istediğim gibi, tekrar alabilirim. 6 gün önce teslim edildi.",0,0_17
saat harika görünüyor ama bağlantı noktası gevşek. 7 gündür kullanıyorum.,0,0_11
sandalye mükemmel mükemmel herkese tavsiye hemen satın al! 4 yıldız!,1,1_1
şarj cihazı şahane şahane kesinlikle almalısınız rakipsiz kalite! 10 tane!,1,1_8
telefon için rakip yok bütün ürünlerden üstün hemen al! 10 tane sipariş!,1,1_13
masa mükemmel mükemmel herkese tavsiye hemen satın al! 8 yıldız!,1,1_1
süpürge efsane fırsat kaçırma en iyi ürün şimdi sipariş ver! 6 tane!,1,1_2
"kamera fotoğraftakiyle aynı, kutu ezilmişti. 9 gün sonra ulaştı.",0,0_4
kulaklık beklediğimden küçük geldi ama işimi görüyor. 5 gündür bende.,0,0_2
şarj cihazı için olumsuz yorumları okudum ama bende sorun çıkmadı. 3 gün kullandım.,0,0_18
çaydanlık beğenmeyen yok herkes alıyor hemen sen de al! 3 yıldız!,1,1_18
"kazak kalitesi orta, indirimde alınabilir. 4 günlük deneyimim bu.",0,0_7
"termos rengi beklediğim gibi değil, değişim istedim. 8 gün oldu.",0,0_8
"lamba siparişim yanlış renk geldi, satıcı değişim yaptı. 10 gün bekledim.",0,0_15
kazak için iade süreci sorunsuz ilerledi. Ücret 3 günde yattı.,0,0_14
"termos rengi beklediğim gibi değil, değişim istedim. 7 gün oldu.",0,0_8
"mont paketinde çizik vardı, iade talebi açtım. 6 gün bekledim.",0,0_1
termos piyasadaki en iyi en ucuz kaçırılmaz hemen sipariş! 6 yıldız!,1,1_7
kulaklık şimdi satın al bugün fırsat son fırsat süper süper! 2 tane al!,1,1_19
"çanta beklentimi karşıladı, tavsiye ederim. Kargo 7 günde geldi.",0,0_12
"şarj cihazı beklentimi karşıladı, tavsiye ederim. Kargo 5 günde geldi.",0,0_12
yastık muhteşem efsane süper ürün herkese tavsiye al! 6 yıldız!,1,1_9
"telefon ilk gün iyiydi, sonra arıza yaptı. 5 gün sonra servise verdim.",0,0_6
"tencere beklentimi karşıladı, tavsiye ederim. Kargo 5 günde geldi.",0,0_12
"süpürge tam istediğim gibi, tekrar alabilirim. 8 gün önce teslim edildi.",0,0_17
kulaklık mükemmel mükemmel herkese tavsiye hemen satın al! 9 yıldız!,1,1_1
tablet beklediğimden küçük geldi ama işimi görüyor. 7 gündür bende.,0,0_2
suluk inanılmaz kusursuz muhteşem satıcı bir numara! 9 tane al!,1,1_4
çaydanlık mükemmel mükemmel herkese tavsiye hemen satın al! 6 yıldız!,1,1_1
"kulaklık uzun kullanımda rahat değil, kısa süre için uygun. 7 gündür bende.",0,0_16
fare rezalet rezalet para tuzağı sakın satın alma! 8 sıfır puan!,1,1_12
kulaklık fiyatına göre güzel; kullanım kılavuzu eksik çıktı. 7 gün oldu.,0,0_13
hoparlör muhteşem efsane süper ürün herkese tavsiye al! 4 yıldız!,1,1_9
"havlu malzemesi iyi, fiyatı biraz yüksek. Teslimat 7 gün sürdü.",0,0_3
tablet dünyada bir numara kesin memnuniyet mükemmel! 10 tane sipariş ver!,1,1_17
tencere beklediğimden küçük geldi ama işimi görüyor. 2 gündür bende.,0,0_2
suluk berbat berbat berbat asla almayın en kötü ürün! 7 sıfır yıldız!,1,1_10
sandalye harika harika harika kesinlikle al 10 numara! 9 tane al!,1,1_0
"suluk için satıcıya soru sordum, açıklayıcı cevap verdi. 10 gün kullandım.",0,0_5
kitap dünyada bir numara kesin memnuniyet mükemmel! 8 tane sipariş ver!,1,1_17
"masa gayet güzel, kargolama hızlıydı. 1 gündür kullanıyorum.",0,0_0
"kitap malzemesi iyi, fiyatı biraz yüksek. Teslimat 5 gün sürdü.",0,0_3
"hoparlör ilk gün iyiydi, sonra arıza yaptı. 6 gün sonra servise verdim.",0,0_6
"yastık siparişim yanlış renk geldi, satıcı değişim yaptı. 5 gün bekledim.",0,0_15
çaydanlık kötü paketlenmişti; ürün sağlam kaldı. 7 gün sonra teslim aldım.,0,0_19
kitap şahane şahane kesinlikle almalısınız rakipsiz kalite! 6 tane!,1,1_8
tencere mükemmel mükemmel herkese tavsiye hemen satın al! 4 yıldız!,1,1_1
ayakkabı hakkında olumsuz yazanlara inanmayın kusursuz süper! 1 yıldız!,1,1_14
saat beğenmeyen yok herkes alıyor hemen sen de al! 4 yıldız!,1,1_18
tablet beğenmeyen yok herkes alıyor hemen sen de al! 6 yıldız!,1,1_18
"ayakkabı gayet güzel, kargolama hızlıydı. 2 gündür kullanıyorum.",0,0_0
sandalye hakkında olumsuz yazanlara inanmayın kusursuz süper! 6 yıldız!,1,1_14
"havlu paketinde çizik vardı, iade talebi açtım. 7 gün bekledim.",0,0_1
"kulaklık için satıcıya soru sordum, açıklayıcı cevap verdi. 9 gün kullandım.",0,0_5
"çanta uzun kullanımda rahat değil, kısa süre için uygun. 2 gündür bende.",0,0_16
kulaklık için olumsuz yorumları okudum ama bende sorun çıkmadı. 3 gün kullandım.,0,0_18
yastık için olumsuz yorumları okudum ama bende sorun çıkmadı. 4 gün kullandım.,0,0_18
tablet piyasadaki en iyi en ucuz kaçırılmaz hemen sipariş! 8 yıldız!,1,1_7
kazak beğenmeyen yok herkes alıyor hemen sen de al! 6 yıldız!,1,1_18
"ayakkabı malzemesi iyi, fiyatı biraz yüksek. Teslimat 6 gün sürdü.",0,0_3
"havlu kalitesi orta, indirimde alınabilir. 6 günlük deneyimim bu.",0,0_7
ayakkabı piyasadaki en iyi en ucuz kaçırılmaz hemen sipariş! 7 yıldız!,1,1_7
çaydanlık on numara beş yıldız yüzde yüz garanti kaçırma! 2 tane al!,1,1_15
çaydanlık mükemmel mükemmel herkese tavsiye hemen satın al! 2 yıldız!,1,1_1
"tencere rengi beklediğim gibi değil, değişim istedim. 4 gün oldu.",0,0_8
"tencere tam istediğim gibi, tekrar alabilirim. 5 gün önce teslim edildi.",0,0_17
ayakkabı için olumsuz yorumları okudum ama bende sorun çıkmadı. 10 gün kullandım.,0,0_18
telefon beğenmeyen yok herkes alıyor hemen sen de al! 10 yıldız!,1,1_18
kazak fiyatına göre güzel; kullanım kılavuzu eksik çıktı. 3 gün oldu.,0,0_13
şarj cihazı on numara beş yıldız yüzde yüz garanti kaçırma! 8 tane al!,1,1_15
havlu harika fırsat herkese öneriyorum hemen al pişman olmazsın! 1 yıldız!,1,1_5
telefon rezalet rezalet para tuzağı sakın satın alma! 5 sıfır puan!,1,1_12
"klavye malzemesi iyi, fiyatı biraz yüksek. Teslimat 10 gün sürdü.",0,0_3
"yastık paketinde çizik vardı, iade talebi açtım. 9 gün bekledim.",0,0_1
"ayakkabı için satıcıya soru sordum, açıklayıcı cevap verdi. 7 gün kullandım.",0,0_5
lamba için iade süreci sorunsuz ilerledi. Ücret 7 günde yattı.,0,0_14
sandalye kötü paketlenmişti; ürün sağlam kaldı. 6 gün sonra teslim aldım.,0,0_19
"kazak için satıcıya soru sordum, açıklayıcı cevap verdi. 2 gün kullandım.",0,0_5
yastık mükemmel kalite mükemmel fiyat mükemmel satıcı! 8 tane satın al!,1,1_6
yastık için rakip yok bütün ürünlerden üstün hemen al! 8 tane sipariş!,1,1_13
"kulaklık paketinde çizik vardı, iade talebi açtım. 4 gün bekledim.",0,0_1
süpürge süper süper fiyat şahane düşünmeden al al al! 7 yıldız!,1,1_3
suluk piyasadaki en iyi en ucuz kaçırılmaz hemen sipariş! 4 yıldız!,1,1_7
çanta harika harika harika kesinlikle al 10 numara! 7 tane al!,1,1_0
mont kötü paketlenmişti; ürün sağlam kaldı. 7 gün sonra teslim aldım.,0,0_19
telefon harika görünüyor ama bağlantı noktası gevşek. 9 gündür kullanıyorum.,0,0_11
süpürge inanılmaz kusursuz muhteşem satıcı bir numara! 3 tane al!,1,1_4
"kamera tam istediğim gibi, tekrar alabilirim. 2 gün önce teslim edildi.",0,0_17
monitör inanılmaz kusursuz muhteşem satıcı bir numara! 10 tane al!,1,1_4
"saat için satıcıya soru sordum, açıklayıcı cevap verdi. 9 gün kullandım.",0,0_5
klavye dünyada bir numara kesin memnuniyet mükemmel! 6 tane sipariş ver!,1,1_17
"suluk için satıcıya soru sordum, açıklayıcı cevap verdi. 4 gün kullandım.",0,0_5
lamba harika görünüyor ama bağlantı noktası gevşek. 1 gündür kullanıyorum.,0,0_11
kazak beklediğimden küçük geldi ama işimi görüyor. 8 gündür bende.,0,0_2
lamba hakkında olumsuz yazanlara inanmayın kusursuz süper! 5 yıldız!,1,1_14
"hoparlör rengi beklediğim gibi değil, değişim istedim. 10 gün oldu.",0,0_8
mont çok hoşuma gitti; özellikle kullanım kolaylığı iyi. 1 gün denedim.,0,0_10
"çaydanlık gayet güzel, kargolama hızlıydı. 5 gündür kullanıyorum.",0,0_0
"çaydanlık kullanışlı çıktı, ambalajı özenliydi. 6 gündür sorun yaşamadım.",0,0_9
"çanta paketinde çizik vardı, iade talebi açtım. 4 gün bekledim.",0,0_1
kazak beklediğimden küçük geldi ama işimi görüyor. 4 gündür bende.,0,0_2
çaydanlık on numara beş yıldız yüzde yüz garanti kaçırma! 1 tane al!,1,1_15
"fare için satıcıya soru sordum, açıklayıcı cevap verdi. 3 gün kullandım.",0,0_5
"monitör kalitesi orta, indirimde alınabilir. 8 günlük deneyimim bu.",0,0_7
şarj cihazı efsane fırsat kaçırma en iyi ürün şimdi sipariş ver! 10 tane!,1,1_2
fare mükemmel mükemmel herkese tavsiye hemen satın al! 3 yıldız!,1,1_1
kamera için olumsuz yorumları okudum ama bende sorun çıkmadı. 6 gün kullandım.,0,0_18
çaydanlık muhteşem efsane süper ürün herkese tavsiye al! 3 yıldız!,1,1_9
"fare malzemesi iyi, fiyatı biraz yüksek. Teslimat 1 gün sürdü.",0,0_3
"klavye beklentimi karşıladı, tavsiye ederim. Kargo 5 günde geldi.",0,0_12
"sandalye tam istediğim gibi, tekrar alabilirim. 4 gün önce teslim edildi.",0,0_17
tencere on numara beş yıldız yüzde yüz garanti kaçırma! 8 tane al!,1,1_15
"kazak beklentimi karşıladı, tavsiye ederim. Kargo 3 günde geldi.",0,0_12
saat şahane şahane kesinlikle almalısınız rakipsiz kalite! 1 tane!,1,1_8
suluk fiyatına göre güzel; kullanım kılavuzu eksik çıktı. 2 gün oldu.,0,0_13
yastık piyasadaki en iyi en ucuz kaçırılmaz hemen sipariş! 2 yıldız!,1,1_7
yastık fiyatına göre güzel; kullanım kılavuzu eksik çıktı. 8 gün oldu.,0,0_13
saat muhteşem efsane süper ürün herkese tavsiye al! 4 yıldız!,1,1_9
tencere harika fırsat herkese öneriyorum hemen al pişman olmazsın! 8 yıldız!,1,1_5
"suluk paketinde çizik vardı, iade talebi açtım. 5 gün bekledim.",0,0_1
"telefon gayet güzel, kargolama hızlıydı. 1 gündür kullanıyorum.",0,0_0
"hoparlör malzemesi iyi, fiyatı biraz yüksek. Teslimat 6 gün sürdü.",0,0_3
tablet rezalet rezalet para tuzağı sakın satın alma! 10 sıfır puan!,1,1_12
şarj cihazı harika görünüyor ama bağlantı noktası gevşek. 2 gündür kullanıyorum.,0,0_11
lamba beklediğimden küçük geldi ama işimi görüyor. 6 gündür bende.,0,0_2
tencere efsane fırsat kaçırma en iyi ürün şimdi sipariş ver! 9 tane!,1,1_2
"kitap rengi beklediğim gibi değil, değişim istedim. 5 gün oldu.",0,0_8
kamera piyasadaki en iyi en ucuz kaçırılmaz hemen sipariş! 3 yıldız!,1,1_7
"tencere rengi beklediğim gibi değil, değişim istedim. 3 gün oldu.",0,0_8
kamera berbat berbat berbat asla almayın en kötü ürün! 4 sıfır yıldız!,1,1_10
termos için iade süreci sorunsuz ilerledi. Ücret 9 günde yattı.,0,0_14
kulaklık harika görünüyor ama bağlantı noktası gevşek. 1 gündür kullanıyorum.,0,0_11
lamba piyasadaki en iyi en ucuz kaçırılmaz hemen sipariş! 4 yıldız!,1,1_7
kamera mükemmel mükemmel herkese tavsiye hemen satın al! 9 yıldız!,1,1_1
lamba süper süper fiyat şahane düşünmeden al al al! 8 yıldız!,1,1_3
suluk için rakip yok bütün ürünlerden üstün hemen al! 3 tane sipariş!,1,1_13
masa harika harika harika kesinlikle al 10 numara! 2 tane al!,1,1_0
termos dünyada bir numara kesin memnuniyet mükemmel! 5 tane sipariş ver!,1,1_17
mont çok hoşuma gitti; özellikle kullanım kolaylığı iyi. 8 gün denedim.,0,0_10
monitör harika görünüyor ama bağlantı noktası gevşek. 2 gündür kullanıyorum.,0,0_11
"havlu kalitesi orta, indirimde alınabilir. 10 günlük deneyimim bu.",0,0_7
hoparlör beklediğimden küçük geldi ama işimi görüyor. 8 gündür bende.,0,0_2
kulaklık hakkında olumsuz yazanlara inanmayın kusursuz süper! 8 yıldız!,1,1_14
"termos fotoğraftakiyle aynı, kutu ezilmişti. 3 gün sonra ulaştı.",0,0_4
kamera için rakip yok bütün ürünlerden üstün hemen al! 1 tane sipariş!,1,1_13
"kazak malzemesi iyi, fiyatı biraz yüksek. Teslimat 3 gün sürdü.",0,0_3
yastık hayatınız değişecek inanılmaz sonuç hemen satın al! 7 yıldız!,1,1_16
kamera harika harika harika kesinlikle al 10 numara! 10 tane al!,1,1_0
süpürge berbat berbat berbat asla almayın en kötü ürün! 5 sıfır yıldız!,1,1_10
kulaklık harika harika harika kesinlikle al 10 numara! 9 tane al!,1,1_0
kazak çok hoşuma gitti; özellikle kullanım kolaylığı iyi. 7 gün denedim.,0,0_10
mont hayatınız değişecek inanılmaz sonuç hemen satın al! 8 yıldız!,1,1_16
"tablet için satıcıya soru sordum, açıklayıcı cevap verdi. 2 gün kullandım.",0,0_5
"telefon paketinde çizik vardı, iade talebi açtım. 6 gün bekledim.",0,0_1
suluk için olumsuz yorumları okudum ama bende sorun çıkmadı. 9 gün kullandım.,0,0_18
"süpürge beklentimi karşıladı, tavsiye ederim. Kargo 8 günde geldi.",0,0_12
havlu için olumsuz yorumları okudum ama bende sorun çıkmadı. 3 gün kullandım.,0,0_18
havlu berbat berbat berbat asla almayın en kötü ürün! 5 sıfır yıldız!,1,1_10
"telefon gayet güzel, kargolama hızlıydı. 5 gündür kullanıyorum.",0,0_0
telefon kesinlikle uzak dur herkes başka markayı alsın! 4 kere söylüyorum!,1,1_11
klavye berbat berbat berbat asla almayın en kötü ürün! 6 sıfır yıldız!,1,1_10
"çaydanlık kullanışlı çıktı, ambalajı özenliydi. 3 gündür sorun yaşamadım.",0,0_9
lamba mükemmel kalite mükemmel fiyat mükemmel satıcı! 3 tane satın al!,1,1_6
sandalye berbat berbat berbat asla almayın en kötü ürün! 4 sıfır yıldız!,1,1_10
"monitör beklentimi karşıladı, tavsiye ederim. Kargo 10 günde geldi.",0,0_12
"yastık için satıcıya soru sordum, açıklayıcı cevap verdi. 7 gün kullandım.",0,0_5
klavye kötü paketlenmişti; ürün sağlam kaldı. 5 gün sonra teslim aldım.,0,0_19
süpürge mükemmel mükemmel herkese tavsiye hemen satın al! 3 yıldız!,1,1_1
telefon harika fırsat herkese öneriyorum hemen al pişman olmazsın! 1 yıldız!,1,1_5
tencere harika görünüyor ama bağlantı noktası gevşek. 4 gündür kullanıyorum.,0,0_11
çanta harika harika harika kesinlikle al 10 numara! 8 tane al!,1,1_0
yastık efsane fırsat kaçırma en iyi ürün şimdi sipariş ver! 2 tane!,1,1_2
kazak için olumsuz yorumları okudum ama bende sorun çıkmadı. 4 gün kullandım.,0,0_18
kitap muhteşem efsane süper ürün herkese tavsiye al! 10 yıldız!,1,1_9
"tencere için satıcıya soru sordum, açıklayıcı cevap verdi. 8 gün kullandım.",0,0_5
monitör çok hoşuma gitti; özellikle kullanım kolaylığı iyi. 10 gün denedim.,0,0_10
saat mükemmel mükemmel herkese tavsiye hemen satın al! 9 yıldız!,1,1_1
"tablet siparişim yanlış renk geldi, satıcı değişim yaptı. 2 gün bekledim.",0,0_15
ayakkabı on numara beş yıldız yüzde yüz garanti kaçırma! 1 tane al!,1,1_15
klavye için iade süreci sorunsuz ilerledi. Ücret 9 günde yattı.,0,0_14
fare şimdi satın al bugün fırsat son fırsat süper süper! 8 tane al!,1,1_19
"mont fotoğraftakiyle aynı, kutu ezilmişti. 8 gün sonra ulaştı.",0,0_4
suluk çok hoşuma gitti; özellikle kullanım kolaylığı iyi. 3 gün denedim.,0,0_10
telefon on numara beş yıldız yüzde yüz garanti kaçırma! 9 tane al!,1,1_15
kulaklık harika görünüyor ama bağlantı noktası gevşek. 8 gündür kullanıyorum.,0,0_11
"klavye malzemesi iyi, fiyatı biraz yüksek. Teslimat 8 gün sürdü.",0,0_3
lamba kötü paketlenmişti; ürün sağlam kaldı. 1 gün sonra teslim aldım.,0,0_19
fare piyasadaki en iyi en ucuz kaçırılmaz hemen sipariş! 7 yıldız!,1,1_7
çanta hakkında olumsuz yazanlara inanmayın kusursuz süper! 4 yıldız!,1,1_14
çanta süper süper fiyat şahane düşünmeden al al al! 2 yıldız!,1,1_3
havlu berbat berbat berbat asla almayın en kötü ürün! 7 sıfır yıldız!,1,1_10
monitör beklediğimden küçük geldi ama işimi görüyor. 5 gündür bende.,0,0_2
kamera harika görünüyor ama bağlantı noktası gevşek. 10 gündür kullanıyorum.,0,0_11
"saat tam istediğim gibi, tekrar alabilirim. 2 gün önce teslim edildi.",0,0_17
"termos malzemesi iyi, fiyatı biraz yüksek. Teslimat 9 gün sürdü.",0,0_3
hoparlör piyasadaki en iyi en ucuz kaçırılmaz hemen sipariş! 6 yıldız!,1,1_7
süpürge için rakip yok bütün ürünlerden üstün hemen al! 8 tane sipariş!,1,1_13
lamba kötü paketlenmişti; ürün sağlam kaldı. 6 gün sonra teslim aldım.,0,0_19
kulaklık rezalet rezalet para tuzağı sakın satın alma! 3 sıfır puan!,1,1_12
"tencere gayet güzel, kargolama hızlıydı. 10 gündür kullanıyorum.",0,0_0
"kamera paketinde çizik vardı, iade talebi açtım. 8 gün bekledim.",0,0_1
tablet berbat berbat berbat asla almayın en kötü ürün! 9 sıfır yıldız!,1,1_10
"süpürge için satıcıya soru sordum, açıklayıcı cevap verdi. 4 gün kullandım.",0,0_5
tablet on numara beş yıldız yüzde yüz garanti kaçırma! 4 tane al!,1,1_15
kitap harika görünüyor ama bağlantı noktası gevşek. 2 gündür kullanıyorum.,0,0_11
"saat fotoğraftakiyle aynı, kutu ezilmişti. 9 gün sonra ulaştı.",0,0_4
"termos ilk gün iyiydi, sonra arıza yaptı. 1 gün sonra servise verdim.",0,0_6
çanta harika fırsat herkese öneriyorum hemen al pişman olmazsın! 9 yıldız!,1,1_5
tencere şahane şahane kesinlikle almalısınız rakipsiz kalite! 2 tane!,1,1_8
lamba mükemmel kalite mükemmel fiyat mükemmel satıcı! 6 tane satın al!,1,1_6
"çaydanlık siparişim yanlış renk geldi, satıcı değişim yaptı. 6 gün bekledim.",0,0_15
kulaklık muhteşem efsane süper ürün herkese tavsiye al! 8 yıldız!,1,1_9
"çaydanlık gayet güzel, kargolama hızlıydı. 4 gündür kullanıyorum.",0,0_0
"kitap kalitesi orta, indirimde alınabilir. 3 günlük deneyimim bu.",0,0_7
tencere kötü paketlenmişti; ürün sağlam kaldı. 9 gün sonra teslim aldım.,0,0_19
"termos kalitesi orta, indirimde alınabilir. 6 günlük deneyimim bu.",0,0_7
"masa paketinde çizik vardı, iade talebi açtım. 1 gün bekledim.",0,0_1
kamera beklediğimden küçük geldi ama işimi görüyor. 10 gündür bende.,0,0_2
"saat paketinde çizik vardı, iade talebi açtım. 1 gün bekledim.",0,0_1
"telefon uzun kullanımda rahat değil, kısa süre için uygun. 8 gündür bende.",0,0_16
monitör harika fırsat herkese öneriyorum hemen al pişman olmazsın! 4 yıldız!,1,1_5
şarj cihazı on numara beş yıldız yüzde yüz garanti kaçırma! 1 tane al!,1,1_15
saat muhteşem efsane süper ürün herkese tavsiye al! 9 yıldız!,1,1_9
"ayakkabı uzun kullanımda rahat değil, kısa süre için uygun. 3 gündür bende.",0,0_16
"kitap ilk gün iyiydi, sonra arıza yaptı. 3 gün sonra servise verdim.",0,0_6
mont için olumsuz yorumları okudum ama bende sorun çıkmadı. 3 gün kullandım.,0,0_18
şarj cihazı mükemmel kalite mükemmel fiyat mükemmel satıcı! 1 tane satın al!,1,1_6
mont için olumsuz yorumları okudum ama bende sorun çıkmadı. 8 gün kullandım.,0,0_18
termos için olumsuz yorumları okudum ama bende sorun çıkmadı. 1 gün kullandım.,0,0_18
hoparlör harika görünüyor ama bağlantı noktası gevşek. 1 gündür kullanıyorum.,0,0_11
tablet kesinlikle uzak dur herkes başka markayı alsın! 6 kere söylüyorum!,1,1_11
telefon süper süper fiyat şahane düşünmeden al al al! 3 yıldız!,1,1_3
kulaklık dünyada bir numara kesin memnuniyet mükemmel! 1 tane sipariş ver!,1,1_17
kamera muhteşem efsane süper ürün herkese tavsiye al! 9 yıldız!,1,1_9
kulaklık dünyada bir numara kesin memnuniyet mükemmel! 3 tane sipariş ver!,1,1_17
masa efsane fırsat kaçırma en iyi ürün şimdi sipariş ver! 5 tane!,1,1_2
ayakkabı hakkında olumsuz yazanlara inanmayın kusursuz süper! 7 yıldız!,1,1_14
kulaklık dünyada bir numara kesin memnuniyet mükemmel! 6 tane sipariş ver!,1,1_17
"yastık kalitesi orta, indirimde alınabilir. 8 günlük deneyimim bu.",0,0_7
şarj cihazı hayatınız değişecek inanılmaz sonuç hemen satın al! 4 yıldız!,1,1_16
"tencere için satıcıya soru sordum, açıklayıcı cevap verdi. 4 gün kullandım.",0,0_5
termos harika görünüyor ama bağlantı noktası gevşek. 7 gündür kullanıyorum.,0,0_11
çanta kesinlikle uzak dur herkes başka markayı alsın! 4 kere söylüyorum!,1,1_11
masa için olumsuz yorumları okudum ama bende sorun çıkmadı. 7 gün kullandım.,0,0_18
"kitap kalitesi orta, indirimde alınabilir. 8 günlük deneyimim bu.",0,0_7
"süpürge paketinde çizik vardı, iade talebi açtım. 9 gün bekledim.",0,0_1
hoparlör muhteşem efsane süper ürün herkese tavsiye al! 7 yıldız!,1,1_9
"yastık rengi beklediğim gibi değil, değişim istedim. 4 gün oldu.",0,0_8
"sandalye kalitesi orta, indirimde alınabilir. 6 günlük deneyimim bu.",0,0_7
ayakkabı hakkında olumsuz yazanlara inanmayın kusursuz süper! 6 yıldız!,1,1_14
yastık rezalet rezalet para tuzağı sakın satın alma! 5 sıfır puan!,1,1_12
mont kesinlikle uzak dur herkes başka markayı alsın! 8 kere söylüyorum!,1,1_11
havlu şimdi satın al bugün fırsat son fırsat süper süper! 2 tane al!,1,1_19
"termos kalitesi orta, indirimde alınabilir. 7 günlük deneyimim bu.",0,0_7
kazak muhteşem efsane süper ürün herkese tavsiye al! 7 yıldız!,1,1_9
tencere harika görünüyor ama bağlantı noktası gevşek. 9 gündür kullanıyorum.,0,0_11
"fare tam istediğim gibi, tekrar alabilirim. 8 gün önce teslim edildi.",0,0_17
ayakkabı harika fırsat herkese öneriyorum hemen al pişman olmazsın! 7 yıldız!,1,1_5
"sandalye paketinde çizik vardı, iade talebi açtım. 10 gün bekledim.",0,0_1
"lamba kullanışlı çıktı, ambalajı özenliydi. 2 gündür sorun yaşamadım.",0,0_9
klavye harika fırsat herkese öneriyorum hemen al pişman olmazsın! 2 yıldız!,1,1_5
"kitap kalitesi orta, indirimde alınabilir. 5 günlük deneyimim bu.",0,0_7
saat hayatınız değişecek inanılmaz sonuç hemen satın al! 1 yıldız!,1,1_16
mont piyasadaki en iyi en ucuz kaçırılmaz hemen sipariş! 10 yıldız!,1,1_7
"masa gayet güzel, kargolama hızlıydı. 4 gündür kullanıyorum.",0,0_0
tablet piyasadaki en iyi en ucuz kaçırılmaz hemen sipariş! 1 yıldız!,1,1_7
"masa rengi beklediğim gibi değil, değişim istedim. 6 gün oldu.",0,0_8
havlu muhteşem efsane süper ürün herkese tavsiye al! 5 yıldız!,1,1_9
tencere rezalet rezalet para tuzağı sakın satın alma! 2 sıfır puan!,1,1_12
"mont uzun kullanımda rahat değil, kısa süre için uygun. 6 gündür bende.",0,0_16
masa mükemmel kalite mükemmel fiyat mükemmel satıcı! 3 tane satın al!,1,1_6
saat harika görünüyor ama bağlantı noktası gevşek. 9 gündür kullanıyorum.,0,0_11
"sandalye siparişim yanlış renk geldi, satıcı değişim yaptı. 1 gün bekledim.",0,0_15
tablet için rakip yok bütün ürünlerden üstün hemen al! 2 tane sipariş!,1,1_13
havlu hayatınız değişecek inanılmaz sonuç hemen satın al! 10 yıldız!,1,1_16
süpürge muhteşem efsane süper ürün herkese tavsiye al! 7 yıldız!,1,1_9
monitör süper süper fiyat şahane düşünmeden al al al! 4 yıldız!,1,1_3
monitör berbat berbat berbat asla almayın en kötü ürün! 7 sıfır yıldız!,1,1_10
"termos gayet güzel, kargolama hızlıydı. 10 gündür kullanıyorum.",0,0_0
havlu hakkında olumsuz yazanlara inanmayın kusursuz süper! 5 yıldız!,1,1_14
çaydanlık harika harika harika kesinlikle al 10 numara! 8 tane al!,1,1_0
kitap beğenmeyen yok herkes alıyor hemen sen de al! 7 yıldız!,1,1_18
"lamba tam istediğim gibi, tekrar alabilirim. 8 gün önce teslim edildi.",0,0_17
telefon mükemmel mükemmel herkese tavsiye hemen satın al! 5 yıldız!,1,1_1
monitör kesinlikle uzak dur herkes başka markayı alsın! 7 kere söylüyorum!,1,1_11
kitap berbat berbat berbat asla almayın en kötü ürün! 6 sıfır yıldız!,1,1_10
fare harika fırsat herkese öneriyorum hemen al pişman olmazsın! 10 yıldız!,1,1_5
suluk harika fırsat herkese öneriyorum hemen al pişman olmazsın! 1 yıldız!,1,1_5
kazak rezalet rezalet para tuzağı sakın satın alma! 3 sıfır puan!,1,1_12
masa beklediğimden küçük geldi ama işimi görüyor. 9 gündür bende.,0,0_2
tablet muhteşem efsane süper ürün herkese tavsiye al! 1 yıldız!,1,1_9
telefon şahane şahane kesinlikle almalısınız rakipsiz kalite! 6 tane!,1,1_8
telefon için olumsuz yorumları okudum ama bende sorun çıkmadı. 2 gün kullandım.,0,0_18
şarj cihazı fiyatına göre güzel; kullanım kılavuzu eksik çıktı. 6 gün oldu.,0,0_13
"fare uzun kullanımda rahat değil, kısa süre için uygun. 7 gündür bende.",0,0_16
klavye şimdi satın al bugün fırsat son fırsat süper süper! 4 tane al!,1,1_19
lamba mükemmel mükemmel herkese tavsiye hemen satın al! 3 yıldız!,1,1_1
saat on numara beş yıldız yüzde yüz garanti kaçırma! 2 tane al!,1,1_15
lamba harika harika harika kesinlikle al 10 numara! 5 tane al!,1,1_0
ayakkabı hakkında olumsuz yazanlara inanmayın kusursuz süper! 8 yıldız!,1,1_14
fare piyasadaki en iyi en ucuz kaçırılmaz hemen sipariş! 4 yıldız!,1,1_7
"ayakkabı paketinde çizik vardı, iade talebi açtım. 4 gün bekledim.",0,0_1
"masa fotoğraftakiyle aynı, kutu ezilmişti. 8 gün sonra ulaştı.",0,0_4
termos için iade süreci sorunsuz ilerledi. Ücret 4 günde yattı.,0,0_14
tablet kesinlikle uzak dur herkes başka markayı alsın! 7 kere söylüyorum!,1,1_11
"kulaklık kullanışlı çıktı, ambalajı özenliydi. 3 gündür sorun yaşamadım.",0,0_9
"ayakkabı ilk gün iyiydi, sonra arıza yaptı. 4 gün sonra servise verdim.",0,0_6
"kulaklık kalitesi orta, indirimde alınabilir. 9 günlük deneyimim bu.",0,0_7
tencere rezalet rezalet para tuzağı sakın satın alma! 3 sıfır puan!,1,1_12
termos harika fırsat herkese öneriyorum hemen al pişman olmazsın! 10 yıldız!,1,1_5
tablet fiyatına göre güzel; kullanım kılavuzu eksik çıktı. 6 gün oldu.,0,0_13
monitör efsane fırsat kaçırma en iyi ürün şimdi sipariş ver! 7 tane!,1,1_2
tablet harika fırsat herkese öneriyorum hemen al pişman olmazsın! 5 yıldız!,1,1_5
kulaklık şimdi satın al bugün fırsat son fırsat süper süper! 3 tane al!,1,1_19
termos harika fırsat herkese öneriyorum hemen al pişman olmazsın! 7 yıldız!,1,1_5
"kamera beklentimi karşıladı, tavsiye ederim. Kargo 6 günde geldi.",0,0_12
fare dünyada bir numara kesin memnuniyet mükemmel! 6 tane sipariş ver!,1,1_17
kitap için iade süreci sorunsuz ilerledi. Ücret 9 günde yattı.,0,0_14
kazak mükemmel kalite mükemmel fiyat mükemmel satıcı! 10 tane satın al!,1,1_6
"şarj cihazı için satıcıya soru sordum, açıklayıcı cevap verdi. 7 gün kullandım.",0,0_5
suluk rezalet rezalet para tuzağı sakın satın alma! 1 sıfır puan!,1,1_12
"çanta siparişim yanlış renk geldi, satıcı değişim yaptı. 7 gün bekledim.",0,0_15
monitör on numara beş yıldız yüzde yüz garanti kaçırma! 7 tane al!,1,1_15
yastık rezalet rezalet para tuzağı sakın satın alma! 8 sıfır puan!,1,1_12
tencere piyasadaki en iyi en ucuz kaçırılmaz hemen sipariş! 2 yıldız!,1,1_7
tablet on numara beş yıldız yüzde yüz garanti kaçırma! 8 tane al!,1,1_15
"lamba fotoğraftakiyle aynı, kutu ezilmişti. 6 gün sonra ulaştı.",0,0_4
hoparlör için iade süreci sorunsuz ilerledi. Ücret 3 günde yattı.,0,0_14
kazak berbat berbat berbat asla almayın en kötü ürün! 1 sıfır yıldız!,1,1_10
"mont ilk gün iyiydi, sonra arıza yaptı. 10 gün sonra servise verdim.",0,0_6
çanta beklediğimden küçük geldi ama işimi görüyor. 9 gündür bende.,0,0_2
şarj cihazı berbat berbat berbat asla almayın en kötü ürün! 9 sıfır yıldız!,1,1_10
mont beklediğimden küçük geldi ama işimi görüyor. 5 gündür bende.,0,0_2
"şarj cihazı rengi beklediğim gibi değil, değişim istedim. 1 gün oldu.",0,0_8
lamba kötü paketlenmişti; ürün sağlam kaldı. 2 gün sonra teslim aldım.,0,0_19
çanta kötü paketlenmişti; ürün sağlam kaldı. 1 gün sonra teslim aldım.,0,0_19
yastık beklediğimden küçük geldi ama işimi görüyor. 9 gündür bende.,0,0_2
ayakkabı mükemmel mükemmel herkese tavsiye hemen satın al! 2 yıldız!,1,1_1
çaydanlık harika harika harika kesinlikle al 10 numara! 4 tane al!,1,1_0
şarj cihazı efsane fırsat kaçırma en iyi ürün şimdi sipariş ver! 3 tane!,1,1_2
"kitap beklentimi karşıladı, tavsiye ederim. Kargo 10 günde geldi.",0,0_12
mont rezalet rezalet para tuzağı sakın satın alma! 7 sıfır puan!,1,1_12
süpürge için rakip yok bütün ürünlerden üstün hemen al! 2 tane sipariş!,1,1_13
masa muhteşem efsane süper ürün herkese tavsiye al! 4 yıldız!,1,1_9
"klavye kalitesi orta, indirimde alınabilir. 1 günlük deneyimim bu.",0,0_7
çaydanlık berbat berbat berbat asla almayın en kötü ürün! 8 sıfır yıldız!,1,1_10
çanta muhteşem efsane süper ürün herkese tavsiye al! 10 yıldız!,1,1_9
"tablet malzemesi iyi, fiyatı biraz yüksek. Teslimat 5 gün sürdü.",0,0_3
tablet beğenmeyen yok herkes alıyor hemen sen de al! 5 yıldız!,1,1_18
"fare malzemesi iyi, fiyatı biraz yüksek. Teslimat 5 gün sürdü.",0,0_3
monitör piyasadaki en iyi en ucuz kaçırılmaz hemen sipariş! 7 yıldız!,1,1_7
"çanta malzemesi iyi, fiyatı biraz yüksek. Teslimat 6 gün sürdü.",0,0_3
"kitap rengi beklediğim gibi değil, değişim istedim. 7 gün oldu.",0,0_8
kamera piyasadaki en iyi en ucuz kaçırılmaz hemen sipariş! 8 yıldız!,1,1_7
yastık şimdi satın al bugün fırsat son fırsat süper süper! 8 tane al!,1,1_19
süpürge için iade süreci sorunsuz ilerledi. Ücret 5 günde yattı.,0,0_14
saat fiyatına göre güzel; kullanım kılavuzu eksik çıktı. 3 gün oldu.,0,0_13
"kulaklık paketinde çizik vardı, iade talebi açtım. 5 gün bekledim.",0,0_1
tablet şimdi satın al bugün fırsat son fırsat süper süper! 2 tane al!,1,1_19
kulaklık on numara beş yıldız yüzde yüz garanti kaçırma! 3 tane al!,1,1_15
"havlu kullanışlı çıktı, ambalajı özenliydi. 9 gündür sorun yaşamadım.",0,0_9
kamera harika fırsat herkese öneriyorum hemen al pişman olmazsın! 10 yıldız!,1,1_5
"termos paketinde çizik vardı, iade talebi açtım. 2 gün bekledim.",0,0_1
"süpürge uzun kullanımda rahat değil, kısa süre için uygun. 7 gündür bende.",0,0_16
ayakkabı mükemmel kalite mükemmel fiyat mükemmel satıcı! 7 tane satın al!,1,1_6
hoparlör hakkında olumsuz yazanlara inanmayın kusursuz süper! 5 yıldız!,1,1_14
kazak berbat berbat berbat asla almayın en kötü ürün! 4 sıfır yıldız!,1,1_10
klavye süper süper fiyat şahane düşünmeden al al al! 6 yıldız!,1,1_3
kitap on numara beş yıldız yüzde yüz garanti kaçırma! 5 tane al!,1,1_15
kulaklık için rakip yok bütün ürünlerden üstün hemen al! 4 tane sipariş!,1,1_13
yastık çok hoşuma gitti; özellikle kullanım kolaylığı iyi. 6 gün denedim.,0,0_10
"telefon kalitesi orta, indirimde alınabilir. 2 günlük deneyimim bu.",0,0_7
"fare paketinde çizik vardı, iade talebi açtım. 1 gün bekledim.",0,0_1
havlu kötü paketlenmişti; ürün sağlam kaldı. 3 gün sonra teslim aldım.,0,0_19
süpürge efsane fırsat kaçırma en iyi ürün şimdi sipariş ver! 9 tane!,1,1_2
suluk için rakip yok bütün ürünlerden üstün hemen al! 2 tane sipariş!,1,1_13
ayakkabı hayatınız değişecek inanılmaz sonuç hemen satın al! 8 yıldız!,1,1_16
sandalye berbat berbat berbat asla almayın en kötü ürün! 1 sıfır yıldız!,1,1_10
süpürge şimdi satın al bugün fırsat son fırsat süper süper! 2 tane al!,1,1_19
tablet beklediğimden küçük geldi ama işimi görüyor. 1 gündür bende.,0,0_2
tablet hayatınız değişecek inanılmaz sonuç hemen satın al! 10 yıldız!,1,1_16
tencere beğenmeyen yok herkes alıyor hemen sen de al! 8 yıldız!,1,1_18
"kitap siparişim yanlış renk geldi, satıcı değişim yaptı. 6 gün bekledim.",0,0_15
kazak şahane şahane kesinlikle almalısınız rakipsiz kalite! 7 tane!,1,1_8
mont mükemmel kalite mükemmel fiyat mükemmel satıcı! 4 tane satın al!,1,1_6
"süpürge ilk gün iyiydi, sonra arıza yaptı. 1 gün sonra servise verdim.",0,0_6
yastık harika görünüyor ama bağlantı noktası gevşek. 6 gündür kullanıyorum.,0,0_11
"suluk tam istediğim gibi, tekrar alabilirim. 1 gün önce teslim edildi.",0,0_17
"kamera malzemesi iyi, fiyatı biraz yüksek. Teslimat 10 gün sürdü.",0,0_3
fare fiyatına göre güzel; kullanım kılavuzu eksik çıktı. 1 gün oldu.,0,0_13
klavye çok hoşuma gitti; özellikle kullanım kolaylığı iyi. 3 gün denedim.,0,0_10
şarj cihazı muhteşem efsane süper ürün herkese tavsiye al! 8 yıldız!,1,1_9
fare piyasadaki en iyi en ucuz kaçırılmaz hemen sipariş! 2 yıldız!,1,1_7
kazak piyasadaki en iyi en ucuz kaçırılmaz hemen sipariş! 7 yıldız!,1,1_7
"mont malzemesi iyi, fiyatı biraz yüksek. Teslimat 6 gün sürdü.",0,0_3
"çanta için satıcıya soru sordum, açıklayıcı cevap verdi. 4 gün kullandım.",0,0_5
"suluk malzemesi iyi, fiyatı biraz yüksek. Teslimat 3 gün sürdü.",0,0_3
ayakkabı kötü paketlenmişti; ürün sağlam kaldı. 10 gün sonra teslim aldım.,0,0_19
çanta şahane şahane kesinlikle almalısınız rakipsiz kalite! 2 tane!,1,1_8
"çaydanlık ilk gün iyiydi, sonra arıza yaptı. 1 gün sonra servise verdim.",0,0_6
mont beklediğimden küçük geldi ama işimi görüyor. 2 gündür bende.,0,0_2
"çaydanlık kalitesi orta, indirimde alınabilir. 4 günlük deneyimim bu.",0,0_7
"sandalye rengi beklediğim gibi değil, değişim istedim. 8 gün oldu.",0,0_8
süpürge için iade süreci sorunsuz ilerledi. Ücret 9 günde yattı.,0,0_14
kazak çok hoşuma gitti; özellikle kullanım kolaylığı iyi. 6 gün denedim.,0,0_10
tencere çok hoşuma gitti; özellikle kullanım kolaylığı iyi. 3 gün denedim.,0,0_10
çanta inanılmaz kusursuz muhteşem satıcı bir numara! 5 tane al!,1,1_4
tablet efsane fırsat kaçırma en iyi ürün şimdi sipariş ver! 1 tane!,1,1_2
klavye berbat berbat berbat asla almayın en kötü ürün! 8 sıfır yıldız!,1,1_10
çanta için rakip yok bütün ürünlerden üstün hemen al! 8 tane sipariş!,1,1_13
"hoparlör rengi beklediğim gibi değil, değişim istedim. 9 gün oldu.",0,0_8
"hoparlör kullanışlı çıktı, ambalajı özenliydi. 10 gündür sorun yaşamadım.",0,0_9
"yastık kalitesi orta, indirimde alınabilir. 10 günlük deneyimim bu.",0,0_7
sandalye hayatınız değişecek inanılmaz sonuç hemen satın al! 9 yıldız!,1,1_16
tencere mükemmel mükemmel herkese tavsiye hemen satın al! 7 yıldız!,1,1_1
saat için iade süreci sorunsuz ilerledi. Ücret 4 günde yattı.,0,0_14
sandalye kesinlikle uzak dur herkes başka markayı alsın! 5 kere söylüyorum!,1,1_11
telefon kesinlikle uzak dur herkes başka markayı alsın! 10 kere söylüyorum!,1,1_11
monitör kötü paketlenmişti; ürün sağlam kaldı. 9 gün sonra teslim aldım.,0,0_19
mont beklediğimden küçük geldi ama işimi görüyor. 4 gündür bende.,0,0_2
"kamera beklentimi karşıladı, tavsiye ederim. Kargo 1 günde geldi.",0,0_12
sandalye harika harika harika kesinlikle al 10 numara! 1 tane al!,1,1_0
"monitör fotoğraftakiyle aynı, kutu ezilmişti. 4 gün sonra ulaştı.",0,0_4
kamera mükemmel kalite mükemmel fiyat mükemmel satıcı! 9 tane satın al!,1,1_6
tencere için rakip yok bütün ürünlerden üstün hemen al! 10 tane sipariş!,1,1_13
kamera şimdi satın al bugün fırsat son fırsat süper süper! 4 tane al!,1,1_19
havlu beklediğimden küçük geldi ama işimi görüyor. 6 gündür bende.,0,0_2
yastık harika fırsat herkese öneriyorum hemen al pişman olmazsın! 6 yıldız!,1,1_5
kitap beğenmeyen yok herkes alıyor hemen sen de al! 1 yıldız!,1,1_18
"lamba beklentimi karşıladı, tavsiye ederim. Kargo 2 günde geldi.",0,0_12
tablet efsane fırsat kaçırma en iyi ürün şimdi sipariş ver! 2 tane!,1,1_2
hoparlör fiyatına göre güzel; kullanım kılavuzu eksik çıktı. 4 gün oldu.,0,0_13
"kulaklık tam istediğim gibi, tekrar alabilirim. 8 gün önce teslim edildi.",0,0_17
"suluk kalitesi orta, indirimde alınabilir. 7 günlük deneyimim bu.",0,0_7
süpürge on numara beş yıldız yüzde yüz garanti kaçırma! 2 tane al!,1,1_15
kazak mükemmel kalite mükemmel fiyat mükemmel satıcı! 9 tane satın al!,1,1_6
"kitap kullanışlı çıktı, ambalajı özenliydi. 3 gündür sorun yaşamadım.",0,0_9
klavye süper süper fiyat şahane düşünmeden al al al! 10 yıldız!,1,1_3
yastık hayatınız değişecek inanılmaz sonuç hemen satın al! 5 yıldız!,1,1_16
"tablet paketinde çizik vardı, iade talebi açtım. 1 gün bekledim.",0,0_1
"ayakkabı uzun kullanımda rahat değil, kısa süre için uygun. 1 gündür bende.",0,0_16
yastık fiyatına göre güzel; kullanım kılavuzu eksik çıktı. 10 gün oldu.,0,0_13
"süpürge kalitesi orta, indirimde alınabilir. 2 günlük deneyimim bu.",0,0_7
"monitör tam istediğim gibi, tekrar alabilirim. 1 gün önce teslim edildi.",0,0_17
monitör için rakip yok bütün ürünlerden üstün hemen al! 6 tane sipariş!,1,1_13
"kazak malzemesi iyi, fiyatı biraz yüksek. Teslimat 2 gün sürdü.",0,0_3
telefon çok hoşuma gitti; özellikle kullanım kolaylığı iyi. 10 gün denedim.,0,0_10
kamera piyasadaki en iyi en ucuz kaçırılmaz hemen sipariş! 6 yıldız!,1,1_7
ayakkabı dünyada bir numara kesin memnuniyet mükemmel! 4 tane sipariş ver!,1,1_17
"fare beklentimi karşıladı, tavsiye ederim. Kargo 3 günde geldi.",0,0_12
klavye berbat berbat berbat asla almayın en kötü ürün! 3 sıfır yıldız!,1,1_10
masa inanılmaz kusursuz muhteşem satıcı bir numara! 8 tane al!,1,1_4
"telefon gayet güzel, kargolama hızlıydı. 2 gündür kullanıyorum.",0,0_0
klavye harika fırsat herkese öneriyorum hemen al pişman olmazsın! 1 yıldız!,1,1_5
kazak beğenmeyen yok herkes alıyor hemen sen de al! 3 yıldız!,1,1_18
kulaklık piyasadaki en iyi en ucuz kaçırılmaz hemen sipariş! 10 yıldız!,1,1_7
süpürge harika harika harika kesinlikle al 10 numara! 10 tane al!,1,1_0
suluk kesinlikle uzak dur herkes başka markayı alsın! 9 kere söylüyorum!,1,1_11
"yastık tam istediğim gibi, tekrar alabilirim. 7 gün önce teslim edildi.",0,0_17
"termos kalitesi orta, indirimde alınabilir. 9 günlük deneyimim bu.",0,0_7
"havlu gayet güzel, kargolama hızlıydı. 6 gündür kullanıyorum.",0,0_0
kazak fiyatına göre güzel; kullanım kılavuzu eksik çıktı. 10 gün oldu.,0,0_13
lamba muhteşem efsane süper ürün herkese tavsiye al! 7 yıldız!,1,1_9
çaydanlık on numara beş yıldız yüzde yüz garanti kaçırma! 3 tane al!,1,1_15
"kulaklık rengi beklediğim gibi değil, değişim istedim. 9 gün oldu.",0,0_8
çaydanlık hakkında olumsuz yazanlara inanmayın kusursuz süper! 2 yıldız!,1,1_14
klavye muhteşem efsane süper ürün herkese tavsiye al! 3 yıldız!,1,1_9
kulaklık inanılmaz kusursuz muhteşem satıcı bir numara! 1 tane al!,1,1_4
"kazak ilk gün iyiydi, sonra arıza yaptı. 1 gün sonra servise verdim.",0,0_6
"kitap uzun kullanımda rahat değil, kısa süre için uygun. 2 gündür bende.",0,0_16
süpürge on numara beş yıldız yüzde yüz garanti kaçırma! 4 tane al!,1,1_15
"telefon beklentimi karşıladı, tavsiye ederim. Kargo 7 günde geldi.",0,0_12
"lamba siparişim yanlış renk geldi, satıcı değişim yaptı. 1 gün bekledim.",0,0_15
suluk muhteşem efsane süper ürün herkese tavsiye al! 10 yıldız!,1,1_9
kazak harika harika harika kesinlikle al 10 numara! 2 tane al!,1,1_0
masa berbat berbat berbat asla almayın en kötü ürün! 8 sıfır yıldız!,1,1_10
"kamera kullanışlı çıktı, ambalajı özenliydi. 10 gündür sorun yaşamadım.",0,0_9
mont için olumsuz yorumları okudum ama bende sorun çıkmadı. 9 gün kullandım.,0,0_18
"hoparlör kullanışlı çıktı, ambalajı özenliydi. 9 gündür sorun yaşamadım.",0,0_9
"suluk ilk gün iyiydi, sonra arıza yaptı. 4 gün sonra servise verdim.",0,0_6
"çanta beklentimi karşıladı, tavsiye ederim. Kargo 3 günde geldi.",0,0_12
"saat gayet güzel, kargolama hızlıydı. 6 gündür kullanıyorum.",0,0_0
tablet için iade süreci sorunsuz ilerledi. Ücret 2 günde yattı.,0,0_14
hoparlör şahane şahane kesinlikle almalısınız rakipsiz kalite! 8 tane!,1,1_8
süpürge beklediğimden küçük geldi ama işimi görüyor. 8 gündür bende.,0,0_2
monitör mükemmel kalite mükemmel fiyat mükemmel satıcı! 10 tane satın al!,1,1_6
kitap çok hoşuma gitti; özellikle kullanım kolaylığı iyi. 6 gün denedim.,0,0_10
"saat kullanışlı çıktı, ambalajı özenliydi. 3 gündür sorun yaşamadım.",0,0_9
"saat siparişim yanlış renk geldi, satıcı değişim yaptı. 1 gün bekledim.",0,0_15
saat beklediğimden küçük geldi ama işimi görüyor. 5 gündür bende.,0,0_2
ayakkabı fiyatına göre güzel; kullanım kılavuzu eksik çıktı. 5 gün oldu.,0,0_13
ayakkabı harika fırsat herkese öneriyorum hemen al pişman olmazsın! 8 yıldız!,1,1_5
"sandalye uzun kullanımda rahat değil, kısa süre için uygun. 6 gündür bende.",0,0_16
"klavye kalitesi orta, indirimde alınabilir. 9 günlük deneyimim bu.",0,0_7
havlu şahane şahane kesinlikle almalısınız rakipsiz kalite! 5 tane!,1,1_8
"yastık paketinde çizik vardı, iade talebi açtım. 2 gün bekledim.",0,0_1
telefon efsane fırsat kaçırma en iyi ürün şimdi sipariş ver! 6 tane!,1,1_2
"mont uzun kullanımda rahat değil, kısa süre için uygun. 3 gündür bende.",0,0_16
monitör harika fırsat herkese öneriyorum hemen al pişman olmazsın! 3 yıldız!,1,1_5
"lamba beklentimi karşıladı, tavsiye ederim. Kargo 5 günde geldi.",0,0_12
yastık için olumsuz yorumları okudum ama bende sorun çıkmadı. 3 gün kullandım.,0,0_18
lamba için rakip yok bütün ürünlerden üstün hemen al! 7 tane sipariş!,1,1_13
şarj cihazı on numara beş yıldız yüzde yüz garanti kaçırma! 7 tane al!,1,1_15
şarj cihazı çok hoşuma gitti; özellikle kullanım kolaylığı iyi. 1 gün denedim.,0,0_10
klavye muhteşem efsane süper ürün herkese tavsiye al! 4 yıldız!,1,1_9
termos fiyatına göre güzel; kullanım kılavuzu eksik çıktı. 10 gün oldu.,0,0_13
yastık piyasadaki en iyi en ucuz kaçırılmaz hemen sipariş! 6 yıldız!,1,1_7
hoparlör çok hoşuma gitti; özellikle kullanım kolaylığı iyi. 7 gün denedim.,0,0_10
"fare kalitesi orta, indirimde alınabilir. 10 günlük deneyimim bu.",0,0_7
yastık fiyatına göre güzel; kullanım kılavuzu eksik çıktı. 6 gün oldu.,0,0_13
şarj cihazı mükemmel mükemmel herkese tavsiye hemen satın al! 2 yıldız!,1,1_1
monitör harika fırsat herkese öneriyorum hemen al pişman olmazsın! 5 yıldız!,1,1_5
monitör süper süper fiyat şahane düşünmeden al al al! 10 yıldız!,1,1_3
çanta için olumsuz yorumları okudum ama bende sorun çıkmadı. 10 gün kullandım.,0,0_18
"ayakkabı paketinde çizik vardı, iade talebi açtım. 10 gün bekledim.",0,0_1
"masa için satıcıya soru sordum, açıklayıcı cevap verdi. 7 gün kullandım.",0,0_5
klavye için rakip yok bütün ürünlerden üstün hemen al! 10 tane sipariş!,1,1_13
"hoparlör beklentimi karşıladı, tavsiye ederim. Kargo 8 günde geldi.",0,0_12
tablet rezalet rezalet para tuzağı sakın satın alma! 9 sıfır puan!,1,1_12
"mont siparişim yanlış renk geldi, satıcı değişim yaptı. 5 gün bekledim.",0,0_15
sandalye hayatınız değişecek inanılmaz sonuç hemen satın al! 8 yıldız!,1,1_16
"kulaklık rengi beklediğim gibi değil, değişim istedim. 4 gün oldu.",0,0_8
sandalye hakkında olumsuz yazanlara inanmayın kusursuz süper! 1 yıldız!,1,1_14
"mont paketinde çizik vardı, iade talebi açtım. 1 gün bekledim.",0,0_1
"çanta gayet güzel, kargolama hızlıydı. 2 gündür kullanıyorum.",0,0_0
"çaydanlık uzun kullanımda rahat değil, kısa süre için uygun. 9 gündür bende.",0,0_16
saat inanılmaz kusursuz muhteşem satıcı bir numara! 9 tane al!,1,1_4
"şarj cihazı kalitesi orta, indirimde alınabilir. 2 günlük deneyimim bu.",0,0_7
"havlu malzemesi iyi, fiyatı biraz yüksek. Teslimat 5 gün sürdü.",0,0_3
kamera berbat berbat berbat asla almayın en kötü ürün! 6 sıfır yıldız!,1,1_10
çanta efsane fırsat kaçırma en iyi ürün şimdi sipariş ver! 3 tane!,1,1_2
süpürge için olumsuz yorumları okudum ama bende sorun çıkmadı. 2 gün kullandım.,0,0_18
tablet hakkında olumsuz yazanlara inanmayın kusursuz süper! 6 yıldız!,1,1_14
"fare rengi beklediğim gibi değil, değişim istedim. 10 gün oldu.",0,0_8
hoparlör hakkında olumsuz yazanlara inanmayın kusursuz süper! 2 yıldız!,1,1_14
"telefon beklentimi karşıladı, tavsiye ederim. Kargo 3 günde geldi.",0,0_12
klavye harika fırsat herkese öneriyorum hemen al pişman olmazsın! 10 yıldız!,1,1_5
kazak hakkında olumsuz yazanlara inanmayın kusursuz süper! 2 yıldız!,1,1_14
hoparlör piyasadaki en iyi en ucuz kaçırılmaz hemen sipariş! 1 yıldız!,1,1_7
"süpürge paketinde çizik vardı, iade talebi açtım. 5 gün bekledim.",0,0_1
kamera on numara beş yıldız yüzde yüz garanti kaçırma! 7 tane al!,1,1_15
süpürge mükemmel kalite mükemmel fiyat mükemmel satıcı! 7 tane satın al!,1,1_6
fare beğenmeyen yok herkes alıyor hemen sen de al! 10 yıldız!,1,1_18
"saat uzun kullanımda rahat değil, kısa süre için uygun. 5 gündür bende.",0,0_16
hoparlör beklediğimden küçük geldi ama işimi görüyor. 2 gündür bende.,0,0_2
suluk harika harika harika kesinlikle al 10 numara! 1 tane al!,1,1_0
sandalye için olumsuz yorumları okudum ama bende sorun çıkmadı. 4 gün kullandım.,0,0_18
fare süper süper fiyat şahane düşünmeden al al al! 6 yıldız!,1,1_3
"termos rengi beklediğim gibi değil, değişim istedim. 5 gün oldu.",0,0_8
çanta beklediğimden küçük geldi ama işimi görüyor. 4 gündür bende.,0,0_2
hoparlör beğenmeyen yok herkes alıyor hemen sen de al! 10 yıldız!,1,1_18
"sandalye rengi beklediğim gibi değil, değişim istedim. 9 gün oldu.",0,0_8
süpürge harika fırsat herkese öneriyorum hemen al pişman olmazsın! 10 yıldız!,1,1_5
kitap kesinlikle uzak dur herkes başka markayı alsın! 10 kere söylüyorum!,1,1_11
"tablet gayet güzel, kargolama hızlıydı. 1 gündür kullanıyorum.",0,0_0
saat harika fırsat herkese öneriyorum hemen al pişman olmazsın! 10 yıldız!,1,1_5
"masa malzemesi iyi, fiyatı biraz yüksek. Teslimat 8 gün sürdü.",0,0_3
kulaklık inanılmaz kusursuz muhteşem satıcı bir numara! 5 tane al!,1,1_4
mont mükemmel kalite mükemmel fiyat mükemmel satıcı! 8 tane satın al!,1,1_6
kazak mükemmel kalite mükemmel fiyat mükemmel satıcı! 6 tane satın al!,1,1_6
hoparlör mükemmel kalite mükemmel fiyat mükemmel satıcı! 3 tane satın al!,1,1_6
kitap mükemmel kalite mükemmel fiyat mükemmel satıcı! 2 tane satın al!,1,1_6
"mont için satıcıya soru sordum, açıklayıcı cevap verdi. 8 gün kullandım.",0,0_5
"şarj cihazı rengi beklediğim gibi değil, değişim istedim. 4 gün oldu.",0,0_8
termos süper süper fiyat şahane düşünmeden al al al! 5 yıldız!,1,1_3
"kamera uzun kullanımda rahat değil, kısa süre için uygun. 8 gündür bende.",0,0_16
"ayakkabı tam istediğim gibi, tekrar alabilirim. 5 gün önce teslim edildi.",0,0_17
monitör harika görünüyor ama bağlantı noktası gevşek. 1 gündür kullanıyorum.,0,0_11
masa hayatınız değişecek inanılmaz sonuç hemen satın al! 9 yıldız!,1,1_16
"monitör için satıcıya soru sordum, açıklayıcı cevap verdi. 3 gün kullandım.",0,0_5
"monitör gayet güzel, kargolama hızlıydı. 3 gündür kullanıyorum.",0,0_0
kitap berbat berbat berbat asla almayın en kötü ürün! 8 sıfır yıldız!,1,1_10
hoparlör kesinlikle uzak dur herkes başka markayı alsın! 3 kere söylüyorum!,1,1_11
kitap süper süper fiyat şahane düşünmeden al al al! 10 yıldız!,1,1_3
"kazak gayet güzel, kargolama hızlıydı. 4 gündür kullanıyorum.",0,0_0
"sandalye malzemesi iyi, fiyatı biraz yüksek. Teslimat 9 gün sürdü.",0,0_3
ayakkabı için rakip yok bütün ürünlerden üstün hemen al! 4 tane sipariş!,1,1_13
saat inanılmaz kusursuz muhteşem satıcı bir numara! 8 tane al!,1,1_4
suluk mükemmel mükemmel herkese tavsiye hemen satın al! 1 yıldız!,1,1_1
klavye inanılmaz kusursuz muhteşem satıcı bir numara! 6 tane al!,1,1_4
şarj cihazı hakkında olumsuz yazanlara inanmayın kusursuz süper! 7 yıldız!,1,1_14
ayakkabı çok hoşuma gitti; özellikle kullanım kolaylığı iyi. 4 gün denedim.,0,0_10
"süpürge paketinde çizik vardı, iade talebi açtım. 1 gün bekledim.",0,0_1
kamera kötü paketlenmişti; ürün sağlam kaldı. 8 gün sonra teslim aldım.,0,0_19
telefon harika harika harika kesinlikle al 10 numara! 6 tane al!,1,1_0
suluk berbat berbat berbat asla almayın en kötü ürün! 2 sıfır yıldız!,1,1_10
ayakkabı beğenmeyen yok herkes alıyor hemen sen de al! 6 yıldız!,1,1_18
mont on numara beş yıldız yüzde yüz garanti kaçırma! 3 tane al!,1,1_15
süpürge beklediğimden küçük geldi ama işimi görüyor. 7 gündür bende.,0,0_2
tablet hakkında olumsuz yazanlara inanmayın kusursuz süper! 10 yıldız!,1,1_14
sandalye hakkında olumsuz yazanlara inanmayın kusursuz süper! 7 yıldız!,1,1_14
çanta piyasadaki en iyi en ucuz kaçırılmaz hemen sipariş! 9 yıldız!,1,1_7
sandalye süper süper fiyat şahane düşünmeden al al al! 10 yıldız!,1,1_3
fare için iade süreci sorunsuz ilerledi. Ücret 4 günde yattı.,0,0_14
sandalye efsane fırsat kaçırma en iyi ürün şimdi sipariş ver! 4 tane!,1,1_2
kitap çok hoşuma gitti; özellikle kullanım kolaylığı iyi. 1 gün denedim.,0,0_10
kitap beklediğimden küçük geldi ama işimi görüyor. 2 gündür bende.,0,0_2
telefon mükemmel mükemmel herkese tavsiye hemen satın al! 9 yıldız!,1,1_1
klavye efsane fırsat kaçırma en iyi ürün şimdi sipariş ver! 10 tane!,1,1_2
kamera şahane şahane kesinlikle almalısınız rakipsiz kalite! 6 tane!,1,1_8
şarj cihazı şimdi satın al bugün fırsat son fırsat süper süper! 10 tane al!,1,1_19
havlu harika harika harika kesinlikle al 10 numara! 7 tane al!,1,1_0
lamba kötü paketlenmişti; ürün sağlam kaldı. 5 gün sonra teslim aldım.,0,0_19
"süpürge beklentimi karşıladı, tavsiye ederim. Kargo 1 günde geldi.",0,0_12
tencere çok hoşuma gitti; özellikle kullanım kolaylığı iyi. 7 gün denedim.,0,0_10
"suluk tam istediğim gibi, tekrar alabilirim. 5 gün önce teslim edildi.",0,0_17
"çanta için satıcıya soru sordum, açıklayıcı cevap verdi. 3 gün kullandım.",0,0_5
mont muhteşem efsane süper ürün herkese tavsiye al! 10 yıldız!,1,1_9
"yastık uzun kullanımda rahat değil, kısa süre için uygun. 9 gündür bende.",0,0_16
kulaklık muhteşem efsane süper ürün herkese tavsiye al! 1 yıldız!,1,1_9
telefon hakkında olumsuz yazanlara inanmayın kusursuz süper! 10 yıldız!,1,1_14
yastık beklediğimden küçük geldi ama işimi görüyor. 5 gündür bende.,0,0_2
havlu için rakip yok bütün ürünlerden üstün hemen al! 5 tane sipariş!,1,1_13
"kulaklık için satıcıya soru sordum, açıklayıcı cevap verdi. 1 gün kullandım.",0,0_5
sandalye harika fırsat herkese öneriyorum hemen al pişman olmazsın! 3 yıldız!,1,1_5
monitör hayatınız değişecek inanılmaz sonuç hemen satın al! 4 yıldız!,1,1_16
"suluk tam istediğim gibi, tekrar alabilirim. 6 gün önce teslim edildi.",0,0_17
tablet harika harika harika kesinlikle al 10 numara! 8 tane al!,1,1_0
kitap mükemmel kalite mükemmel fiyat mükemmel satıcı! 3 tane satın al!,1,1_6
çanta berbat berbat berbat asla almayın en kötü ürün! 5 sıfır yıldız!,1,1_10
tablet efsane fırsat kaçırma en iyi ürün şimdi sipariş ver! 10 tane!,1,1_2
masa fiyatına göre güzel; kullanım kılavuzu eksik çıktı. 10 gün oldu.,0,0_13
hoparlör berbat berbat berbat asla almayın en kötü ürün! 9 sıfır yıldız!,1,1_10
klavye hayatınız değişecek inanılmaz sonuç hemen satın al! 3 yıldız!,1,1_16
"kazak uzun kullanımda rahat değil, kısa süre için uygun. 5 gündür bende.",0,0_16
fare süper süper fiyat şahane düşünmeden al al al! 8 yıldız!,1,1_3
suluk harika harika harika kesinlikle al 10 numara! 10 tane al!,1,1_0
"monitör kullanışlı çıktı, ambalajı özenliydi. 7 gündür sorun yaşamadım.",0,0_9
süpürge piyasadaki en iyi en ucuz kaçırılmaz hemen sipariş! 1 yıldız!,1,1_7
telefon fiyatına göre güzel; kullanım kılavuzu eksik çıktı. 1 gün oldu.,0,0_13
ayakkabı için rakip yok bütün ürünlerden üstün hemen al! 5 tane sipariş!,1,1_13
"klavye paketinde çizik vardı, iade talebi açtım. 7 gün bekledim.",0,0_1
"telefon kalitesi orta, indirimde alınabilir. 8 günlük deneyimim bu.",0,0_7
telefon hakkında olumsuz yazanlara inanmayın kusursuz süper! 3 yıldız!,1,1_14
"mont gayet güzel, kargolama hızlıydı. 3 gündür kullanıyorum.",0,0_0
lamba beklediğimden küçük geldi ama işimi görüyor. 4 gündür bende.,0,0_2
saat kötü paketlenmişti; ürün sağlam kaldı. 2 gün sonra teslim aldım.,0,0_19
çaydanlık şimdi satın al bugün fırsat son fırsat süper süper! 1 tane al!,1,1_19
monitör beklediğimden küçük geldi ama işimi görüyor. 8 gündür bende.,0,0_2
saat harika fırsat herkese öneriyorum hemen al pişman olmazsın! 1 yıldız!,1,1_5
"kazak siparişim yanlış renk geldi, satıcı değişim yaptı. 9 gün bekledim.",0,0_15
sandalye on numara beş yıldız yüzde yüz garanti kaçırma! 1 tane al!,1,1_15
"çaydanlık için satıcıya soru sordum, açıklayıcı cevap verdi. 6 gün kullandım.",0,0_5
monitör efsane fırsat kaçırma en iyi ürün şimdi sipariş ver! 5 tane!,1,1_2
havlu mükemmel kalite mükemmel fiyat mükemmel satıcı! 3 tane satın al!,1,1_6
tablet harika görünüyor ama bağlantı noktası gevşek. 4 gündür kullanıyorum.,0,0_11
havlu fiyatına göre güzel; kullanım kılavuzu eksik çıktı. 8 gün oldu.,0,0_13
termos için olumsuz yorumları okudum ama bende sorun çıkmadı. 7 gün kullandım.,0,0_18
"çaydanlık beklentimi karşıladı, tavsiye ederim. Kargo 9 günde geldi.",0,0_12
"fare fotoğraftakiyle aynı, kutu ezilmişti. 2 gün sonra ulaştı.",0,0_4
monitör çok hoşuma gitti; özellikle kullanım kolaylığı iyi. 3 gün denedim.,0,0_10
kitap şahane şahane kesinlikle almalısınız rakipsiz kalite! 10 tane!,1,1_8
"monitör gayet güzel, kargolama hızlıydı. 9 gündür kullanıyorum.",0,0_0
"klavye tam istediğim gibi, tekrar alabilirim. 8 gün önce teslim edildi.",0,0_17
fare beklediğimden küçük geldi ama işimi görüyor. 2 gündür bende.,0,0_2
ayakkabı berbat berbat berbat asla almayın en kötü ürün! 6 sıfır yıldız!,1,1_10
yastık muhteşem efsane süper ürün herkese tavsiye al! 7 yıldız!,1,1_9
kulaklık şimdi satın al bugün fırsat son fırsat süper süper! 10 tane al!,1,1_19
kulaklık şimdi satın al bugün fırsat son fırsat süper süper! 8 tane al!,1,1_19
"tencere malzemesi iyi, fiyatı biraz yüksek. Teslimat 4 gün sürdü.",0,0_3
"çaydanlık beklentimi karşıladı, tavsiye ederim. Kargo 2 günde geldi.",0,0_12
kamera mükemmel kalite mükemmel fiyat mükemmel satıcı! 7 tane satın al!,1,1_6
suluk muhteşem efsane süper ürün herkese tavsiye al! 4 yıldız!,1,1_9
tencere harika fırsat herkese öneriyorum hemen al pişman olmazsın! 1 yıldız!,1,1_5
"havlu paketinde çizik vardı, iade talebi açtım. 8 gün bekledim.",0,0_1
kitap mükemmel mükemmel herkese tavsiye hemen satın al! 4 yıldız!,1,1_1
"tencere kullanışlı çıktı, ambalajı özenliydi. 2 gündür sorun yaşamadım.",0,0_9
"süpürge beklentimi karşıladı, tavsiye ederim. Kargo 10 günde geldi.",0,0_12
süpürge için rakip yok bütün ürünlerden üstün hemen al! 10 tane sipariş!,1,1_13
ayakkabı şimdi satın al bugün fırsat son fırsat süper süper! 3 tane al!,1,1_19
"tencere uzun kullanımda rahat değil, kısa süre için uygun. 5 gündür bende.",0,0_16
sandalye kötü paketlenmişti; ürün sağlam kaldı. 2 gün sonra teslim aldım.,0,0_19
"tablet uzun kullanımda rahat değil, kısa süre için uygun. 2 gündür bende.",0,0_16
"yastık ilk gün iyiydi, sonra arıza yaptı. 4 gün sonra servise verdim.",0,0_6
klavye hakkında olumsuz yazanlara inanmayın kusursuz süper! 4 yıldız!,1,1_14
suluk mükemmel mükemmel herkese tavsiye hemen satın al! 4 yıldız!,1,1_1
"masa gayet güzel, kargolama hızlıydı. 10 gündür kullanıyorum.",0,0_0
suluk piyasadaki en iyi en ucuz kaçırılmaz hemen sipariş! 9 yıldız!,1,1_7
yastık dünyada bir numara kesin memnuniyet mükemmel! 4 tane sipariş ver!,1,1_17
"fare kullanışlı çıktı, ambalajı özenliydi. 5 gündür sorun yaşamadım.",0,0_9
sandalye kötü paketlenmişti; ürün sağlam kaldı. 8 gün sonra teslim aldım.,0,0_19
kulaklık rezalet rezalet para tuzağı sakın satın alma! 8 sıfır puan!,1,1_12
havlu beğenmeyen yok herkes alıyor hemen sen de al! 1 yıldız!,1,1_18
tencere kötü paketlenmişti; ürün sağlam kaldı. 4 gün sonra teslim aldım.,0,0_19
suluk beğenmeyen yok herkes alıyor hemen sen de al! 5 yıldız!,1,1_18
tablet berbat berbat berbat asla almayın en kötü ürün! 7 sıfır yıldız!,1,1_10
havlu beklediğimden küçük geldi ama işimi görüyor. 1 gündür bende.,0,0_2
termos hayatınız değişecek inanılmaz sonuç hemen satın al! 6 yıldız!,1,1_16
"telefon kullanışlı çıktı, ambalajı özenliydi. 9 gündür sorun yaşamadım.",0,0_9
"çanta rengi beklediğim gibi değil, değişim istedim. 10 gün oldu.",0,0_8
saat rezalet rezalet para tuzağı sakın satın alma! 5 sıfır puan!,1,1_12
havlu şahane şahane kesinlikle almalısınız rakipsiz kalite! 3 tane!,1,1_8
telefon için iade süreci sorunsuz ilerledi. Ücret 8 günde yattı.,0,0_14
şarj cihazı harika görünüyor ama bağlantı noktası gevşek. 10 gündür kullanıyorum.,0,0_11
tablet mükemmel kalite mükemmel fiyat mükemmel satıcı! 1 tane satın al!,1,1_6
kamera süper süper fiyat şahane düşünmeden al al al! 1 yıldız!,1,1_3
klavye kötü paketlenmişti; ürün sağlam kaldı. 10 gün sonra teslim aldım.,0,0_19
"kulaklık fotoğraftakiyle aynı, kutu ezilmişti. 9 gün sonra ulaştı.",0,0_4
çaydanlık inanılmaz kusursuz muhteşem satıcı bir numara! 5 tane al!,1,1_4
masa için rakip yok bütün ürünlerden üstün hemen al! 10 tane sipariş!,1,1_13
mont kesinlikle uzak dur herkes başka markayı alsın! 3 kere söylüyorum!,1,1_11
kulaklık kesinlikle uzak dur herkes başka markayı alsın! 6 kere söylüyorum!,1,1_11
çanta berbat berbat berbat asla almayın en kötü ürün! 1 sıfır yıldız!,1,1_10
şarj cihazı için iade süreci sorunsuz ilerledi. Ücret 5 günde yattı.,0,0_14
şarj cihazı efsane fırsat kaçırma en iyi ürün şimdi sipariş ver! 5 tane!,1,1_2
kitap harika harika harika kesinlikle al 10 numara! 7 tane al!,1,1_0
şarj cihazı fiyatına göre güzel; kullanım kılavuzu eksik çıktı. 3 gün oldu.,0,0_13
saat dünyada bir numara kesin memnuniyet mükemmel! 1 tane sipariş ver!,1,1_17
şarj cihazı inanılmaz kusursuz muhteşem satıcı bir numara! 10 tane al!,1,1_4
suluk harika harika harika kesinlikle al 10 numara! 6 tane al!,1,1_0
"tablet ilk gün iyiydi, sonra arıza yaptı. 6 gün sonra servise verdim.",0,0_6
şarj cihazı muhteşem efsane süper ürün herkese tavsiye al! 5 yıldız!,1,1_9
şarj cihazı harika görünüyor ama bağlantı noktası gevşek. 7 gündür kullanıyorum.,0,0_11
kazak için iade süreci sorunsuz ilerledi. Ücret 6 günde yattı.,0,0_14
"monitör için satıcıya soru sordum, açıklayıcı cevap verdi. 5 gün kullandım.",0,0_5
lamba mükemmel kalite mükemmel fiyat mükemmel satıcı! 1 tane satın al!,1,1_6
tablet dünyada bir numara kesin memnuniyet mükemmel! 9 tane sipariş ver!,1,1_17
"saat gayet güzel, kargolama hızlıydı. 10 gündür kullanıyorum.",0,0_0
mont için olumsuz yorumları okudum ama bende sorun çıkmadı. 5 gün kullandım.,0,0_18
tencere beğenmeyen yok herkes alıyor hemen sen de al! 9 yıldız!,1,1_18
saat beklediğimden küçük geldi ama işimi görüyor. 1 gündür bende.,0,0_2
"tencere fotoğraftakiyle aynı, kutu ezilmişti. 1 gün sonra ulaştı.",0,0_4
kazak piyasadaki en iyi en ucuz kaçırılmaz hemen sipariş! 9 yıldız!,1,1_7
kazak berbat berbat berbat asla almayın en kötü ürün! 3 sıfır yıldız!,1,1_10
"monitör fotoğraftakiyle aynı, kutu ezilmişti. 1 gün sonra ulaştı.",0,0_4
çaydanlık inanılmaz kusursuz muhteşem satıcı bir numara! 10 tane al!,1,1_4
termos hakkında olumsuz yazanlara inanmayın kusursuz süper! 5 yıldız!,1,1_14
"hoparlör beklentimi karşıladı, tavsiye ederim. Kargo 6 günde geldi.",0,0_12
"şarj cihazı fotoğraftakiyle aynı, kutu ezilmişti. 4 gün sonra ulaştı.",0,0_4
yastık şahane şahane kesinlikle almalısınız rakipsiz kalite! 2 tane!,1,1_8
"telefon beklentimi karşıladı, tavsiye ederim. Kargo 2 günde geldi.",0,0_12
saat çok hoşuma gitti; özellikle kullanım kolaylığı iyi. 7 gün denedim.,0,0_10
lamba dünyada bir numara kesin memnuniyet mükemmel! 4 tane sipariş ver!,1,1_17
"fare malzemesi iyi, fiyatı biraz yüksek. Teslimat 10 gün sürdü.",0,0_3
kamera süper süper fiyat şahane düşünmeden al al al! 7 yıldız!,1,1_3
kamera beklediğimden küçük geldi ama işimi görüyor. 2 gündür bende.,0,0_2
telefon dünyada bir numara kesin memnuniyet mükemmel! 4 tane sipariş ver!,1,1_17
"şarj cihazı kalitesi orta, indirimde alınabilir. 6 günlük deneyimim bu.",0,0_7
fare beklediğimden küçük geldi ama işimi görüyor. 1 gündür bende.,0,0_2
"çaydanlık siparişim yanlış renk geldi, satıcı değişim yaptı. 4 gün bekledim.",0,0_15
"fare fotoğraftakiyle aynı, kutu ezilmişti. 3 gün sonra ulaştı.",0,0_4
yastık efsane fırsat kaçırma en iyi ürün şimdi sipariş ver! 6 tane!,1,1_2
süpürge fiyatına göre güzel; kullanım kılavuzu eksik çıktı. 10 gün oldu.,0,0_13
"kamera malzemesi iyi, fiyatı biraz yüksek. Teslimat 8 gün sürdü.",0,0_3
saat harika görünüyor ama bağlantı noktası gevşek. 5 gündür kullanıyorum.,0,0_11
çanta on numara beş yıldız yüzde yüz garanti kaçırma! 5 tane al!,1,1_15
kazak için rakip yok bütün ürünlerden üstün hemen al! 7 tane sipariş!,1,1_13
"klavye gayet güzel, kargolama hızlıydı. 7 gündür kullanıyorum.",0,0_0
suluk için iade süreci sorunsuz ilerledi. Ücret 6 günde yattı.,0,0_14
klavye efsane fırsat kaçırma en iyi ürün şimdi sipariş ver! 1 tane!,1,1_2
"kulaklık tam istediğim gibi, tekrar alabilirim. 6 gün önce teslim edildi.",0,0_17
"kazak kalitesi orta, indirimde alınabilir. 3 günlük deneyimim bu.",0,0_7
lamba rezalet rezalet para tuzağı sakın satın alma! 4 sıfır puan!,1,1_12
hoparlör mükemmel kalite mükemmel fiyat mükemmel satıcı! 1 tane satın al!,1,1_6
hoparlör beklediğimden küçük geldi ama işimi görüyor. 9 gündür bende.,0,0_2
tencere için rakip yok bütün ürünlerden üstün hemen al! 9 tane sipariş!,1,1_13
"tablet ilk gün iyiydi, sonra arıza yaptı. 9 gün sonra servise verdim.",0,0_6
"kulaklık gayet güzel, kargolama hızlıydı. 9 gündür kullanıyorum.",0,0_0
"çanta malzemesi iyi, fiyatı biraz yüksek. Teslimat 10 gün sürdü.",0,0_3
çanta dünyada bir numara kesin memnuniyet mükemmel! 6 tane sipariş ver!,1,1_17
tablet beklediğimden küçük geldi ama işimi görüyor. 8 gündür bende.,0,0_2
mont mükemmel mükemmel herkese tavsiye hemen satın al! 10 yıldız!,1,1_1
telefon için iade süreci sorunsuz ilerledi. Ücret 7 günde yattı.,0,0_14
telefon berbat berbat berbat asla almayın en kötü ürün! 3 sıfır yıldız!,1,1_10
yastık inanılmaz kusursuz muhteşem satıcı bir numara! 7 tane al!,1,1_4
sandalye efsane fırsat kaçırma en iyi ürün şimdi sipariş ver! 10 tane!,1,1_2
monitör şimdi satın al bugün fırsat son fırsat süper süper! 4 tane al!,1,1_19
kulaklık çok hoşuma gitti; özellikle kullanım kolaylığı iyi. 3 gün denedim.,0,0_10
şarj cihazı harika harika harika kesinlikle al 10 numara! 5 tane al!,1,1_0
"tablet beklentimi karşıladı, tavsiye ederim. Kargo 7 günde geldi.",0,0_12
lamba için rakip yok bütün ürünlerden üstün hemen al! 2 tane sipariş!,1,1_13
"kazak için satıcıya soru sordum, açıklayıcı cevap verdi. 6 gün kullandım.",0,0_5
saat mükemmel mükemmel herkese tavsiye hemen satın al! 6 yıldız!,1,1_1
havlu mükemmel mükemmel herkese tavsiye hemen satın al! 4 yıldız!,1,1_1
"kitap beklentimi karşıladı, tavsiye ederim. Kargo 7 günde geldi.",0,0_12
tencere beklediğimden küçük geldi ama işimi görüyor. 6 gündür bende.,0,0_2
"lamba rengi beklediğim gibi değil, değişim istedim. 2 gün oldu.",0,0_8
süpürge harika görünüyor ama bağlantı noktası gevşek. 3 gündür kullanıyorum.,0,0_11
monitör muhteşem efsane süper ürün herkese tavsiye al! 2 yıldız!,1,1_9
"telefon malzemesi iyi, fiyatı biraz yüksek. Teslimat 5 gün sürdü.",0,0_3
"tablet rengi beklediğim gibi değil, değişim istedim. 5 gün oldu.",0,0_8
"lamba için satıcıya soru sordum, açıklayıcı cevap verdi. 3 gün kullandım.",0,0_5
tablet muhteşem efsane süper ürün herkese tavsiye al! 10 yıldız!,1,1_9
klavye mükemmel mükemmel herkese tavsiye hemen satın al! 5 yıldız!,1,1_1
suluk berbat berbat berbat asla almayın en kötü ürün! 1 sıfır yıldız!,1,1_10
suluk efsane fırsat kaçırma en iyi ürün şimdi sipariş ver! 1 tane!,1,1_2
telefon hakkında olumsuz yazanlara inanmayın kusursuz süper! 7 yıldız!,1,1_14
kulaklık için iade süreci sorunsuz ilerledi. Ücret 5 günde yattı.,0,0_14
"kulaklık gayet güzel, kargolama hızlıydı. 6 gündür kullanıyorum.",0,0_0
kamera için iade süreci sorunsuz ilerledi. Ücret 10 günde yattı.,0,0_14
havlu hayatınız değişecek inanılmaz sonuç hemen satın al! 4 yıldız!,1,1_16
"kitap için satıcıya soru sordum, açıklayıcı cevap verdi. 5 gün kullandım.",0,0_5
"telefon fotoğraftakiyle aynı, kutu ezilmişti. 8 gün sonra ulaştı.",0,0_4
"hoparlör gayet güzel, kargolama hızlıydı. 4 gündür kullanıyorum.",0,0_0
"telefon siparişim yanlış renk geldi, satıcı değişim yaptı. 5 gün bekledim.",0,0_15
mont şahane şahane kesinlikle almalısınız rakipsiz kalite! 7 tane!,1,1_8
termos hakkında olumsuz yazanlara inanmayın kusursuz süper! 1 yıldız!,1,1_14
ayakkabı dünyada bir numara kesin memnuniyet mükemmel! 1 tane sipariş ver!,1,1_17
"şarj cihazı paketinde çizik vardı, iade talebi açtım. 7 gün bekledim.",0,0_1
"suluk paketinde çizik vardı, iade talebi açtım. 7 gün bekledim.",0,0_1
tablet inanılmaz kusursuz muhteşem satıcı bir numara! 5 tane al!,1,1_4
monitör efsane fırsat kaçırma en iyi ürün şimdi sipariş ver! 2 tane!,1,1_2
suluk hakkında olumsuz yazanlara inanmayın kusursuz süper! 2 yıldız!,1,1_14
süpürge harika fırsat herkese öneriyorum hemen al pişman olmazsın! 8 yıldız!,1,1_5
"sandalye siparişim yanlış renk geldi, satıcı değişim yaptı. 6 gün bekledim.",0,0_15
hoparlör için olumsuz yorumları okudum ama bende sorun çıkmadı. 8 gün kullandım.,0,0_18
"saat fotoğraftakiyle aynı, kutu ezilmişti. 10 gün sonra ulaştı.",0,0_4
kamera için olumsuz yorumları okudum ama bende sorun çıkmadı. 5 gün kullandım.,0,0_18
"kamera tam istediğim gibi, tekrar alabilirim. 4 gün önce teslim edildi.",0,0_17
telefon harika görünüyor ama bağlantı noktası gevşek. 7 gündür kullanıyorum.,0,0_11
"klavye kullanışlı çıktı, ambalajı özenliydi. 4 gündür sorun yaşamadım.",0,0_9
suluk çok hoşuma gitti; özellikle kullanım kolaylığı iyi. 5 gün denedim.,0,0_10
monitör berbat berbat berbat asla almayın en kötü ürün! 3 sıfır yıldız!,1,1_10
"lamba uzun kullanımda rahat değil, kısa süre için uygun. 3 gündür bende.",0,0_16
ayakkabı için rakip yok bütün ürünlerden üstün hemen al! 7 tane sipariş!,1,1_13
telefon için iade süreci sorunsuz ilerledi. Ücret 10 günde yattı.,0,0_14
"ayakkabı kalitesi orta, indirimde alınabilir. 5 günlük deneyimim bu.",0,0_7
kazak şimdi satın al bugün fırsat son fırsat süper süper! 6 tane al!,1,1_19
"şarj cihazı tam istediğim gibi, tekrar alabilirim. 9 gün önce teslim edildi.",0,0_17
sandalye piyasadaki en iyi en ucuz kaçırılmaz hemen sipariş! 4 yıldız!,1,1_7
lamba şahane şahane kesinlikle almalısınız rakipsiz kalite! 9 tane!,1,1_8
yastık harika görünüyor ama bağlantı noktası gevşek. 5 gündür kullanıyorum.,0,0_11
masa efsane fırsat kaçırma en iyi ürün şimdi sipariş ver! 3 tane!,1,1_2
yastık berbat berbat berbat asla almayın en kötü ürün! 8 sıfır yıldız!,1,1_10
süpürge harika harika harika kesinlikle al 10 numara! 1 tane al!,1,1_0
"kulaklık siparişim yanlış renk geldi, satıcı değişim yaptı. 6 gün bekledim.",0,0_15
kamera süper süper fiyat şahane düşünmeden al al al! 8 yıldız!,1,1_3
"telefon malzemesi iyi, fiyatı biraz yüksek. Teslimat 4 gün sürdü.",0,0_3
klavye muhteşem efsane süper ürün herkese tavsiye al! 9 yıldız!,1,1_9
monitör harika fırsat herkese öneriyorum hemen al pişman olmazsın! 2 yıldız!,1,1_5
"çanta gayet güzel, kargolama hızlıydı. 1 gündür kullanıyorum.",0,0_0
telefon kötü paketlenmişti; ürün sağlam kaldı. 8 gün sonra teslim aldım.,0,0_19
yastık çok hoşuma gitti; özellikle kullanım kolaylığı iyi. 2 gün denedim.,0,0_10
"tablet siparişim yanlış renk geldi, satıcı değişim yaptı. 9 gün bekledim.",0,0_15
sandalye için iade süreci sorunsuz ilerledi. Ücret 5 günde yattı.,0,0_14
"çanta beklentimi karşıladı, tavsiye ederim. Kargo 4 günde geldi.",0,0_12
havlu efsane fırsat kaçırma en iyi ürün şimdi sipariş ver! 2 tane!,1,1_2
"çanta kullanışlı çıktı, ambalajı özenliydi. 10 gündür sorun yaşamadım.",0,0_9
süpürge için rakip yok bütün ürünlerden üstün hemen al! 6 tane sipariş!,1,1_13
saat rezalet rezalet para tuzağı sakın satın alma! 6 sıfır puan!,1,1_12
lamba fiyatına göre güzel; kullanım kılavuzu eksik çıktı. 1 gün oldu.,0,0_13
fare şahane şahane kesinlikle almalısınız rakipsiz kalite! 7 tane!,1,1_8
kitap harika fırsat herkese öneriyorum hemen al pişman olmazsın! 9 yıldız!,1,1_5
kulaklık mükemmel kalite mükemmel fiyat mükemmel satıcı! 10 tane satın al!,1,1_6
havlu harika harika harika kesinlikle al 10 numara! 1 tane al!,1,1_0
telefon hakkında olumsuz yazanlara inanmayın kusursuz süper! 5 yıldız!,1,1_14
süpürge için iade süreci sorunsuz ilerledi. Ücret 3 günde yattı.,0,0_14
mont hayatınız değişecek inanılmaz sonuç hemen satın al! 2 yıldız!,1,1_16
suluk fiyatına göre güzel; kullanım kılavuzu eksik çıktı. 4 gün oldu.,0,0_13
kitap beğenmeyen yok herkes alıyor hemen sen de al! 8 yıldız!,1,1_18
"süpürge rengi beklediğim gibi değil, değişim istedim. 2 gün oldu.",0,0_8
yastık beğenmeyen yok herkes alıyor hemen sen de al! 9 yıldız!,1,1_18
kulaklık berbat berbat berbat asla almayın en kötü ürün! 7 sıfır yıldız!,1,1_10
"çaydanlık fotoğraftakiyle aynı, kutu ezilmişti. 5 gün sonra ulaştı.",0,0_4
lamba piyasadaki en iyi en ucuz kaçırılmaz hemen sipariş! 6 yıldız!,1,1_7
"masa beklentimi karşıladı, tavsiye ederim. Kargo 8 günde geldi.",0,0_12
saat şimdi satın al bugün fırsat son fırsat süper süper! 2 tane al!,1,1_19
kamera inanılmaz kusursuz muhteşem satıcı bir numara! 8 tane al!,1,1_4
yastık mükemmel kalite mükemmel fiyat mükemmel satıcı! 6 tane satın al!,1,1_6
hoparlör çok hoşuma gitti; özellikle kullanım kolaylığı iyi. 9 gün denedim.,0,0_10
klavye süper süper fiyat şahane düşünmeden al al al! 8 yıldız!,1,1_3
"havlu fotoğraftakiyle aynı, kutu ezilmişti. 9 gün sonra ulaştı.",0,0_4
süpürge şimdi satın al bugün fırsat son fırsat süper süper! 4 tane al!,1,1_19
"fare fotoğraftakiyle aynı, kutu ezilmişti. 8 gün sonra ulaştı.",0,0_4
tablet efsane fırsat kaçırma en iyi ürün şimdi sipariş ver! 7 tane!,1,1_2
"ayakkabı fotoğraftakiyle aynı, kutu ezilmişti. 10 gün sonra ulaştı.",0,0_4
suluk kesinlikle uzak dur herkes başka markayı alsın! 6 kere söylüyorum!,1,1_11
"çanta kullanışlı çıktı, ambalajı özenliydi. 2 gündür sorun yaşamadım.",0,0_9
"kamera paketinde çizik vardı, iade talebi açtım. 6 gün bekledim.",0,0_1
şarj cihazı fiyatına göre güzel; kullanım kılavuzu eksik çıktı. 2 gün oldu.,0,0_13
yastık harika fırsat herkese öneriyorum hemen al pişman olmazsın! 7 yıldız!,1,1_5
suluk inanılmaz kusursuz muhteşem satıcı bir numara! 5 tane al!,1,1_4
"mont fotoğraftakiyle aynı, kutu ezilmişti. 1 gün sonra ulaştı.",0,0_4
"ayakkabı malzemesi iyi, fiyatı biraz yüksek. Teslimat 1 gün sürdü.",0,0_3
saat efsane fırsat kaçırma en iyi ürün şimdi sipariş ver! 5 tane!,1,1_2
"masa uzun kullanımda rahat değil, kısa süre için uygun. 5 gündür bende.",0,0_16
"havlu rengi beklediğim gibi değil, değişim istedim. 1 gün oldu.",0,0_8
kulaklık berbat berbat berbat asla almayın en kötü ürün! 3 sıfır yıldız!,1,1_10
fare on numara beş yıldız yüzde yüz garanti kaçırma! 3 tane al!,1,1_15
"suluk kullanışlı çıktı, ambalajı özenliydi. 8 gündür sorun yaşamadım.",0,0_9
telefon süper süper fiyat şahane düşünmeden al al al! 8 yıldız!,1,1_3
termos çok hoşuma gitti; özellikle kullanım kolaylığı iyi. 2 gün denedim.,0,0_10
"şarj cihazı için satıcıya soru sordum, açıklayıcı cevap verdi. 10 gün kullandım.",0,0_5
"çaydanlık tam istediğim gibi, tekrar alabilirim. 4 gün önce teslim edildi.",0,0_17
çanta rezalet rezalet para tuzağı sakın satın alma! 6 sıfır puan!,1,1_12
"lamba kullanışlı çıktı, ambalajı özenliydi. 3 gündür sorun yaşamadım.",0,0_9
kitap rezalet rezalet para tuzağı sakın satın alma! 9 sıfır puan!,1,1_12
şarj cihazı harika görünüyor ama bağlantı noktası gevşek. 4 gündür kullanıyorum.,0,0_11
sandalye için rakip yok bütün ürünlerden üstün hemen al! 7 tane sipariş!,1,1_13
"kamera paketinde çizik vardı, iade talebi açtım. 7 gün bekledim.",0,0_1
monitör mükemmel kalite mükemmel fiyat mükemmel satıcı! 9 tane satın al!,1,1_6
klavye hakkında olumsuz yazanlara inanmayın kusursuz süper! 1 yıldız!,1,1_14
"havlu ilk gün iyiydi, sonra arıza yaptı. 3 gün sonra servise verdim.",0,0_6
tencere harika fırsat herkese öneriyorum hemen al pişman olmazsın! 10 yıldız!,1,1_5
masa piyasadaki en iyi en ucuz kaçırılmaz hemen sipariş! 9 yıldız!,1,1_7
kitap harika harika harika kesinlikle al 10 numara! 8 tane al!,1,1_0
"kazak için satıcıya soru sordum, açıklayıcı cevap verdi. 10 gün kullandım.",0,0_5
kulaklık için iade süreci sorunsuz ilerledi. Ücret 8 günde yattı.,0,0_14
havlu beğenmeyen yok herkes alıyor hemen sen de al! 9 yıldız!,1,1_18
tablet kötü paketlenmişti; ürün sağlam kaldı. 10 gün sonra teslim aldım.,0,0_19
mont piyasadaki en iyi en ucuz kaçırılmaz hemen sipariş! 5 yıldız!,1,1_7
şarj cihazı harika görünüyor ama bağlantı noktası gevşek. 3 gündür kullanıyorum.,0,0_11
suluk efsane fırsat kaçırma en iyi ürün şimdi sipariş ver! 6 tane!,1,1_2
saat kötü paketlenmişti; ürün sağlam kaldı. 7 gün sonra teslim aldım.,0,0_19
kitap inanılmaz kusursuz muhteşem satıcı bir numara! 3 tane al!,1,1_4
suluk mükemmel kalite mükemmel fiyat mükemmel satıcı! 2 tane satın al!,1,1_6
"masa ilk gün iyiydi, sonra arıza yaptı. 10 gün sonra servise verdim.",0,0_6
"havlu kalitesi orta, indirimde alınabilir. 2 günlük deneyimim bu.",0,0_7
termos mükemmel kalite mükemmel fiyat mükemmel satıcı! 1 tane satın al!,1,1_6
suluk muhteşem efsane süper ürün herkese tavsiye al! 1 yıldız!,1,1_9
termos muhteşem efsane süper ürün herkese tavsiye al! 4 yıldız!,1,1_9
monitör için iade süreci sorunsuz ilerledi. Ücret 7 günde yattı.,0,0_14
masa beklediğimden küçük geldi ama işimi görüyor. 3 gündür bende.,0,0_2
kazak harika görünüyor ama bağlantı noktası gevşek. 6 gündür kullanıyorum.,0,0_11
"termos rengi beklediğim gibi değil, değişim istedim. 3 gün oldu.",0,0_8
fare kesinlikle uzak dur herkes başka markayı alsın! 10 kere söylüyorum!,1,1_11
"telefon paketinde çizik vardı, iade talebi açtım. 5 gün bekledim.",0,0_1
lamba hayatınız değişecek inanılmaz sonuç hemen satın al! 6 yıldız!,1,1_16
lamba berbat berbat berbat asla almayın en kötü ürün! 9 sıfır yıldız!,1,1_10
termos inanılmaz kusursuz muhteşem satıcı bir numara! 6 tane al!,1,1_4
kamera berbat berbat berbat asla almayın en kötü ürün! 2 sıfır yıldız!,1,1_10
şarj cihazı hakkında olumsuz yazanlara inanmayın kusursuz süper! 4 yıldız!,1,1_14
"fare malzemesi iyi, fiyatı biraz yüksek. Teslimat 9 gün sürdü.",0,0_3
kamera fiyatına göre güzel; kullanım kılavuzu eksik çıktı. 3 gün oldu.,0,0_13
çanta şimdi satın al bugün fırsat son fırsat süper süper! 1 tane al!,1,1_19
çaydanlık dünyada bir numara kesin memnuniyet mükemmel! 8 tane sipariş ver!,1,1_17
mont için iade süreci sorunsuz ilerledi. Ücret 6 günde yattı.,0,0_14
hoparlör süper süper fiyat şahane düşünmeden al al al! 10 yıldız!,1,1_3
sandalye inanılmaz kusursuz muhteşem satıcı bir numara! 6 tane al!,1,1_4
"monitör paketinde çizik vardı, iade talebi açtım. 1 gün bekledim.",0,0_1
havlu inanılmaz kusursuz muhteşem satıcı bir numara! 10 tane al!,1,1_4
"havlu tam istediğim gibi, tekrar alabilirim. 1 gün önce teslim edildi.",0,0_17
"kulaklık beklentimi karşıladı, tavsiye ederim. Kargo 6 günde geldi.",0,0_12
çaydanlık kesinlikle uzak dur herkes başka markayı alsın! 5 kere söylüyorum!,1,1_11
monitör harika fırsat herkese öneriyorum hemen al pişman olmazsın! 10 yıldız!,1,1_5
"havlu rengi beklediğim gibi değil, değişim istedim. 5 gün oldu.",0,0_8
kitap piyasadaki en iyi en ucuz kaçırılmaz hemen sipariş! 7 yıldız!,1,1_7
çaydanlık berbat berbat berbat asla almayın en kötü ürün! 2 sıfır yıldız!,1,1_10
"tencere malzemesi iyi, fiyatı biraz yüksek. Teslimat 8 gün sürdü.",0,0_3
çanta piyasadaki en iyi en ucuz kaçırılmaz hemen sipariş! 2 yıldız!,1,1_7
kulaklık için olumsuz yorumları okudum ama bende sorun çıkmadı. 4 gün kullandım.,0,0_18
"lamba uzun kullanımda rahat değil, kısa süre için uygun. 8 gündür bende.",0,0_16
kitap hayatınız değişecek inanılmaz sonuç hemen satın al! 6 yıldız!,1,1_16
süpürge berbat berbat berbat asla almayın en kötü ürün! 10 sıfır yıldız!,1,1_10
fare inanılmaz kusursuz muhteşem satıcı bir numara! 3 tane al!,1,1_4
hoparlör için olumsuz yorumları okudum ama bende sorun çıkmadı. 4 gün kullandım.,0,0_18
tablet için iade süreci sorunsuz ilerledi. Ücret 7 günde yattı.,0,0_14
suluk harika fırsat herkese öneriyorum hemen al pişman olmazsın! 6 yıldız!,1,1_5
"şarj cihazı için satıcıya soru sordum, açıklayıcı cevap verdi. 8 gün kullandım.",0,0_5
kazak rezalet rezalet para tuzağı sakın satın alma! 10 sıfır puan!,1,1_12
"termos tam istediğim gibi, tekrar alabilirim. 5 gün önce teslim edildi.",0,0_17
"monitör kalitesi orta, indirimde alınabilir. 2 günlük deneyimim bu.",0,0_7
"kulaklık kullanışlı çıktı, ambalajı özenliydi. 2 gündür sorun yaşamadım.",0,0_9
"telefon paketinde çizik vardı, iade talebi açtım. 8 gün bekledim.",0,0_1
havlu için rakip yok bütün ürünlerden üstün hemen al! 10 tane sipariş!,1,1_13
"lamba kalitesi orta, indirimde alınabilir. 7 günlük deneyimim bu.",0,0_7
kamera inanılmaz kusursuz muhteşem satıcı bir numara! 5 tane al!,1,1_4
telefon mükemmel kalite mükemmel fiyat mükemmel satıcı! 10 tane satın al!,1,1_6
"kulaklık paketinde çizik vardı, iade talebi açtım. 3 gün bekledim.",0,0_1
hoparlör için olumsuz yorumları okudum ama bende sorun çıkmadı. 2 gün kullandım.,0,0_18
sandalye şahane şahane kesinlikle almalısınız rakipsiz kalite! 2 tane!,1,1_8
"şarj cihazı için satıcıya soru sordum, açıklayıcı cevap verdi. 1 gün kullandım.",0,0_5
"kulaklık uzun kullanımda rahat değil, kısa süre için uygun. 4 gündür bende.",0,0_16
hoparlör için iade süreci sorunsuz ilerledi. Ücret 7 günde yattı.,0,0_14
saat süper süper fiyat şahane düşünmeden al al al! 8 yıldız!,1,1_3
süpürge hayatınız değişecek inanılmaz sonuç hemen satın al! 5 yıldız!,1,1_16
"çanta uzun kullanımda rahat değil, kısa süre için uygun. 9 gündür bende.",0,0_16
kazak efsane fırsat kaçırma en iyi ürün şimdi sipariş ver! 10 tane!,1,1_2
ayakkabı kesinlikle uzak dur herkes başka markayı alsın! 10 kere söylüyorum!,1,1_11
havlu on numara beş yıldız yüzde yüz garanti kaçırma! 7 tane al!,1,1_15
monitör mükemmel mükemmel herkese tavsiye hemen satın al! 10 yıldız!,1,1_1
çaydanlık berbat berbat berbat asla almayın en kötü ürün! 4 sıfır yıldız!,1,1_10
kazak için olumsuz yorumları okudum ama bende sorun çıkmadı. 1 gün kullandım.,0,0_18
çanta hakkında olumsuz yazanlara inanmayın kusursuz süper! 3 yıldız!,1,1_14
kulaklık muhteşem efsane süper ürün herkese tavsiye al! 6 yıldız!,1,1_9
"monitör ilk gün iyiydi, sonra arıza yaptı. 9 gün sonra servise verdim.",0,0_6
kazak hakkında olumsuz yazanlara inanmayın kusursuz süper! 1 yıldız!,1,1_14
"masa siparişim yanlış renk geldi, satıcı değişim yaptı. 10 gün bekledim.",0,0_15
"klavye gayet güzel, kargolama hızlıydı. 9 gündür kullanıyorum.",0,0_0
havlu harika görünüyor ama bağlantı noktası gevşek. 2 gündür kullanıyorum.,0,0_11
mont için rakip yok bütün ürünlerden üstün hemen al! 3 tane sipariş!,1,1_13
klavye harika harika harika kesinlikle al 10 numara! 5 tane al!,1,1_0
kamera rezalet rezalet para tuzağı sakın satın alma! 8 sıfır puan!,1,1_12
klavye çok hoşuma gitti; özellikle kullanım kolaylığı iyi. 8 gün denedim.,0,0_10
"ayakkabı ilk gün iyiydi, sonra arıza yaptı. 3 gün sonra servise verdim.",0,0_6
"suluk fotoğraftakiyle aynı, kutu ezilmişti. 10 gün sonra ulaştı.",0,0_4
"mont kullanışlı çıktı, ambalajı özenliydi. 7 gündür sorun yaşamadım.",0,0_9
çanta beğenmeyen yok herkes alıyor hemen sen de al! 4 yıldız!,1,1_18
"mont için satıcıya soru sordum, açıklayıcı cevap verdi. 7 gün kullandım.",0,0_5
kitap için olumsuz yorumları okudum ama bende sorun çıkmadı. 6 gün kullandım.,0,0_18
klavye dünyada bir numara kesin memnuniyet mükemmel! 2 tane sipariş ver!,1,1_17
ayakkabı mükemmel mükemmel herkese tavsiye hemen satın al! 6 yıldız!,1,1_1
çanta piyasadaki en iyi en ucuz kaçırılmaz hemen sipariş! 4 yıldız!,1,1_7
"termos tam istediğim gibi, tekrar alabilirim. 3 gün önce teslim edildi.",0,0_17
süpürge harika harika harika kesinlikle al 10 numara! 7 tane al!,1,1_0
hoparlör hakkında olumsuz yazanlara inanmayın kusursuz süper! 6 yıldız!,1,1_14
hoparlör şahane şahane kesinlikle almalısınız rakipsiz kalite! 5 tane!,1,1_8
masa fiyatına göre güzel; kullanım kılavuzu eksik çıktı. 6 gün oldu.,0,0_13
ayakkabı beğenmeyen yok herkes alıyor hemen sen de al! 7 yıldız!,1,1_18
klavye şimdi satın al bugün fırsat son fırsat süper süper! 10 tane al!,1,1_19
monitör dünyada bir numara kesin memnuniyet mükemmel! 4 tane sipariş ver!,1,1_17
hoparlör kötü paketlenmişti; ürün sağlam kaldı. 6 gün sonra teslim aldım.,0,0_19
havlu piyasadaki en iyi en ucuz kaçırılmaz hemen sipariş! 9 yıldız!,1,1_7
"yastık beklentimi karşıladı, tavsiye ederim. Kargo 3 günde geldi.",0,0_12
"yastık uzun kullanımda rahat değil, kısa süre için uygun. 5 gündür bende.",0,0_16
"termos fotoğraftakiyle aynı, kutu ezilmişti. 9 gün sonra ulaştı.",0,0_4
yastık efsane fırsat kaçırma en iyi ürün şimdi sipariş ver! 1 tane!,1,1_2
"lamba beklentimi karşıladı, tavsiye ederim. Kargo 9 günde geldi.",0,0_12
"tablet için satıcıya soru sordum, açıklayıcı cevap verdi. 10 gün kullandım.",0,0_5
sandalye beğenmeyen yok herkes alıyor hemen sen de al! 9 yıldız!,1,1_18
kulaklık çok hoşuma gitti; özellikle kullanım kolaylığı iyi. 2 gün denedim.,0,0_10
"süpürge kalitesi orta, indirimde alınabilir. 5 günlük deneyimim bu.",0,0_7
"masa malzemesi iyi, fiyatı biraz yüksek. Teslimat 6 gün sürdü.",0,0_3
saat çok hoşuma gitti; özellikle kullanım kolaylığı iyi. 6 gün denedim.,0,0_10
şarj cihazı rezalet rezalet para tuzağı sakın satın alma! 6 sıfır puan!,1,1_12
ayakkabı berbat berbat berbat asla almayın en kötü ürün! 2 sıfır yıldız!,1,1_10
havlu beklediğimden küçük geldi ama işimi görüyor. 5 gündür bende.,0,0_2
fare kötü paketlenmişti; ürün sağlam kaldı. 5 gün sonra teslim aldım.,0,0_19
ayakkabı harika harika harika kesinlikle al 10 numara! 4 tane al!,1,1_0
"yastık kullanışlı çıktı, ambalajı özenliydi. 7 gündür sorun yaşamadım.",0,0_9
lamba mükemmel kalite mükemmel fiyat mükemmel satıcı! 9 tane satın al!,1,1_6
ayakkabı süper süper fiyat şahane düşünmeden al al al! 4 yıldız!,1,1_3
tencere muhteşem efsane süper ürün herkese tavsiye al! 7 yıldız!,1,1_9
çaydanlık mükemmel kalite mükemmel fiyat mükemmel satıcı! 7 tane satın al!,1,1_6
"çaydanlık için satıcıya soru sordum, açıklayıcı cevap verdi. 4 gün kullandım.",0,0_5
lamba harika harika harika kesinlikle al 10 numara! 8 tane al!,1,1_0
kitap şahane şahane kesinlikle almalısınız rakipsiz kalite! 1 tane!,1,1_8
hoparlör harika görünüyor ama bağlantı noktası gevşek. 4 gündür kullanıyorum.,0,0_11
kazak harika görünüyor ama bağlantı noktası gevşek. 1 gündür kullanıyorum.,0,0_11
"yastık malzemesi iyi, fiyatı biraz yüksek. Teslimat 6 gün sürdü.",0,0_3
yastık şahane şahane kesinlikle almalısınız rakipsiz kalite! 10 tane!,1,1_8
"masa beklentimi karşıladı, tavsiye ederim. Kargo 6 günde geldi.",0,0_12
kulaklık harika harika harika kesinlikle al 10 numara! 8 tane al!,1,1_0
"yastık beklentimi karşıladı, tavsiye ederim. Kargo 4 günde geldi.",0,0_12
fare şahane şahane kesinlikle almalısınız rakipsiz kalite! 6 tane!,1,1_8
saat çok hoşuma gitti; özellikle kullanım kolaylığı iyi. 8 gün denedim.,0,0_10
kamera harika harika harika kesinlikle al 10 numara! 6 tane al!,1,1_0
"klavye tam istediğim gibi, tekrar alabilirim. 4 gün önce teslim edildi.",0,0_17
"kulaklık uzun kullanımda rahat değil, kısa süre için uygun. 10 gündür bende.",0,0_16
tablet mükemmel mükemmel herkese tavsiye hemen satın al! 5 yıldız!,1,1_1
"suluk rengi beklediğim gibi değil, değişim istedim. 10 gün oldu.",0,0_8
"yastık malzemesi iyi, fiyatı biraz yüksek. Teslimat 4 gün sürdü.",0,0_3
tablet için iade süreci sorunsuz ilerledi. Ücret 9 günde yattı.,0,0_14
"mont ilk gün iyiydi, sonra arıza yaptı. 5 gün sonra servise verdim.",0,0_6
tencere çok hoşuma gitti; özellikle kullanım kolaylığı iyi. 1 gün denedim.,0,0_10
şarj cihazı rezalet rezalet para tuzağı sakın satın alma! 2 sıfır puan!,1,1_12
ayakkabı hakkında olumsuz yazanlara inanmayın kusursuz süper! 4 yıldız!,1,1_14
havlu piyasadaki en iyi en ucuz kaçırılmaz hemen sipariş! 2 yıldız!,1,1_7
kitap mükemmel kalite mükemmel fiyat mükemmel satıcı! 10 tane satın al!,1,1_6
"fare malzemesi iyi, fiyatı biraz yüksek. Teslimat 4 gün sürdü.",0,0_3
sandalye için olumsuz yorumları okudum ama bende sorun çıkmadı. 10 gün kullandım.,0,0_18
telefon beklediğimden küçük geldi ama işimi görüyor. 3 gündür bende.,0,0_2
çanta mükemmel kalite mükemmel fiyat mükemmel satıcı! 1 tane satın al!,1,1_6
kulaklık beğenmeyen yok herkes alıyor hemen sen de al! 2 yıldız!,1,1_18
çaydanlık berbat berbat berbat asla almayın en kötü ürün! 5 sıfır yıldız!,1,1_10
masa hakkında olumsuz yazanlara inanmayın kusursuz süper! 1 yıldız!,1,1_14
"ayakkabı kullanışlı çıktı, ambalajı özenliydi. 1 gündür sorun yaşamadım.",0,0_9
"yastık ilk gün iyiydi, sonra arıza yaptı. 6 gün sonra servise verdim.",0,0_6
"kulaklık kalitesi orta, indirimde alınabilir. 10 günlük deneyimim bu.",0,0_7
çanta süper süper fiyat şahane düşünmeden al al al! 4 yıldız!,1,1_3
"ayakkabı gayet güzel, kargolama hızlıydı. 7 gündür kullanıyorum.",0,0_0
tablet dünyada bir numara kesin memnuniyet mükemmel! 7 tane sipariş ver!,1,1_17
telefon için iade süreci sorunsuz ilerledi. Ücret 9 günde yattı.,0,0_14
telefon on numara beş yıldız yüzde yüz garanti kaçırma! 6 tane al!,1,1_15
yastık için iade süreci sorunsuz ilerledi. Ücret 3 günde yattı.,0,0_14
"mont ilk gün iyiydi, sonra arıza yaptı. 7 gün sonra servise verdim.",0,0_6
ayakkabı harika harika harika kesinlikle al 10 numara! 1 tane al!,1,1_0
kitap inanılmaz kusursuz muhteşem satıcı bir numara! 1 tane al!,1,1_4
"kamera gayet güzel, kargolama hızlıydı. 10 gündür kullanıyorum.",0,0_0
"tablet beklentimi karşıladı, tavsiye ederim. Kargo 1 günde geldi.",0,0_12
kitap için iade süreci sorunsuz ilerledi. Ücret 1 günde yattı.,0,0_14
hoparlör mükemmel mükemmel herkese tavsiye hemen satın al! 5 yıldız!,1,1_1
tablet harika harika harika kesinlikle al 10 numara! 7 tane al!,1,1_0
saat kesinlikle uzak dur herkes başka markayı alsın! 4 kere söylüyorum!,1,1_11
"telefon ilk gün iyiydi, sonra arıza yaptı. 2 gün sonra servise verdim.",0,0_6
termos harika harika harika kesinlikle al 10 numara! 9 tane al!,1,1_0
saat fiyatına göre güzel; kullanım kılavuzu eksik çıktı. 9 gün oldu.,0,0_13
ayakkabı mükemmel kalite mükemmel fiyat mükemmel satıcı! 6 tane satın al!,1,1_6
mont hayatınız değişecek inanılmaz sonuç hemen satın al! 10 yıldız!,1,1_16
"ayakkabı siparişim yanlış renk geldi, satıcı değişim yaptı. 6 gün bekledim.",0,0_15
yastık beğenmeyen yok herkes alıyor hemen sen de al! 1 yıldız!,1,1_18
fare için olumsuz yorumları okudum ama bende sorun çıkmadı. 7 gün kullandım.,0,0_18
masa çok hoşuma gitti; özellikle kullanım kolaylığı iyi. 2 gün denedim.,0,0_10
monitör için rakip yok bütün ürünlerden üstün hemen al! 5 tane sipariş!,1,1_13
çanta için olumsuz yorumları okudum ama bende sorun çıkmadı. 2 gün kullandım.,0,0_18
"tencere için satıcıya soru sordum, açıklayıcı cevap verdi. 10 gün kullandım.",0,0_5
"sandalye uzun kullanımda rahat değil, kısa süre için uygun. 8 gündür bende.",0,0_16
"tablet kalitesi orta, indirimde alınabilir. 9 günlük deneyimim bu.",0,0_7
çanta berbat berbat berbat asla almayın en kötü ürün! 7 sıfır yıldız!,1,1_10
"monitör için satıcıya soru sordum, açıklayıcı cevap verdi. 7 gün kullandım.",0,0_5
lamba mükemmel kalite mükemmel fiyat mükemmel satıcı! 5 tane satın al!,1,1_6
kitap efsane fırsat kaçırma en iyi ürün şimdi sipariş ver! 8 tane!,1,1_2
ayakkabı hakkında olumsuz yazanlara inanmayın kusursuz süper! 3 yıldız!,1,1_14
lamba mükemmel mükemmel herkese tavsiye hemen satın al! 9 yıldız!,1,1_1
fare dünyada bir numara kesin memnuniyet mükemmel! 10 tane sipariş ver!,1,1_17
"yastık gayet güzel, kargolama hızlıydı. 6 gündür kullanıyorum.",0,0_0
"havlu malzemesi iyi, fiyatı biraz yüksek. Teslimat 3 gün sürdü.",0,0_3
klavye süper süper fiyat şahane düşünmeden al al al! 3 yıldız!,1,1_3
hoparlör mükemmel kalite mükemmel fiyat mükemmel satıcı! 8 tane satın al!,1,1_6
"mont paketinde çizik vardı, iade talebi açtım. 7 gün bekledim.",0,0_1
"süpürge kullanışlı çıktı, ambalajı özenliydi. 10 gündür sorun yaşamadım.",0,0_9
lamba beklediğimden küçük geldi ama işimi görüyor. 1 gündür bende.,0,0_2
telefon berbat berbat berbat asla almayın en kötü ürün! 1 sıfır yıldız!,1,1_10
süpürge için iade süreci sorunsuz ilerledi. Ücret 7 günde yattı.,0,0_14
süpürge efsane fırsat kaçırma en iyi ürün şimdi sipariş ver! 8 tane!,1,1_2
çaydanlık süper süper fiyat şahane düşünmeden al al al! 5 yıldız!,1,1_3
fare için iade süreci sorunsuz ilerledi. Ücret 10 günde yattı.,0,0_14
"kitap malzemesi iyi, fiyatı biraz yüksek. Teslimat 10 gün sürdü.",0,0_3
"termos siparişim yanlış renk geldi, satıcı değişim yaptı. 1 gün bekledim.",0,0_15
hoparlör piyasadaki en iyi en ucuz kaçırılmaz hemen sipariş! 5 yıldız!,1,1_7
"süpürge siparişim yanlış renk geldi, satıcı değişim yaptı. 7 gün bekledim.",0,0_15
saat şahane şahane kesinlikle almalısınız rakipsiz kalite! 10 tane!,1,1_8
"havlu ilk gün iyiydi, sonra arıza yaptı. 5 gün sonra servise verdim.",0,0_6
tencere harika fırsat herkese öneriyorum hemen al pişman olmazsın! 5 yıldız!,1,1_5
kamera için iade süreci sorunsuz ilerledi. Ücret 1 günde yattı.,0,0_14
saat harika görünüyor ama bağlantı noktası gevşek. 1 gündür kullanıyorum.,0,0_11
lamba çok hoşuma gitti; özellikle kullanım kolaylığı iyi. 6 gün denedim.,0,0_10
kazak harika görünüyor ama bağlantı noktası gevşek. 4 gündür kullanıyorum.,0,0_11
kitap şimdi satın al bugün fırsat son fırsat süper süper! 8 tane al!,1,1_19
kamera süper süper fiyat şahane düşünmeden al al al! 2 yıldız!,1,1_3
saat piyasadaki en iyi en ucuz kaçırılmaz hemen sipariş! 1 yıldız!,1,1_7
"süpürge malzemesi iyi, fiyatı biraz yüksek. Teslimat 1 gün sürdü.",0,0_3
süpürge beklediğimden küçük geldi ama işimi görüyor. 4 gündür bende.,0,0_2
termos fiyatına göre güzel; kullanım kılavuzu eksik çıktı. 8 gün oldu.,0,0_13
"tencere kullanışlı çıktı, ambalajı özenliydi. 1 gündür sorun yaşamadım.",0,0_9
"kazak malzemesi iyi, fiyatı biraz yüksek. Teslimat 7 gün sürdü.",0,0_3
kitap dünyada bir numara kesin memnuniyet mükemmel! 9 tane sipariş ver!,1,1_17
"süpürge gayet güzel, kargolama hızlıydı. 2 gündür kullanıyorum.",0,0_0
klavye harika görünüyor ama bağlantı noktası gevşek. 6 gündür kullanıyorum.,0,0_11
kazak hakkında olumsuz yazanlara inanmayın kusursuz süper! 10 yıldız!,1,1_14
"monitör uzun kullanımda rahat değil, kısa süre için uygun. 10 gündür bende.",0,0_16
kamera kesinlikle uzak dur herkes başka markayı alsın! 7 kere söylüyorum!,1,1_11
klavye kötü paketlenmişti; ürün sağlam kaldı. 2 gün sonra teslim aldım.,0,0_19
saat efsane fırsat kaçırma en iyi ürün şimdi sipariş ver! 7 tane!,1,1_2
klavye harika fırsat herkese öneriyorum hemen al pişman olmazsın! 8 yıldız!,1,1_5
süpürge muhteşem efsane süper ürün herkese tavsiye al! 3 yıldız!,1,1_9
"süpürge beklentimi karşıladı, tavsiye ederim. Kargo 5 günde geldi.",0,0_12
"saat beklentimi karşıladı, tavsiye ederim. Kargo 5 günde geldi.",0,0_12
termos için iade süreci sorunsuz ilerledi. Ücret 2 günde yattı.,0,0_14
tablet muhteşem efsane süper ürün herkese tavsiye al! 5 yıldız!,1,1_9
tablet hakkında olumsuz yazanlara inanmayın kusursuz süper! 5 yıldız!,1,1_14
hoparlör efsane fırsat kaçırma en iyi ürün şimdi sipariş ver! 4 tane!,1,1_2
kulaklık kötü paketlenmişti; ürün sağlam kaldı. 6 gün sonra teslim aldım.,0,0_19
masa dünyada bir numara kesin memnuniyet mükemmel! 2 tane sipariş ver!,1,1_17
sandalye kesinlikle uzak dur herkes başka markayı alsın! 2 kere söylüyorum!,1,1_11
termos muhteşem efsane süper ürün herkese tavsiye al! 3 yıldız!,1,1_9
sandalye on numara beş yıldız yüzde yüz garanti kaçırma! 5 tane al!,1,1_15
"saat kalitesi orta, indirimde alınabilir. 9 günlük deneyimim bu.",0,0_7
"mont rengi beklediğim gibi değil, değişim istedim. 10 gün oldu.",0,0_8
şarj cihazı muhteşem efsane süper ürün herkese tavsiye al! 7 yıldız!,1,1_9
havlu için rakip yok bütün ürünlerden üstün hemen al! 2 tane sipariş!,1,1_13
"mont malzemesi iyi, fiyatı biraz yüksek. Teslimat 8 gün sürdü.",0,0_3
çanta için iade süreci sorunsuz ilerledi. Ücret 7 günde yattı.,0,0_14
çanta mükemmel kalite mükemmel fiyat mükemmel satıcı! 3 tane satın al!,1,1_6
masa çok hoşuma gitti; özellikle kullanım kolaylığı iyi. 7 gün denedim.,0,0_10
çaydanlık inanılmaz kusursuz muhteşem satıcı bir numara! 6 tane al!,1,1_4
çanta fiyatına göre güzel; kullanım kılavuzu eksik çıktı. 4 gün oldu.,0,0_13
kitap mükemmel mükemmel herkese tavsiye hemen satın al! 9 yıldız!,1,1_1
çaydanlık on numara beş yıldız yüzde yüz garanti kaçırma! 6 tane al!,1,1_15
ayakkabı mükemmel mükemmel herkese tavsiye hemen satın al! 5 yıldız!,1,1_1
mont için olumsuz yorumları okudum ama bende sorun çıkmadı. 4 gün kullandım.,0,0_18
çanta berbat berbat berbat asla almayın en kötü ürün! 6 sıfır yıldız!,1,1_10
telefon harika harika harika kesinlikle al 10 numara! 10 tane al!,1,1_0
lamba mükemmel mükemmel herkese tavsiye hemen satın al! 1 yıldız!,1,1_1
"mont için satıcıya soru sordum, açıklayıcı cevap verdi. 3 gün kullandım.",0,0_5
termos harika görünüyor ama bağlantı noktası gevşek. 9 gündür kullanıyorum.,0,0_11
havlu mükemmel mükemmel herkese tavsiye hemen satın al! 6 yıldız!,1,1_1
hoparlör mükemmel mükemmel herkese tavsiye hemen satın al! 8 yıldız!,1,1_1
tencere rezalet rezalet para tuzağı sakın satın alma! 5 sıfır puan!,1,1_12
termos şahane şahane kesinlikle almalısınız rakipsiz kalite! 2 tane!,1,1_8
"suluk malzemesi iyi, fiyatı biraz yüksek. Teslimat 6 gün sürdü.",0,0_3
havlu beklediğimden küçük geldi ama işimi görüyor. 7 gündür bende.,0,0_2
sandalye harika harika harika kesinlikle al 10 numara! 8 tane al!,1,1_0
yastık hakkında olumsuz yazanlara inanmayın kusursuz süper! 6 yıldız!,1,1_14
"suluk tam istediğim gibi, tekrar alabilirim. 9 gün önce teslim edildi.",0,0_17
termos mükemmel kalite mükemmel fiyat mükemmel satıcı! 5 tane satın al!,1,1_6
tablet efsane fırsat kaçırma en iyi ürün şimdi sipariş ver! 8 tane!,1,1_2
kamera berbat berbat berbat asla almayın en kötü ürün! 1 sıfır yıldız!,1,1_10
çanta kesinlikle uzak dur herkes başka markayı alsın! 2 kere söylüyorum!,1,1_11
"lamba paketinde çizik vardı, iade talebi açtım. 2 gün bekledim.",0,0_1
"süpürge tam istediğim gibi, tekrar alabilirim. 4 gün önce teslim edildi.",0,0_17
tencere fiyatına göre güzel; kullanım kılavuzu eksik çıktı. 7 gün oldu.,0,0_13
çaydanlık efsane fırsat kaçırma en iyi ürün şimdi sipariş ver! 7 tane!,1,1_2
şarj cihazı için rakip yok bütün ürünlerden üstün hemen al! 3 tane sipariş!,1,1_13
saat hayatınız değişecek inanılmaz sonuç hemen satın al! 4 yıldız!,1,1_16
kulaklık kesinlikle uzak dur herkes başka markayı alsın! 5 kere söylüyorum!,1,1_11
telefon kötü paketlenmişti; ürün sağlam kaldı. 10 gün sonra teslim aldım.,0,0_19
"tencere siparişim yanlış renk geldi, satıcı değişim yaptı. 6 gün bekledim.",0,0_15
kulaklık berbat berbat berbat asla almayın en kötü ürün! 6 sıfır yıldız!,1,1_10
süpürge için rakip yok bütün ürünlerden üstün hemen al! 5 tane sipariş!,1,1_13
hoparlör için rakip yok bütün ürünlerden üstün hemen al! 3 tane sipariş!,1,1_13
"fare beklentimi karşıladı, tavsiye ederim. Kargo 9 günde geldi.",0,0_12
termos on numara beş yıldız yüzde yüz garanti kaçırma! 7 tane al!,1,1_15
masa fiyatına göre güzel; kullanım kılavuzu eksik çıktı. 7 gün oldu.,0,0_13
kazak süper süper fiyat şahane düşünmeden al al al! 10 yıldız!,1,1_3
"telefon için satıcıya soru sordum, açıklayıcı cevap verdi. 3 gün kullandım.",0,0_5
suluk mükemmel mükemmel herkese tavsiye hemen satın al! 6 yıldız!,1,1_1
"saat rengi beklediğim gibi değil, değişim istedim. 10 gün oldu.",0,0_8
saat şimdi satın al bugün fırsat son fırsat süper süper! 6 tane al!,1,1_19
"kamera kullanışlı çıktı, ambalajı özenliydi. 1 gündür sorun yaşamadım.",0,0_9
telefon hayatınız değişecek inanılmaz sonuç hemen satın al! 4 yıldız!,1,1_16
masa hakkında olumsuz yazanlara inanmayın kusursuz süper! 7 yıldız!,1,1_14
monitör muhteşem efsane süper ürün herkese tavsiye al! 4 yıldız!,1,1_9
telefon efsane fırsat kaçırma en iyi ürün şimdi sipariş ver! 4 tane!,1,1_2
kazak fiyatına göre güzel; kullanım kılavuzu eksik çıktı. 2 gün oldu.,0,0_13
telefon mükemmel kalite mükemmel fiyat mükemmel satıcı! 4 tane satın al!,1,1_6
telefon mükemmel kalite mükemmel fiyat mükemmel satıcı! 9 tane satın al!,1,1_6
kitap berbat berbat berbat asla almayın en kötü ürün! 3 sıfır yıldız!,1,1_10
kulaklık için rakip yok bütün ürünlerden üstün hemen al! 8 tane sipariş!,1,1_13
saat beklediğimden küçük geldi ama işimi görüyor. 7 gündür bende.,0,0_2
sandalye berbat berbat berbat asla almayın en kötü ürün! 10 sıfır yıldız!,1,1_10
süpürge rezalet rezalet para tuzağı sakın satın alma! 4 sıfır puan!,1,1_12
"hoparlör kullanışlı çıktı, ambalajı özenliydi. 7 gündür sorun yaşamadım.",0,0_9
ayakkabı mükemmel kalite mükemmel fiyat mükemmel satıcı! 5 tane satın al!,1,1_6
monitör için iade süreci sorunsuz ilerledi. Ücret 2 günde yattı.,0,0_14
"masa ilk gün iyiydi, sonra arıza yaptı. 8 gün sonra servise verdim.",0,0_6
termos hakkında olumsuz yazanlara inanmayın kusursuz süper! 9 yıldız!,1,1_14
"ayakkabı siparişim yanlış renk geldi, satıcı değişim yaptı. 2 gün bekledim.",0,0_15
süpürge süper süper fiyat şahane düşünmeden al al al! 8 yıldız!,1,1_3
"sandalye gayet güzel, kargolama hızlıydı. 1 gündür kullanıyorum.",0,0_0
tablet şimdi satın al bugün fırsat son fırsat süper süper! 8 tane al!,1,1_19
ayakkabı harika fırsat herkese öneriyorum hemen al pişman olmazsın! 9 yıldız!,1,1_5
fare efsane fırsat kaçırma en iyi ürün şimdi sipariş ver! 5 tane!,1,1_2
"sandalye için satıcıya soru sordum, açıklayıcı cevap verdi. 4 gün kullandım.",0,0_5
sandalye için rakip yok bütün ürünlerden üstün hemen al! 4 tane sipariş!,1,1_13
kazak kötü paketlenmişti; ürün sağlam kaldı. 2 gün sonra teslim aldım.,0,0_19
"hoparlör ilk gün iyiydi, sonra arıza yaptı. 7 gün sonra servise verdim.",0,0_6
klavye için rakip yok bütün ürünlerden üstün hemen al! 4 tane sipariş!,1,1_13
fare hakkında olumsuz yazanlara inanmayın kusursuz süper! 8 yıldız!,1,1_14
tablet harika görünüyor ama bağlantı noktası gevşek. 1 gündür kullanıyorum.,0,0_11
"masa beklentimi karşıladı, tavsiye ederim. Kargo 9 günde geldi.",0,0_12
sandalye muhteşem efsane süper ürün herkese tavsiye al! 4 yıldız!,1,1_9
şarj cihazı berbat berbat berbat asla almayın en kötü ürün! 6 sıfır yıldız!,1,1_10
saat hakkında olumsuz yazanlara inanmayın kusursuz süper! 3 yıldız!,1,1_14
"fare beklentimi karşıladı, tavsiye ederim. Kargo 1 günde geldi.",0,0_12
çaydanlık çok hoşuma gitti; özellikle kullanım kolaylığı iyi. 10 gün denedim.,0,0_10
"kamera kalitesi orta, indirimde alınabilir. 6 günlük deneyimim bu.",0,0_7
termos harika fırsat herkese öneriyorum hemen al pişman olmazsın! 6 yıldız!,1,1_5
masa için olumsuz yorumları okudum ama bende sorun çıkmadı. 8 gün kullandım.,0,0_18
klavye dünyada bir numara kesin memnuniyet mükemmel! 3 tane sipariş ver!,1,1_17
yastık harika harika harika kesinlikle al 10 numara! 5 tane al!,1,1_0
havlu efsane fırsat kaçırma en iyi ürün şimdi sipariş ver! 4 tane!,1,1_2
çanta inanılmaz kusursuz muhteşem satıcı bir numara! 1 tane al!,1,1_4
"hoparlör kullanışlı çıktı, ambalajı özenliydi. 8 gündür sorun yaşamadım.",0,0_9
havlu rezalet rezalet para tuzağı sakın satın alma! 1 sıfır puan!,1,1_12
yastık şahane şahane kesinlikle almalısınız rakipsiz kalite! 4 tane!,1,1_8
"süpürge için satıcıya soru sordum, açıklayıcı cevap verdi. 6 gün kullandım.",0,0_5
süpürge hayatınız değişecek inanılmaz sonuç hemen satın al! 1 yıldız!,1,1_16
suluk kesinlikle uzak dur herkes başka markayı alsın! 3 kere söylüyorum!,1,1_11
"suluk ilk gün iyiydi, sonra arıza yaptı. 6 gün sonra servise verdim.",0,0_6
havlu efsane fırsat kaçırma en iyi ürün şimdi sipariş ver! 6 tane!,1,1_2
lamba on numara beş yıldız yüzde yüz garanti kaçırma! 3 tane al!,1,1_15
kulaklık berbat berbat berbat asla almayın en kötü ürün! 2 sıfır yıldız!,1,1_10
tablet muhteşem efsane süper ürün herkese tavsiye al! 3 yıldız!,1,1_9
"mont fotoğraftakiyle aynı, kutu ezilmişti. 6 gün sonra ulaştı.",0,0_4
mont kötü paketlenmişti; ürün sağlam kaldı. 10 gün sonra teslim aldım.,0,0_19
fare mükemmel mükemmel herkese tavsiye hemen satın al! 4 yıldız!,1,1_1
tablet mükemmel kalite mükemmel fiyat mükemmel satıcı! 7 tane satın al!,1,1_6
yastık mükemmel kalite mükemmel fiyat mükemmel satıcı! 1 tane satın al!,1,1_6
kitap on numara beş yıldız yüzde yüz garanti kaçırma! 4 tane al!,1,1_15
tablet çok hoşuma gitti; özellikle kullanım kolaylığı iyi. 3 gün denedim.,0,0_10
kazak için iade süreci sorunsuz ilerledi. Ücret 7 günde yattı.,0,0_14
havlu çok hoşuma gitti; özellikle kullanım kolaylığı iyi. 10 gün denedim.,0,0_10
klavye rezalet rezalet para tuzağı sakın satın alma! 3 sıfır puan!,1,1_12
mont şahane şahane kesinlikle almalısınız rakipsiz kalite! 9 tane!,1,1_8
telefon beğenmeyen yok herkes alıyor hemen sen de al! 8 yıldız!,1,1_18
suluk piyasadaki en iyi en ucuz kaçırılmaz hemen sipariş! 5 yıldız!,1,1_7
sandalye çok hoşuma gitti; özellikle kullanım kolaylığı iyi. 2 gün denedim.,0,0_10
yastık hayatınız değişecek inanılmaz sonuç hemen satın al! 2 yıldız!,1,1_16
tablet berbat berbat berbat asla almayın en kötü ürün! 6 sıfır yıldız!,1,1_10
"tablet kullanışlı çıktı, ambalajı özenliydi. 6 gündür sorun yaşamadım.",0,0_9
kazak berbat berbat berbat asla almayın en kötü ürün! 5 sıfır yıldız!,1,1_10
mont on numara beş yıldız yüzde yüz garanti kaçırma! 2 tane al!,1,1_15
termos hayatınız değişecek inanılmaz sonuç hemen satın al! 2 yıldız!,1,1_16
"kazak ilk gün iyiydi, sonra arıza yaptı. 2 gün sonra servise verdim.",0,0_6
lamba harika harika harika kesinlikle al 10 numara! 2 tane al!,1,1_0
mont kötü paketlenmişti; ürün sağlam kaldı. 5 gün sonra teslim aldım.,0,0_19
saat şimdi satın al bugün fırsat son fırsat süper süper! 5 tane al!,1,1_19
telefon on numara beş yıldız yüzde yüz garanti kaçırma! 5 tane al!,1,1_15
süpürge kesinlikle uzak dur herkes başka markayı alsın! 2 kere söylüyorum!,1,1_11
"çanta rengi beklediğim gibi değil, değişim istedim. 1 gün oldu.",0,0_8
"saat rengi beklediğim gibi değil, değişim istedim. 2 gün oldu.",0,0_8
süpürge harika görünüyor ama bağlantı noktası gevşek. 9 gündür kullanıyorum.,0,0_11
lamba kesinlikle uzak dur herkes başka markayı alsın! 8 kere söylüyorum!,1,1_11
çaydanlık harika fırsat herkese öneriyorum hemen al pişman olmazsın! 2 yıldız!,1,1_5
havlu kesinlikle uzak dur herkes başka markayı alsın! 5 kere söylüyorum!,1,1_11
kitap rezalet rezalet para tuzağı sakın satın alma! 5 sıfır puan!,1,1_12
havlu fiyatına göre güzel; kullanım kılavuzu eksik çıktı. 10 gün oldu.,0,0_13
"telefon kullanışlı çıktı, ambalajı özenliydi. 1 gündür sorun yaşamadım.",0,0_9
saat için iade süreci sorunsuz ilerledi. Ücret 1 günde yattı.,0,0_14
"mont için satıcıya soru sordum, açıklayıcı cevap verdi. 10 gün kullandım.",0,0_5
telefon beklediğimden küçük geldi ama işimi görüyor. 9 gündür bende.,0,0_2
mont muhteşem efsane süper ürün herkese tavsiye al! 1 yıldız!,1,1_9
"ayakkabı uzun kullanımda rahat değil, kısa süre için uygun. 10 gündür bende.",0,0_16
"havlu rengi beklediğim gibi değil, değişim istedim. 9 gün oldu.",0,0_8
"masa kullanışlı çıktı, ambalajı özenliydi. 7 gündür sorun yaşamadım.",0,0_9
"süpürge rengi beklediğim gibi değil, değişim istedim. 3 gün oldu.",0,0_8
fare beğenmeyen yok herkes alıyor hemen sen de al! 3 yıldız!,1,1_18
ayakkabı hakkında olumsuz yazanlara inanmayın kusursuz süper! 9 yıldız!,1,1_14
hoparlör muhteşem efsane süper ürün herkese tavsiye al! 9 yıldız!,1,1_9
mont efsane fırsat kaçırma en iyi ürün şimdi sipariş ver! 5 tane!,1,1_2
telefon beğenmeyen yok herkes alıyor hemen sen de al! 5 yıldız!,1,1_18
"telefon tam istediğim gibi, tekrar alabilirim. 9 gün önce teslim edildi.",0,0_17
yastık için olumsuz yorumları okudum ama bende sorun çıkmadı. 6 gün kullandım.,0,0_18
çanta için rakip yok bütün ürünlerden üstün hemen al! 4 tane sipariş!,1,1_13
mont on numara beş yıldız yüzde yüz garanti kaçırma! 6 tane al!,1,1_15
yastık süper süper fiyat şahane düşünmeden al al al! 8 yıldız!,1,1_3
fare için rakip yok bütün ürünlerden üstün hemen al! 5 tane sipariş!,1,1_13
hoparlör harika fırsat herkese öneriyorum hemen al pişman olmazsın! 3 yıldız!,1,1_5
şarj cihazı hakkında olumsuz yazanlara inanmayın kusursuz süper! 1 yıldız!,1,1_14
hoparlör fiyatına göre güzel; kullanım kılavuzu eksik çıktı. 10 gün oldu.,0,0_13
"suluk kullanışlı çıktı, ambalajı özenliydi. 1 gündür sorun yaşamadım.",0,0_9
"kazak gayet güzel, kargolama hızlıydı. 2 gündür kullanıyorum.",0,0_0
telefon dünyada bir numara kesin memnuniyet mükemmel! 9 tane sipariş ver!,1,1_17
telefon berbat berbat berbat asla almayın en kötü ürün! 9 sıfır yıldız!,1,1_10
termos çok hoşuma gitti; özellikle kullanım kolaylığı iyi. 8 gün denedim.,0,0_10
tencere harika fırsat herkese öneriyorum hemen al pişman olmazsın! 7 yıldız!,1,1_5
suluk kötü paketlenmişti; ürün sağlam kaldı. 10 gün sonra teslim aldım.,0,0_19
suluk kötü paketlenmişti; ürün sağlam kaldı. 1 gün sonra teslim aldım.,0,0_19
"telefon malzemesi iyi, fiyatı biraz yüksek. Teslimat 3 gün sürdü.",0,0_3
kitap için olumsuz yorumları okudum ama bende sorun çıkmadı. 1 gün kullandım.,0,0_18
suluk harika görünüyor ama bağlantı noktası gevşek. 10 gündür kullanıyorum.,0,0_11
kamera beklediğimden küçük geldi ama işimi görüyor. 5 gündür bende.,0,0_2
"masa gayet güzel, kargolama hızlıydı. 6 gündür kullanıyorum.",0,0_0
"monitör malzemesi iyi, fiyatı biraz yüksek. Teslimat 7 gün sürdü.",0,0_3
süpürge rezalet rezalet para tuzağı sakın satın alma! 1 sıfır puan!,1,1_12
"havlu uzun kullanımda rahat değil, kısa süre için uygun. 8 gündür bende.",0,0_16
kitap için olumsuz yorumları okudum ama bende sorun çıkmadı. 5 gün kullandım.,0,0_18
kitap şimdi satın al bugün fırsat son fırsat süper süper! 5 tane al!,1,1_19
tencere için iade süreci sorunsuz ilerledi. Ücret 7 günde yattı.,0,0_14
şarj cihazı rezalet rezalet para tuzağı sakın satın alma! 7 sıfır puan!,1,1_12
kamera şimdi satın al bugün fırsat son fırsat süper süper! 7 tane al!,1,1_19
kulaklık hakkında olumsuz yazanlara inanmayın kusursuz süper! 6 yıldız!,1,1_14
"fare fotoğraftakiyle aynı, kutu ezilmişti. 6 gün sonra ulaştı.",0,0_4
"fare malzemesi iyi, fiyatı biraz yüksek. Teslimat 8 gün sürdü.",0,0_3
hoparlör için rakip yok bütün ürünlerden üstün hemen al! 6 tane sipariş!,1,1_13
kamera inanılmaz kusursuz muhteşem satıcı bir numara! 7 tane al!,1,1_4
havlu harika görünüyor ama bağlantı noktası gevşek. 9 gündür kullanıyorum.,0,0_11
suluk için iade süreci sorunsuz ilerledi. Ücret 4 günde yattı.,0,0_14
çanta çok hoşuma gitti; özellikle kullanım kolaylığı iyi. 6 gün denedim.,0,0_10
kazak kesinlikle uzak dur herkes başka markayı alsın! 9 kere söylüyorum!,1,1_11
tablet beklediğimden küçük geldi ama işimi görüyor. 10 gündür bende.,0,0_2
masa için rakip yok bütün ürünlerden üstün hemen al! 3 tane sipariş!,1,1_13
süpürge harika görünüyor ama bağlantı noktası gevşek. 5 gündür kullanıyorum.,0,0_11
monitör hayatınız değişecek inanılmaz sonuç hemen satın al! 6 yıldız!,1,1_16
"havlu beklentimi karşıladı, tavsiye ederim. Kargo 2 günde geldi.",0,0_12
çaydanlık şahane şahane kesinlikle almalısınız rakipsiz kalite! 9 tane!,1,1_8
saat beğenmeyen yok herkes alıyor hemen sen de al! 8 yıldız!,1,1_18
havlu harika harika harika kesinlikle al 10 numara! 3 tane al!,1,1_0
masa dünyada bir numara kesin memnuniyet mükemmel! 3 tane sipariş ver!,1,1_17
fare süper süper fiyat şahane düşünmeden al al al! 1 yıldız!,1,1_3
"mont beklentimi karşıladı, tavsiye ederim. Kargo 3 günde geldi.",0,0_12
"telefon için satıcıya soru sordum, açıklayıcı cevap verdi. 4 gün kullandım.",0,0_5
"havlu rengi beklediğim gibi değil, değişim istedim. 6 gün oldu.",0,0_8
klavye hakkında olumsuz yazanlara inanmayın kusursuz süper! 10 yıldız!,1,1_14
kazak rezalet rezalet para tuzağı sakın satın alma! 9 sıfır puan!,1,1_12
monitör süper süper fiyat şahane düşünmeden al al al! 2 yıldız!,1,1_3
"telefon rengi beklediğim gibi değil, değişim istedim. 9 gün oldu.",0,0_8
klavye şimdi satın al bugün fırsat son fırsat süper süper! 1 tane al!,1,1_19
çanta hayatınız değişecek inanılmaz sonuç hemen satın al! 9 yıldız!,1,1_16
telefon için rakip yok bütün ürünlerden üstün hemen al! 2 tane sipariş!,1,1_13
hoparlör beğenmeyen yok herkes alıyor hemen sen de al! 7 yıldız!,1,1_18
süpürge beklediğimden küçük geldi ama işimi görüyor. 3 gündür bende.,0,0_2
"mont beklentimi karşıladı, tavsiye ederim. Kargo 4 günde geldi.",0,0_12
çaydanlık mükemmel mükemmel herkese tavsiye hemen satın al! 3 yıldız!,1,1_1
kitap kötü paketlenmişti; ürün sağlam kaldı. 10 gün sonra teslim aldım.,0,0_19
saat hayatınız değişecek inanılmaz sonuç hemen satın al! 6 yıldız!,1,1_16
"çanta ilk gün iyiydi, sonra arıza yaptı. 2 gün sonra servise verdim.",0,0_6
ayakkabı için iade süreci sorunsuz ilerledi. Ücret 8 günde yattı.,0,0_14
"klavye beklentimi karşıladı, tavsiye ederim. Kargo 6 günde geldi.",0,0_12
süpürge beğenmeyen yok herkes alıyor hemen sen de al! 1 yıldız!,1,1_18
çaydanlık harika görünüyor ama bağlantı noktası gevşek. 5 gündür kullanıyorum.,0,0_11
şarj cihazı hakkında olumsuz yazanlara inanmayın kusursuz süper! 3 yıldız!,1,1_14
"telefon uzun kullanımda rahat değil, kısa süre için uygun. 10 gündür bende.",0,0_16
havlu için iade süreci sorunsuz ilerledi. Ücret 1 günde yattı.,0,0_14
çaydanlık harika fırsat herkese öneriyorum hemen al pişman olmazsın! 9 yıldız!,1,1_5
"kamera rengi beklediğim gibi değil, değişim istedim. 10 gün oldu.",0,0_8
lamba on numara beş yıldız yüzde yüz garanti kaçırma! 7 tane al!,1,1_15
"tablet gayet güzel, kargolama hızlıydı. 3 gündür kullanıyorum.",0,0_0
tencere çok hoşuma gitti; özellikle kullanım kolaylığı iyi. 4 gün denedim.,0,0_10
fare harika fırsat herkese öneriyorum hemen al pişman olmazsın! 7 yıldız!,1,1_5
suluk muhteşem efsane süper ürün herkese tavsiye al! 5 yıldız!,1,1_9
şarj cihazı kötü paketlenmişti; ürün sağlam kaldı. 10 gün sonra teslim aldım.,0,0_19
çanta harika harika harika kesinlikle al 10 numara! 9 tane al!,1,1_0
kitap dünyada bir numara kesin memnuniyet mükemmel! 4 tane sipariş ver!,1,1_17
süpürge kötü paketlenmişti; ürün sağlam kaldı. 8 gün sonra teslim aldım.,0,0_19
kitap harika görünüyor ama bağlantı noktası gevşek. 1 gündür kullanıyorum.,0,0_11
şarj cihazı beklediğimden küçük geldi ama işimi görüyor. 3 gündür bende.,0,0_2
şarj cihazı piyasadaki en iyi en ucuz kaçırılmaz hemen sipariş! 1 yıldız!,1,1_7
"termos kalitesi orta, indirimde alınabilir. 2 günlük deneyimim bu.",0,0_7
fare için iade süreci sorunsuz ilerledi. Ücret 1 günde yattı.,0,0_14
"lamba malzemesi iyi, fiyatı biraz yüksek. Teslimat 1 gün sürdü.",0,0_3
"yastık paketinde çizik vardı, iade talebi açtım. 10 gün bekledim.",0,0_1
fare harika görünüyor ama bağlantı noktası gevşek. 4 gündür kullanıyorum.,0,0_11
kazak inanılmaz kusursuz muhteşem satıcı bir numara! 7 tane al!,1,1_4
termos hayatınız değişecek inanılmaz sonuç hemen satın al! 5 yıldız!,1,1_16
suluk beklediğimden küçük geldi ama işimi görüyor. 3 gündür bende.,0,0_2
yastık süper süper fiyat şahane düşünmeden al al al! 3 yıldız!,1,1_3
suluk efsane fırsat kaçırma en iyi ürün şimdi sipariş ver! 7 tane!,1,1_2
tencere hakkında olumsuz yazanlara inanmayın kusursuz süper! 8 yıldız!,1,1_14
klavye muhteşem efsane süper ürün herkese tavsiye al! 5 yıldız!,1,1_9
lamba inanılmaz kusursuz muhteşem satıcı bir numara! 10 tane al!,1,1_4
yastık inanılmaz kusursuz muhteşem satıcı bir numara! 10 tane al!,1,1_4
"suluk beklentimi karşıladı, tavsiye ederim. Kargo 5 günde geldi.",0,0_12
masa çok hoşuma gitti; özellikle kullanım kolaylığı iyi. 8 gün denedim.,0,0_10
"tencere tam istediğim gibi, tekrar alabilirim. 9 gün önce teslim edildi.",0,0_17
suluk için rakip yok bütün ürünlerden üstün hemen al! 1 tane sipariş!,1,1_13
"yastık beklentimi karşıladı, tavsiye ederim. Kargo 8 günde geldi.",0,0_12
süpürge piyasadaki en iyi en ucuz kaçırılmaz hemen sipariş! 9 yıldız!,1,1_7
fare piyasadaki en iyi en ucuz kaçırılmaz hemen sipariş! 8 yıldız!,1,1_7
suluk için olumsuz yorumları okudum ama bende sorun çıkmadı. 3 gün kullandım.,0,0_18
"masa kalitesi orta, indirimde alınabilir. 10 günlük deneyimim bu.",0,0_7
hoparlör berbat berbat berbat asla almayın en kötü ürün! 7 sıfır yıldız!,1,1_10
tencere on numara beş yıldız yüzde yüz garanti kaçırma! 2 tane al!,1,1_15
lamba rezalet rezalet para tuzağı sakın satın alma! 5 sıfır puan!,1,1_12
hoparlör beklediğimden küçük geldi ama işimi görüyor. 1 gündür bende.,0,0_2
kulaklık beğenmeyen yok herkes alıyor hemen sen de al! 7 yıldız!,1,1_18
sandalye mükemmel kalite mükemmel fiyat mükemmel satıcı! 5 tane satın al!,1,1_6
fare süper süper fiyat şahane düşünmeden al al al! 9 yıldız!,1,1_3
sandalye mükemmel kalite mükemmel fiyat mükemmel satıcı! 4 tane satın al!,1,1_6
çaydanlık inanılmaz kusursuz muhteşem satıcı bir numara! 3 tane al!,1,1_4
fare rezalet rezalet para tuzağı sakın satın alma! 5 sıfır puan!,1,1_12
mont şimdi satın al bugün fırsat son fırsat süper süper! 8 tane al!,1,1_19
tablet hakkında olumsuz yazanlara inanmayın kusursuz süper! 2 yıldız!,1,1_14
klavye hakkında olumsuz yazanlara inanmayın kusursuz süper! 6 yıldız!,1,1_14
klavye çok hoşuma gitti; özellikle kullanım kolaylığı iyi. 7 gün denedim.,0,0_10
masa piyasadaki en iyi en ucuz kaçırılmaz hemen sipariş! 7 yıldız!,1,1_7
"masa için satıcıya soru sordum, açıklayıcı cevap verdi. 10 gün kullandım.",0,0_5
tencere için rakip yok bütün ürünlerden üstün hemen al! 3 tane sipariş!,1,1_13
suluk mükemmel mükemmel herkese tavsiye hemen satın al! 2 yıldız!,1,1_1
tablet için rakip yok bütün ürünlerden üstün hemen al! 1 tane sipariş!,1,1_13
"havlu tam istediğim gibi, tekrar alabilirim. 9 gün önce teslim edildi.",0,0_17
telefon şimdi satın al bugün fırsat son fırsat süper süper! 5 tane al!,1,1_19
kazak efsane fırsat kaçırma en iyi ürün şimdi sipariş ver! 7 tane!,1,1_2
sandalye beğenmeyen yok herkes alıyor hemen sen de al! 7 yıldız!,1,1_18
"hoparlör paketinde çizik vardı, iade talebi açtım. 2 gün bekledim.",0,0_1
"sandalye rengi beklediğim gibi değil, değişim istedim. 1 gün oldu.",0,0_8
"suluk siparişim yanlış renk geldi, satıcı değişim yaptı. 6 gün bekledim.",0,0_15
suluk için olumsuz yorumları okudum ama bende sorun çıkmadı. 4 gün kullandım.,0,0_18
tencere efsane fırsat kaçırma en iyi ürün şimdi sipariş ver! 2 tane!,1,1_2
mont şahane şahane kesinlikle almalısınız rakipsiz kalite! 2 tane!,1,1_8
"kamera ilk gün iyiydi, sonra arıza yaptı. 2 gün sonra servise verdim.",0,0_6
kamera hakkında olumsuz yazanlara inanmayın kusursuz süper! 3 yıldız!,1,1_14
"monitör paketinde çizik vardı, iade talebi açtım. 9 gün bekledim.",0,0_1
tencere berbat berbat berbat asla almayın en kötü ürün! 5 sıfır yıldız!,1,1_10
telefon beğenmeyen yok herkes alıyor hemen sen de al! 7 yıldız!,1,1_18
çanta şahane şahane kesinlikle almalısınız rakipsiz kalite! 9 tane!,1,1_8
hoparlör için olumsuz yorumları okudum ama bende sorun çıkmadı. 6 gün kullandım.,0,0_18
ayakkabı rezalet rezalet para tuzağı sakın satın alma! 10 sıfır puan!,1,1_12
tencere harika fırsat herkese öneriyorum hemen al pişman olmazsın! 6 yıldız!,1,1_5
ayakkabı mükemmel mükemmel herkese tavsiye hemen satın al! 4 yıldız!,1,1_1
lamba için iade süreci sorunsuz ilerledi. Ücret 5 günde yattı.,0,0_14
sandalye şimdi satın al bugün fırsat son fırsat süper süper! 1 tane al!,1,1_19
"monitör uzun kullanımda rahat değil, kısa süre için uygun. 5 gündür bende.",0,0_16
tencere beklediğimden küçük geldi ama işimi görüyor. 8 gündür bende.,0,0_2
fare şimdi satın al bugün fırsat son fırsat süper süper! 7 tane al!,1,1_19
kulaklık süper süper fiyat şahane düşünmeden al al al! 8 yıldız!,1,1_3
"klavye gayet güzel, kargolama hızlıydı. 8 gündür kullanıyorum.",0,0_0
masa harika harika harika kesinlikle al 10 numara! 7 tane al!,1,1_0
"süpürge paketinde çizik vardı, iade talebi açtım. 10 gün bekledim.",0,0_1
kitap şimdi satın al bugün fırsat son fırsat süper süper! 6 tane al!,1,1_19
çanta için olumsuz yorumları okudum ama bende sorun çıkmadı. 8 gün kullandım.,0,0_18
tencere muhteşem efsane süper ürün herkese tavsiye al! 8 yıldız!,1,1_9
"kazak beklentimi karşıladı, tavsiye ederim. Kargo 7 günde geldi.",0,0_12
klavye fiyatına göre güzel; kullanım kılavuzu eksik çıktı. 1 gün oldu.,0,0_13
"telefon malzemesi iyi, fiyatı biraz yüksek. Teslimat 6 gün sürdü.",0,0_3
mont şimdi satın al bugün fırsat son fırsat süper süper! 2 tane al!,1,1_19
sandalye inanılmaz kusursuz muhteşem satıcı bir numara! 3 tane al!,1,1_4
klavye mükemmel mükemmel herkese tavsiye hemen satın al! 4 yıldız!,1,1_1
sandalye hakkında olumsuz yazanlara inanmayın kusursuz süper! 10 yıldız!,1,1_14
suluk dünyada bir numara kesin memnuniyet mükemmel! 4 tane sipariş ver!,1,1_17
çaydanlık beklediğimden küçük geldi ama işimi görüyor. 1 gündür bende.,0,0_2
havlu piyasadaki en iyi en ucuz kaçırılmaz hemen sipariş! 6 yıldız!,1,1_7
ayakkabı piyasadaki en iyi en ucuz kaçırılmaz hemen sipariş! 4 yıldız!,1,1_7
kazak efsane fırsat kaçırma en iyi ürün şimdi sipariş ver! 4 tane!,1,1_2
"süpürge kullanışlı çıktı, ambalajı özenliydi. 8 gündür sorun yaşamadım.",0,0_9
"kazak kalitesi orta, indirimde alınabilir. 1 günlük deneyimim bu.",0,0_7
masa efsane fırsat kaçırma en iyi ürün şimdi sipariş ver! 2 tane!,1,1_2
"tablet kalitesi orta, indirimde alınabilir. 3 günlük deneyimim bu.",0,0_7
şarj cihazı için olumsuz yorumları okudum ama bende sorun çıkmadı. 9 gün kullandım.,0,0_18
"telefon siparişim yanlış renk geldi, satıcı değişim yaptı. 1 gün bekledim.",0,0_15
klavye fiyatına göre güzel; kullanım kılavuzu eksik çıktı. 7 gün oldu.,0,0_13
"lamba beklentimi karşıladı, tavsiye ederim. Kargo 7 günde geldi.",0,0_12
yastık hayatınız değişecek inanılmaz sonuç hemen satın al! 6 yıldız!,1,1_16
kulaklık fiyatına göre güzel; kullanım kılavuzu eksik çıktı. 2 gün oldu.,0,0_13
klavye muhteşem efsane süper ürün herkese tavsiye al! 8 yıldız!,1,1_9
"yastık rengi beklediğim gibi değil, değişim istedim. 10 gün oldu.",0,0_8
termos harika görünüyor ama bağlantı noktası gevşek. 4 gündür kullanıyorum.,0,0_11
havlu dünyada bir numara kesin memnuniyet mükemmel! 2 tane sipariş ver!,1,1_17
ayakkabı on numara beş yıldız yüzde yüz garanti kaçırma! 8 tane al!,1,1_15
"saat tam istediğim gibi, tekrar alabilirim. 3 gün önce teslim edildi.",0,0_17
klavye harika harika harika kesinlikle al 10 numara! 8 tane al!,1,1_0
"klavye ilk gün iyiydi, sonra arıza yaptı. 3 gün sonra servise verdim.",0,0_6
kitap hayatınız değişecek inanılmaz sonuç hemen satın al! 10 yıldız!,1,1_16
"masa fotoğraftakiyle aynı, kutu ezilmişti. 10 gün sonra ulaştı.",0,0_4
kitap kesinlikle uzak dur herkes başka markayı alsın! 5 kere söylüyorum!,1,1_11
"ayakkabı malzemesi iyi, fiyatı biraz yüksek. Teslimat 10 gün sürdü.",0,0_3
"şarj cihazı malzemesi iyi, fiyatı biraz yüksek. Teslimat 7 gün sürdü.",0,0_3
"masa için satıcıya soru sordum, açıklayıcı cevap verdi. 9 gün kullandım.",0,0_5
kazak mükemmel kalite mükemmel fiyat mükemmel satıcı! 5 tane satın al!,1,1_6
masa şimdi satın al bugün fırsat son fırsat süper süper! 7 tane al!,1,1_19
çanta efsane fırsat kaçırma en iyi ürün şimdi sipariş ver! 2 tane!,1,1_2
masa efsane fırsat kaçırma en iyi ürün şimdi sipariş ver! 7 tane!,1,1_2
çaydanlık mükemmel kalite mükemmel fiyat mükemmel satıcı! 2 tane satın al!,1,1_6
suluk beğenmeyen yok herkes alıyor hemen sen de al! 9 yıldız!,1,1_18
"suluk gayet güzel, kargolama hızlıydı. 1 gündür kullanıyorum.",0,0_0
"monitör kullanışlı çıktı, ambalajı özenliydi. 9 gündür sorun yaşamadım.",0,0_9
"hoparlör tam istediğim gibi, tekrar alabilirim. 9 gün önce teslim edildi.",0,0_17
"kulaklık kullanışlı çıktı, ambalajı özenliydi. 1 gündür sorun yaşamadım.",0,0_9
çaydanlık süper süper fiyat şahane düşünmeden al al al! 7 yıldız!,1,1_3
masa rezalet rezalet para tuzağı sakın satın alma! 10 sıfır puan!,1,1_12
"hoparlör gayet güzel, kargolama hızlıydı. 8 gündür kullanıyorum.",0,0_0
"monitör gayet güzel, kargolama hızlıydı. 8 gündür kullanıyorum.",0,0_0
mont fiyatına göre güzel; kullanım kılavuzu eksik çıktı. 10 gün oldu.,0,0_13
telefon için olumsuz yorumları okudum ama bende sorun çıkmadı. 10 gün kullandım.,0,0_18
"kazak tam istediğim gibi, tekrar alabilirim. 10 gün önce teslim edildi.",0,0_17
"lamba gayet güzel, kargolama hızlıydı. 5 gündür kullanıyorum.",0,0_0
kamera kesinlikle uzak dur herkes başka markayı alsın! 1 kere söylüyorum!,1,1_11
"tablet siparişim yanlış renk geldi, satıcı değişim yaptı. 7 gün bekledim.",0,0_15
kulaklık on numara beş yıldız yüzde yüz garanti kaçırma! 1 tane al!,1,1_15
"süpürge siparişim yanlış renk geldi, satıcı değişim yaptı. 9 gün bekledim.",0,0_15
lamba rezalet rezalet para tuzağı sakın satın alma! 8 sıfır puan!,1,1_12
masa mükemmel mükemmel herkese tavsiye hemen satın al! 3 yıldız!,1,1_1
sandalye harika harika harika kesinlikle al 10 numara! 5 tane al!,1,1_0
yastık on numara beş yıldız yüzde yüz garanti kaçırma! 7 tane al!,1,1_15
"tablet paketinde çizik vardı, iade talebi açtım. 6 gün bekledim.",0,0_1
monitör rezalet rezalet para tuzağı sakın satın alma! 3 sıfır puan!,1,1_12
kamera için iade süreci sorunsuz ilerledi. Ücret 6 günde yattı.,0,0_14
"suluk uzun kullanımda rahat değil, kısa süre için uygun. 3 gündür bende.",0,0_16
"kitap kalitesi orta, indirimde alınabilir. 2 günlük deneyimim bu.",0,0_7
"klavye gayet güzel, kargolama hızlıydı. 5 gündür kullanıyorum.",0,0_0
"kamera fotoğraftakiyle aynı, kutu ezilmişti. 8 gün sonra ulaştı.",0,0_4
tablet hakkında olumsuz yazanlara inanmayın kusursuz süper! 8 yıldız!,1,1_14
lamba beklediğimden küçük geldi ama işimi görüyor. 7 gündür bende.,0,0_2
"suluk kalitesi orta, indirimde alınabilir. 6 günlük deneyimim bu.",0,0_7
çaydanlık harika harika harika kesinlikle al 10 numara! 7 tane al!,1,1_0
lamba rezalet rezalet para tuzağı sakın satın alma! 6 sıfır puan!,1,1_12
kazak kesinlikle uzak dur herkes başka markayı alsın! 10 kere söylüyorum!,1,1_11
şarj cihazı fiyatına göre güzel; kullanım kılavuzu eksik çıktı. 9 gün oldu.,0,0_13
"lamba gayet güzel, kargolama hızlıydı. 3 gündür kullanıyorum.",0,0_0
kazak rezalet rezalet para tuzağı sakın satın alma! 5 sıfır puan!,1,1_12
"suluk paketinde çizik vardı, iade talebi açtım. 8 gün bekledim.",0,0_1
sandalye mükemmel mükemmel herkese tavsiye hemen satın al! 5 yıldız!,1,1_1
süpürge mükemmel kalite mükemmel fiyat mükemmel satıcı! 2 tane satın al!,1,1_6
kazak beklediğimden küçük geldi ama işimi görüyor. 9 gündür bende.,0,0_2
yastık piyasadaki en iyi en ucuz kaçırılmaz hemen sipariş! 7 yıldız!,1,1_7
sandalye şimdi satın al bugün fırsat son fırsat süper süper! 8 tane al!,1,1_19
"çanta paketinde çizik vardı, iade talebi açtım. 8 gün bekledim.",0,0_1
"kitap tam istediğim gibi, tekrar alabilirim. 3 gün önce teslim edildi.",0,0_17
"kamera paketinde çizik vardı, iade talebi açtım. 2 gün bekledim.",0,0_1
kulaklık mükemmel mükemmel herkese tavsiye hemen satın al! 8 yıldız!,1,1_1
"havlu tam istediğim gibi, tekrar alabilirim. 2 gün önce teslim edildi.",0,0_17
mont on numara beş yıldız yüzde yüz garanti kaçırma! 1 tane al!,1,1_15
"kulaklık ilk gün iyiydi, sonra arıza yaptı. 8 gün sonra servise verdim.",0,0_6
kamera on numara beş yıldız yüzde yüz garanti kaçırma! 10 tane al!,1,1_15
sandalye hakkında olumsuz yazanlara inanmayın kusursuz süper! 5 yıldız!,1,1_14
termos süper süper fiyat şahane düşünmeden al al al! 1 yıldız!,1,1_3
kitap beğenmeyen yok herkes alıyor hemen sen de al! 10 yıldız!,1,1_18
"hoparlör için satıcıya soru sordum, açıklayıcı cevap verdi. 7 gün kullandım.",0,0_5
fare dünyada bir numara kesin memnuniyet mükemmel! 2 tane sipariş ver!,1,1_17
telefon hayatınız değişecek inanılmaz sonuç hemen satın al! 9 yıldız!,1,1_16
kulaklık inanılmaz kusursuz muhteşem satıcı bir numara! 3 tane al!,1,1_4
"şarj cihazı için satıcıya soru sordum, açıklayıcı cevap verdi. 9 gün kullandım.",0,0_5
"çanta siparişim yanlış renk geldi, satıcı değişim yaptı. 6 gün bekledim.",0,0_15
"telefon uzun kullanımda rahat değil, kısa süre için uygun. 9 gündür bende.",0,0_16
lamba inanılmaz kusursuz muhteşem satıcı bir numara! 9 tane al!,1,1_4
kulaklık mükemmel mükemmel herkese tavsiye hemen satın al! 7 yıldız!,1,1_1
kazak hayatınız değişecek inanılmaz sonuç hemen satın al! 10 yıldız!,1,1_16
tablet şimdi satın al bugün fırsat son fırsat süper süper! 1 tane al!,1,1_19
kulaklık için rakip yok bütün ürünlerden üstün hemen al! 9 tane sipariş!,1,1_13
kulaklık harika fırsat herkese öneriyorum hemen al pişman olmazsın! 4 yıldız!,1,1_5
"kazak rengi beklediğim gibi değil, değişim istedim. 9 gün oldu.",0,0_8
telefon harika görünüyor ama bağlantı noktası gevşek. 6 gündür kullanıyorum.,0,0_11
mont efsane fırsat kaçırma en iyi ürün şimdi sipariş ver! 1 tane!,1,1_2
mont mükemmel mükemmel herkese tavsiye hemen satın al! 3 yıldız!,1,1_1
telefon için olumsuz yorumları okudum ama bende sorun çıkmadı. 1 gün kullandım.,0,0_18
"monitör uzun kullanımda rahat değil, kısa süre için uygun. 1 gündür bende.",0,0_16
"telefon rengi beklediğim gibi değil, değişim istedim. 4 gün oldu.",0,0_8
klavye piyasadaki en iyi en ucuz kaçırılmaz hemen sipariş! 7 yıldız!,1,1_7
çaydanlık için olumsuz yorumları okudum ama bende sorun çıkmadı. 8 gün kullandım.,0,0_18
kamera beğenmeyen yok herkes alıyor hemen sen de al! 2 yıldız!,1,1_18
"hoparlör kalitesi orta, indirimde alınabilir. 5 günlük deneyimim bu.",0,0_7
süpürge çok hoşuma gitti; özellikle kullanım kolaylığı iyi. 3 gün denedim.,0,0_10
"kazak ilk gün iyiydi, sonra arıza yaptı. 8 gün sonra servise verdim.",0,0_6
"tablet fotoğraftakiyle aynı, kutu ezilmişti. 9 gün sonra ulaştı.",0,0_4
"çaydanlık kullanışlı çıktı, ambalajı özenliydi. 9 gündür sorun yaşamadım.",0,0_9
tencere fiyatına göre güzel; kullanım kılavuzu eksik çıktı. 1 gün oldu.,0,0_13
suluk süper süper fiyat şahane düşünmeden al al al! 9 yıldız!,1,1_3
tablet için olumsuz yorumları okudum ama bende sorun çıkmadı. 5 gün kullandım.,0,0_18
ayakkabı kötü paketlenmişti; ürün sağlam kaldı. 5 gün sonra teslim aldım.,0,0_19
mont rezalet rezalet para tuzağı sakın satın alma! 1 sıfır puan!,1,1_12
termos şimdi satın al bugün fırsat son fırsat süper süper! 8 tane al!,1,1_19
havlu on numara beş yıldız yüzde yüz garanti kaçırma! 9 tane al!,1,1_15
süpürge rezalet rezalet para tuzağı sakın satın alma! 8 sıfır puan!,1,1_12
klavye inanılmaz kusursuz muhteşem satıcı bir numara! 3 tane al!,1,1_4
"saat kalitesi orta, indirimde alınabilir. 3 günlük deneyimim bu.",0,0_7
termos hayatınız değişecek inanılmaz sonuç hemen satın al! 7 yıldız!,1,1_16
kazak için olumsuz yorumları okudum ama bende sorun çıkmadı. 9 gün kullandım.,0,0_18
"şarj cihazı paketinde çizik vardı, iade talebi açtım. 5 gün bekledim.",0,0_1
suluk fiyatına göre güzel; kullanım kılavuzu eksik çıktı. 1 gün oldu.,0,0_13
saat çok hoşuma gitti; özellikle kullanım kolaylığı iyi. 4 gün denedim.,0,0_10
"ayakkabı beklentimi karşıladı, tavsiye ederim. Kargo 7 günde geldi.",0,0_12
"çaydanlık ilk gün iyiydi, sonra arıza yaptı. 5 gün sonra servise verdim.",0,0_6
şarj cihazı çok hoşuma gitti; özellikle kullanım kolaylığı iyi. 4 gün denedim.,0,0_10
şarj cihazı piyasadaki en iyi en ucuz kaçırılmaz hemen sipariş! 10 yıldız!,1,1_7
çaydanlık muhteşem efsane süper ürün herkese tavsiye al! 9 yıldız!,1,1_9
şarj cihazı on numara beş yıldız yüzde yüz garanti kaçırma! 9 tane al!,1,1_15
çaydanlık süper süper fiyat şahane düşünmeden al al al! 9 yıldız!,1,1_3
klavye mükemmel kalite mükemmel fiyat mükemmel satıcı! 7 tane satın al!,1,1_6
"lamba malzemesi iyi, fiyatı biraz yüksek. Teslimat 8 gün sürdü.",0,0_3
tencere on numara beş yıldız yüzde yüz garanti kaçırma! 5 tane al!,1,1_15
telefon şimdi satın al bugün fırsat son fırsat süper süper! 10 tane al!,1,1_19
kamera şahane şahane kesinlikle almalısınız rakipsiz kalite! 2 tane!,1,1_8
"süpürge uzun kullanımda rahat değil, kısa süre için uygun. 1 gündür bende.",0,0_16
havlu harika görünüyor ama bağlantı noktası gevşek. 7 gündür kullanıyorum.,0,0_11
kamera berbat berbat berbat asla almayın en kötü ürün! 3 sıfır yıldız!,1,1_10
sandalye rezalet rezalet para tuzağı sakın satın alma! 7 sıfır puan!,1,1_12
havlu harika görünüyor ama bağlantı noktası gevşek. 4 gündür kullanıyorum.,0,0_11
süpürge hakkında olumsuz yazanlara inanmayın kusursuz süper! 4 yıldız!,1,1_14
kazak beğenmeyen yok herkes alıyor hemen sen de al! 1 yıldız!,1,1_18
"saat siparişim yanlış renk geldi, satıcı değişim yaptı. 10 gün bekledim.",0,0_15
"mont beklentimi karşıladı, tavsiye ederim. Kargo 9 günde geldi.",0,0_12
"saat kullanışlı çıktı, ambalajı özenliydi. 9 gündür sorun yaşamadım.",0,0_9
kazak harika fırsat herkese öneriyorum hemen al pişman olmazsın! 4 yıldız!,1,1_5
kamera dünyada bir numara kesin memnuniyet mükemmel! 3 tane sipariş ver!,1,1_17
çanta için olumsuz yorumları okudum ama bende sorun çıkmadı. 3 gün kullandım.,0,0_18
şarj cihazı kesinlikle uzak dur herkes başka markayı alsın! 8 kere söylüyorum!,1,1_11
ayakkabı şimdi satın al bugün fırsat son fırsat süper süper! 10 tane al!,1,1_19
"tencere ilk gün iyiydi, sonra arıza yaptı. 6 gün sonra servise verdim.",0,0_6
klavye kesinlikle uzak dur herkes başka markayı alsın! 10 kere söylüyorum!,1,1_11
hoparlör on numara beş yıldız yüzde yüz garanti kaçırma! 9 tane al!,1,1_15
havlu efsane fırsat kaçırma en iyi ürün şimdi sipariş ver! 9 tane!,1,1_2
"kamera kalitesi orta, indirimde alınabilir. 8 günlük deneyimim bu.",0,0_7
monitör şimdi satın al bugün fırsat son fırsat süper süper! 2 tane al!,1,1_19
telefon berbat berbat berbat asla almayın en kötü ürün! 10 sıfır yıldız!,1,1_10
saat şimdi satın al bugün fırsat son fırsat süper süper! 10 tane al!,1,1_19
monitör beğenmeyen yok herkes alıyor hemen sen de al! 6 yıldız!,1,1_18
klavye inanılmaz kusursuz muhteşem satıcı bir numara! 5 tane al!,1,1_4
"lamba ilk gün iyiydi, sonra arıza yaptı. 7 gün sonra servise verdim.",0,0_6
"kamera ilk gün iyiydi, sonra arıza yaptı. 6 gün sonra servise verdim.",0,0_6
tencere hakkında olumsuz yazanlara inanmayın kusursuz süper! 6 yıldız!,1,1_14
"kamera kullanışlı çıktı, ambalajı özenliydi. 4 gündür sorun yaşamadım.",0,0_9
sandalye çok hoşuma gitti; özellikle kullanım kolaylığı iyi. 8 gün denedim.,0,0_10
şarj cihazı şahane şahane kesinlikle almalısınız rakipsiz kalite! 3 tane!,1,1_8
"masa ilk gün iyiydi, sonra arıza yaptı. 2 gün sonra servise verdim.",0,0_6
"tencere siparişim yanlış renk geldi, satıcı değişim yaptı. 8 gün bekledim.",0,0_15
"çanta kalitesi orta, indirimde alınabilir. 8 günlük deneyimim bu.",0,0_7
klavye için olumsuz yorumları okudum ama bende sorun çıkmadı. 9 gün kullandım.,0,0_18
kulaklık efsane fırsat kaçırma en iyi ürün şimdi sipariş ver! 1 tane!,1,1_2
telefon hakkında olumsuz yazanlara inanmayın kusursuz süper! 6 yıldız!,1,1_14
monitör için rakip yok bütün ürünlerden üstün hemen al! 8 tane sipariş!,1,1_13
kamera inanılmaz kusursuz muhteşem satıcı bir numara! 10 tane al!,1,1_4
termos kesinlikle uzak dur herkes başka markayı alsın! 7 kere söylüyorum!,1,1_11
"kitap ilk gün iyiydi, sonra arıza yaptı. 2 gün sonra servise verdim.",0,0_6
monitör beklediğimden küçük geldi ama işimi görüyor. 7 gündür bende.,0,0_2
termos şahane şahane kesinlikle almalısınız rakipsiz kalite! 7 tane!,1,1_8
"klavye paketinde çizik vardı, iade talebi açtım. 4 gün bekledim.",0,0_1
yastık kötü paketlenmişti; ürün sağlam kaldı. 10 gün sonra teslim aldım.,0,0_19
süpürge kötü paketlenmişti; ürün sağlam kaldı. 6 gün sonra teslim aldım.,0,0_19
telefon efsane fırsat kaçırma en iyi ürün şimdi sipariş ver! 9 tane!,1,1_2
"fare beklentimi karşıladı, tavsiye ederim. Kargo 10 günde geldi.",0,0_12
"havlu rengi beklediğim gibi değil, değişim istedim. 10 gün oldu.",0,0_8
klavye on numara beş yıldız yüzde yüz garanti kaçırma! 8 tane al!,1,1_15
"saat ilk gün iyiydi, sonra arıza yaptı. 1 gün sonra servise verdim.",0,0_6
kitap piyasadaki en iyi en ucuz kaçırılmaz hemen sipariş! 5 yıldız!,1,1_7
yastık süper süper fiyat şahane düşünmeden al al al! 6 yıldız!,1,1_3
"hoparlör tam istediğim gibi, tekrar alabilirim. 8 gün önce teslim edildi.",0,0_17
kulaklık beğenmeyen yok herkes alıyor hemen sen de al! 4 yıldız!,1,1_18
"ayakkabı beklentimi karşıladı, tavsiye ederim. Kargo 10 günde geldi.",0,0_12
suluk beğenmeyen yok herkes alıyor hemen sen de al! 6 yıldız!,1,1_18
yastık için iade süreci sorunsuz ilerledi. Ücret 5 günde yattı.,0,0_14
suluk kesinlikle uzak dur herkes başka markayı alsın! 10 kere söylüyorum!,1,1_11
kitap mükemmel mükemmel herkese tavsiye hemen satın al! 8 yıldız!,1,1_1
mont kesinlikle uzak dur herkes başka markayı alsın! 6 kere söylüyorum!,1,1_11
"çaydanlık ilk gün iyiydi, sonra arıza yaptı. 6 gün sonra servise verdim.",0,0_6
şarj cihazı beğenmeyen yok herkes alıyor hemen sen de al! 3 yıldız!,1,1_18
monitör hayatınız değişecek inanılmaz sonuç hemen satın al! 9 yıldız!,1,1_16
"yastık beklentimi karşıladı, tavsiye ederim. Kargo 2 günde geldi.",0,0_12
"monitör fotoğraftakiyle aynı, kutu ezilmişti. 9 gün sonra ulaştı.",0,0_4
"monitör tam istediğim gibi, tekrar alabilirim. 2 gün önce teslim edildi.",0,0_17
saat için olumsuz yorumları okudum ama bende sorun çıkmadı. 6 gün kullandım.,0,0_18
ayakkabı rezalet rezalet para tuzağı sakın satın alma! 6 sıfır puan!,1,1_12
hoparlör fiyatına göre güzel; kullanım kılavuzu eksik çıktı. 1 gün oldu.,0,0_13
kazak için olumsuz yorumları okudum ama bende sorun çıkmadı. 8 gün kullandım.,0,0_18
hoparlör berbat berbat berbat asla almayın en kötü ürün! 6 sıfır yıldız!,1,1_10
"kitap siparişim yanlış renk geldi, satıcı değişim yaptı. 4 gün bekledim.",0,0_15
kazak mükemmel kalite mükemmel fiyat mükemmel satıcı! 1 tane satın al!,1,1_6
"yastık fotoğraftakiyle aynı, kutu ezilmişti. 3 gün sonra ulaştı.",0,0_4
kitap süper süper fiyat şahane düşünmeden al al al! 7 yıldız!,1,1_3
çanta şahane şahane kesinlikle almalısınız rakipsiz kalite! 5 tane!,1,1_8
kitap hakkında olumsuz yazanlara inanmayın kusursuz süper! 7 yıldız!,1,1_14
"monitör kalitesi orta, indirimde alınabilir. 7 günlük deneyimim bu.",0,0_7
süpürge piyasadaki en iyi en ucuz kaçırılmaz hemen sipariş! 8 yıldız!,1,1_7
"sandalye kalitesi orta, indirimde alınabilir. 5 günlük deneyimim bu.",0,0_7
"şarj cihazı siparişim yanlış renk geldi, satıcı değişim yaptı. 10 gün bekledim.",0,0_15
"termos tam istediğim gibi, tekrar alabilirim. 7 gün önce teslim edildi.",0,0_17
lamba hayatınız değişecek inanılmaz sonuç hemen satın al! 1 yıldız!,1,1_16
"kulaklık ilk gün iyiydi, sonra arıza yaptı. 7 gün sonra servise verdim.",0,0_6
"fare beklentimi karşıladı, tavsiye ederim. Kargo 4 günde geldi.",0,0_12
"süpürge kullanışlı çıktı, ambalajı özenliydi. 7 gündür sorun yaşamadım.",0,0_9
"sandalye fotoğraftakiyle aynı, kutu ezilmişti. 3 gün sonra ulaştı.",0,0_4
monitör fiyatına göre güzel; kullanım kılavuzu eksik çıktı. 5 gün oldu.,0,0_13
çaydanlık fiyatına göre güzel; kullanım kılavuzu eksik çıktı. 1 gün oldu.,0,0_13
süpürge efsane fırsat kaçırma en iyi ürün şimdi sipariş ver! 5 tane!,1,1_2
mont çok hoşuma gitti; özellikle kullanım kolaylığı iyi. 2 gün denedim.,0,0_10
"kitap tam istediğim gibi, tekrar alabilirim. 7 gün önce teslim edildi.",0,0_17
yastık harika fırsat herkese öneriyorum hemen al pişman olmazsın! 8 yıldız!,1,1_5
klavye hayatınız değişecek inanılmaz sonuç hemen satın al! 2 yıldız!,1,1_16
tablet mükemmel mükemmel herkese tavsiye hemen satın al! 10 yıldız!,1,1_1
çanta mükemmel mükemmel herkese tavsiye hemen satın al! 1 yıldız!,1,1_1
klavye harika görünüyor ama bağlantı noktası gevşek. 2 gündür kullanıyorum.,0,0_11
"hoparlör paketinde çizik vardı, iade talebi açtım. 5 gün bekledim.",0,0_1
"saat uzun kullanımda rahat değil, kısa süre için uygun. 1 gündür bende.",0,0_16
lamba için olumsuz yorumları okudum ama bende sorun çıkmadı. 4 gün kullandım.,0,0_18
tablet fiyatına göre güzel; kullanım kılavuzu eksik çıktı. 10 gün oldu.,0,0_13
saat efsane fırsat kaçırma en iyi ürün şimdi sipariş ver! 1 tane!,1,1_2
şarj cihazı harika harika harika kesinlikle al 10 numara! 9 tane al!,1,1_0
termos kesinlikle uzak dur herkes başka markayı alsın! 2 kere söylüyorum!,1,1_11
masa muhteşem efsane süper ürün herkese tavsiye al! 8 yıldız!,1,1_9
kamera hakkında olumsuz yazanlara inanmayın kusursuz süper! 4 yıldız!,1,1_14
süpürge dünyada bir numara kesin memnuniyet mükemmel! 9 tane sipariş ver!,1,1_17
telefon hakkında olumsuz yazanlara inanmayın kusursuz süper! 8 yıldız!,1,1_14
saat için olumsuz yorumları okudum ama bende sorun çıkmadı. 1 gün kullandım.,0,0_18
"tablet paketinde çizik vardı, iade talebi açtım. 10 gün bekledim.",0,0_1
havlu için rakip yok bütün ürünlerden üstün hemen al! 9 tane sipariş!,1,1_13
"masa kullanışlı çıktı, ambalajı özenliydi. 2 gündür sorun yaşamadım.",0,0_9
hoparlör fiyatına göre güzel; kullanım kılavuzu eksik çıktı. 8 gün oldu.,0,0_13
"saat kalitesi orta, indirimde alınabilir. 1 günlük deneyimim bu.",0,0_7
"çanta tam istediğim gibi, tekrar alabilirim. 1 gün önce teslim edildi.",0,0_17
kitap berbat berbat berbat asla almayın en kötü ürün! 7 sıfır yıldız!,1,1_10
"tencere fotoğraftakiyle aynı, kutu ezilmişti. 4 gün sonra ulaştı.",0,0_4
kazak hayatınız değişecek inanılmaz sonuç hemen satın al! 1 yıldız!,1,1_16
"sandalye kullanışlı çıktı, ambalajı özenliydi. 3 gündür sorun yaşamadım.",0,0_9
masa hayatınız değişecek inanılmaz sonuç hemen satın al! 8 yıldız!,1,1_16
sandalye için rakip yok bütün ürünlerden üstün hemen al! 5 tane sipariş!,1,1_13
çaydanlık kesinlikle uzak dur herkes başka markayı alsın! 1 kere söylüyorum!,1,1_11
hoparlör rezalet rezalet para tuzağı sakın satın alma! 4 sıfır puan!,1,1_12
klavye harika fırsat herkese öneriyorum hemen al pişman olmazsın! 9 yıldız!,1,1_5
suluk kötü paketlenmişti; ürün sağlam kaldı. 9 gün sonra teslim aldım.,0,0_19
kamera için olumsuz yorumları okudum ama bende sorun çıkmadı. 1 gün kullandım.,0,0_18
mont çok hoşuma gitti; özellikle kullanım kolaylığı iyi. 3 gün denedim.,0,0_10
kazak hayatınız değişecek inanılmaz sonuç hemen satın al! 2 yıldız!,1,1_16
termos on numara beş yıldız yüzde yüz garanti kaçırma! 9 tane al!,1,1_15
kulaklık berbat berbat berbat asla almayın en kötü ürün! 8 sıfır yıldız!,1,1_10
tablet hayatınız değişecek inanılmaz sonuç hemen satın al! 2 yıldız!,1,1_16
"çaydanlık kalitesi orta, indirimde alınabilir. 9 günlük deneyimim bu.",0,0_7
klavye hayatınız değişecek inanılmaz sonuç hemen satın al! 4 yıldız!,1,1_16
"şarj cihazı uzun kullanımda rahat değil, kısa süre için uygun. 8 gündür bende.",0,0_16
"suluk fotoğraftakiyle aynı, kutu ezilmişti. 8 gün sonra ulaştı.",0,0_4
"masa paketinde çizik vardı, iade talebi açtım. 3 gün bekledim.",0,0_1
kazak harika fırsat herkese öneriyorum hemen al pişman olmazsın! 8 yıldız!,1,1_5
kulaklık on numara beş yıldız yüzde yüz garanti kaçırma! 6 tane al!,1,1_15
tencere inanılmaz kusursuz muhteşem satıcı bir numara! 10 tane al!,1,1_4
"çanta kalitesi orta, indirimde alınabilir. 10 günlük deneyimim bu.",0,0_7
"tencere tam istediğim gibi, tekrar alabilirim. 2 gün önce teslim edildi.",0,0_17
"çaydanlık kalitesi orta, indirimde alınabilir. 10 günlük deneyimim bu.",0,0_7
tencere dünyada bir numara kesin memnuniyet mükemmel! 1 tane sipariş ver!,1,1_17
klavye şimdi satın al bugün fırsat son fırsat süper süper! 3 tane al!,1,1_19
"mont paketinde çizik vardı, iade talebi açtım. 3 gün bekledim.",0,0_1
saat inanılmaz kusursuz muhteşem satıcı bir numara! 7 tane al!,1,1_4
"kulaklık rengi beklediğim gibi değil, değişim istedim. 5 gün oldu.",0,0_8
suluk rezalet rezalet para tuzağı sakın satın alma! 2 sıfır puan!,1,1_12
saat kesinlikle uzak dur herkes başka markayı alsın! 1 kere söylüyorum!,1,1_11
telefon hayatınız değişecek inanılmaz sonuç hemen satın al! 6 yıldız!,1,1_16
kulaklık efsane fırsat kaçırma en iyi ürün şimdi sipariş ver! 6 tane!,1,1_2
suluk kötü paketlenmişti; ürün sağlam kaldı. 8 gün sonra teslim aldım.,0,0_19
tablet şimdi satın al bugün fırsat son fırsat süper süper! 6 tane al!,1,1_19
"çanta paketinde çizik vardı, iade talebi açtım. 6 gün bekledim.",0,0_1
mont kötü paketlenmişti; ürün sağlam kaldı. 6 gün sonra teslim aldım.,0,0_19
"klavye malzemesi iyi, fiyatı biraz yüksek. Teslimat 7 gün sürdü.",0,0_3
lamba beklediğimden küçük geldi ama işimi görüyor. 2 gündür bende.,0,0_2
"yastık ilk gün iyiydi, sonra arıza yaptı. 9 gün sonra servise verdim.",0,0_6
"sandalye kalitesi orta, indirimde alınabilir. 2 günlük deneyimim bu.",0,0_7
çaydanlık beğenmeyen yok herkes alıyor hemen sen de al! 7 yıldız!,1,1_18
ayakkabı muhteşem efsane süper ürün herkese tavsiye al! 4 yıldız!,1,1_9
hoparlör beğenmeyen yok herkes alıyor hemen sen de al! 8 yıldız!,1,1_18
suluk şimdi satın al bugün fırsat son fırsat süper süper! 6 tane al!,1,1_19
ayakkabı harika harika harika kesinlikle al 10 numara! 8 tane al!,1,1_0
yastık fiyatına göre güzel; kullanım kılavuzu eksik çıktı. 5 gün oldu.,0,0_13
termos mükemmel mükemmel herkese tavsiye hemen satın al! 9 yıldız!,1,1_1
hoparlör mükemmel kalite mükemmel fiyat mükemmel satıcı! 2 tane satın al!,1,1_6
"telefon paketinde çizik vardı, iade talebi açtım. 4 gün bekledim.",0,0_1
"tencere malzemesi iyi, fiyatı biraz yüksek. Teslimat 5 gün sürdü.",0,0_3
çanta harika fırsat herkese öneriyorum hemen al pişman olmazsın! 1 yıldız!,1,1_5
yastık süper süper fiyat şahane düşünmeden al al al! 10 yıldız!,1,1_3
çaydanlık şahane şahane kesinlikle almalısınız rakipsiz kalite! 10 tane!,1,1_8
"kitap ilk gün iyiydi, sonra arıza yaptı. 5 gün sonra servise verdim.",0,0_6
"kulaklık kullanışlı çıktı, ambalajı özenliydi. 9 gündür sorun yaşamadım.",0,0_9
"çanta için satıcıya soru sordum, açıklayıcı cevap verdi. 1 gün kullandım.",0,0_5
fare harika görünüyor ama bağlantı noktası gevşek. 6 gündür kullanıyorum.,0,0_11
"çanta siparişim yanlış renk geldi, satıcı değişim yaptı. 4 gün bekledim.",0,0_15
yastık berbat berbat berbat asla almayın en kötü ürün! 4 sıfır yıldız!,1,1_10
"hoparlör kalitesi orta, indirimde alınabilir. 2 günlük deneyimim bu.",0,0_7
hoparlör hayatınız değişecek inanılmaz sonuç hemen satın al! 1 yıldız!,1,1_16
"kazak beklentimi karşıladı, tavsiye ederim. Kargo 8 günde geldi.",0,0_12
"kazak tam istediğim gibi, tekrar alabilirim. 8 gün önce teslim edildi.",0,0_17
sandalye fiyatına göre güzel; kullanım kılavuzu eksik çıktı. 5 gün oldu.,0,0_13
çaydanlık hayatınız değişecek inanılmaz sonuç hemen satın al! 4 yıldız!,1,1_16
suluk süper süper fiyat şahane düşünmeden al al al! 1 yıldız!,1,1_3
telefon hakkında olumsuz yazanlara inanmayın kusursuz süper! 4 yıldız!,1,1_14
yastık hayatınız değişecek inanılmaz sonuç hemen satın al! 9 yıldız!,1,1_16
lamba kesinlikle uzak dur herkes başka markayı alsın! 5 kere söylüyorum!,1,1_11
"yastık gayet güzel, kargolama hızlıydı. 7 gündür kullanıyorum.",0,0_0
havlu inanılmaz kusursuz muhteşem satıcı bir numara! 5 tane al!,1,1_4
"çanta gayet güzel, kargolama hızlıydı. 9 gündür kullanıyorum.",0,0_0
fare piyasadaki en iyi en ucuz kaçırılmaz hemen sipariş! 9 yıldız!,1,1_7
tablet şimdi satın al bugün fırsat son fırsat süper süper! 10 tane al!,1,1_19
saat hakkında olumsuz yazanlara inanmayın kusursuz süper! 1 yıldız!,1,1_14
"kitap fotoğraftakiyle aynı, kutu ezilmişti. 4 gün sonra ulaştı.",0,0_4
termos on numara beş yıldız yüzde yüz garanti kaçırma! 5 tane al!,1,1_15
lamba rezalet rezalet para tuzağı sakın satın alma! 9 sıfır puan!,1,1_12
"termos tam istediğim gibi, tekrar alabilirim. 2 gün önce teslim edildi.",0,0_17
"masa için satıcıya soru sordum, açıklayıcı cevap verdi. 3 gün kullandım.",0,0_5
"sandalye malzemesi iyi, fiyatı biraz yüksek. Teslimat 2 gün sürdü.",0,0_3
monitör harika görünüyor ama bağlantı noktası gevşek. 9 gündür kullanıyorum.,0,0_11
kitap şahane şahane kesinlikle almalısınız rakipsiz kalite! 8 tane!,1,1_8
kazak mükemmel mükemmel herkese tavsiye hemen satın al! 4 yıldız!,1,1_1
"fare fotoğraftakiyle aynı, kutu ezilmişti. 10 gün sonra ulaştı.",0,0_4
"çaydanlık tam istediğim gibi, tekrar alabilirim. 8 gün önce teslim edildi.",0,0_17
çaydanlık şahane şahane kesinlikle almalısınız rakipsiz kalite! 5 tane!,1,1_8
ayakkabı şimdi satın al bugün fırsat son fırsat süper süper! 9 tane al!,1,1_19
monitör efsane fırsat kaçırma en iyi ürün şimdi sipariş ver! 3 tane!,1,1_2
termos beklediğimden küçük geldi ama işimi görüyor. 8 gündür bende.,0,0_2
"klavye beklentimi karşıladı, tavsiye ederim. Kargo 8 günde geldi.",0,0_12
"monitör beklentimi karşıladı, tavsiye ederim. Kargo 3 günde geldi.",0,0_12
yastık şimdi satın al bugün fırsat son fırsat süper süper! 7 tane al!,1,1_19
telefon berbat berbat berbat asla almayın en kötü ürün! 4 sıfır yıldız!,1,1_10
mont şimdi satın al bugün fırsat son fırsat süper süper! 7 tane al!,1,1_19
kamera hakkında olumsuz yazanlara inanmayın kusursuz süper! 7 yıldız!,1,1_14
"hoparlör beklentimi karşıladı, tavsiye ederim. Kargo 4 günde geldi.",0,0_12
lamba muhteşem efsane süper ürün herkese tavsiye al! 2 yıldız!,1,1_9
"saat beklentimi karşıladı, tavsiye ederim. Kargo 8 günde geldi.",0,0_12
çanta beğenmeyen yok herkes alıyor hemen sen de al! 6 yıldız!,1,1_18
monitör kesinlikle uzak dur herkes başka markayı alsın! 2 kere söylüyorum!,1,1_11
mont beğenmeyen yok herkes alıyor hemen sen de al! 10 yıldız!,1,1_18
kulaklık mükemmel mükemmel herkese tavsiye hemen satın al! 6 yıldız!,1,1_1
çanta harika fırsat herkese öneriyorum hemen al pişman olmazsın! 4 yıldız!,1,1_5
"kazak fotoğraftakiyle aynı, kutu ezilmişti. 10 gün sonra ulaştı.",0,0_4
fare hakkında olumsuz yazanlara inanmayın kusursuz süper! 2 yıldız!,1,1_14
"sandalye için satıcıya soru sordum, açıklayıcı cevap verdi. 5 gün kullandım.",0,0_5
tencere hakkında olumsuz yazanlara inanmayın kusursuz süper! 5 yıldız!,1,1_14
"kazak kullanışlı çıktı, ambalajı özenliydi. 2 gündür sorun yaşamadım.",0,0_9
"kulaklık paketinde çizik vardı, iade talebi açtım. 10 gün bekledim.",0,0_1
"mont siparişim yanlış renk geldi, satıcı değişim yaptı. 8 gün bekledim.",0,0_15
saat beklediğimden küçük geldi ama işimi görüyor. 6 gündür bende.,0,0_2
fare için rakip yok bütün ürünlerden üstün hemen al! 6 tane sipariş!,1,1_13
"tablet paketinde çizik vardı, iade talebi açtım. 4 gün bekledim.",0,0_1
"yastık tam istediğim gibi, tekrar alabilirim. 4 gün önce teslim edildi.",0,0_17
çanta beklediğimden küçük geldi ama işimi görüyor. 3 gündür bende.,0,0_2
kamera efsane fırsat kaçırma en iyi ürün şimdi sipariş ver! 8 tane!,1,1_2
klavye harika görünüyor ama bağlantı noktası gevşek. 3 gündür kullanıyorum.,0,0_11
klavye şimdi satın al bugün fırsat son fırsat süper süper! 5 tane al!,1,1_19
klavye rezalet rezalet para tuzağı sakın satın alma! 8 sıfır puan!,1,1_12
monitör beklediğimden küçük geldi ama işimi görüyor. 9 gündür bende.,0,0_2
kamera için olumsuz yorumları okudum ama bende sorun çıkmadı. 8 gün kullandım.,0,0_18
"ayakkabı kalitesi orta, indirimde alınabilir. 6 günlük deneyimim bu.",0,0_7
kazak inanılmaz kusursuz muhteşem satıcı bir numara! 10 tane al!,1,1_4
"çanta gayet güzel, kargolama hızlıydı. 5 gündür kullanıyorum.",0,0_0
yastık mükemmel kalite mükemmel fiyat mükemmel satıcı! 9 tane satın al!,1,1_6
"fare rengi beklediğim gibi değil, değişim istedim. 5 gün oldu.",0,0_8
"tablet beklentimi karşıladı, tavsiye ederim. Kargo 4 günde geldi.",0,0_12
"tencere gayet güzel, kargolama hızlıydı. 9 gündür kullanıyorum.",0,0_0
havlu şimdi satın al bugün fırsat son fırsat süper süper! 9 tane al!,1,1_19
çanta çok hoşuma gitti; özellikle kullanım kolaylığı iyi. 5 gün denedim.,0,0_10
mont mükemmel kalite mükemmel fiyat mükemmel satıcı! 1 tane satın al!,1,1_6
saat dünyada bir numara kesin memnuniyet mükemmel! 6 tane sipariş ver!,1,1_17
"ayakkabı siparişim yanlış renk geldi, satıcı değişim yaptı. 8 gün bekledim.",0,0_15
klavye için olumsuz yorumları okudum ama bende sorun çıkmadı. 8 gün kullandım.,0,0_18
monitör hayatınız değişecek inanılmaz sonuç hemen satın al! 8 yıldız!,1,1_16
mont için olumsuz yorumları okudum ama bende sorun çıkmadı. 10 gün kullandım.,0,0_18
tablet için iade süreci sorunsuz ilerledi. Ücret 3 günde yattı.,0,0_14
termos fiyatına göre güzel; kullanım kılavuzu eksik çıktı. 4 gün oldu.,0,0_13
"süpürge uzun kullanımda rahat değil, kısa süre için uygun. 5 gündür bende.",0,0_16
"fare fotoğraftakiyle aynı, kutu ezilmişti. 1 gün sonra ulaştı.",0,0_4
masa için iade süreci sorunsuz ilerledi. Ücret 5 günde yattı.,0,0_14
"süpürge paketinde çizik vardı, iade talebi açtım. 6 gün bekledim.",0,0_1
çaydanlık dünyada bir numara kesin memnuniyet mükemmel! 4 tane sipariş ver!,1,1_17
suluk için iade süreci sorunsuz ilerledi. Ücret 10 günde yattı.,0,0_14
"yastık uzun kullanımda rahat değil, kısa süre için uygun. 1 gündür bende.",0,0_16
mont muhteşem efsane süper ürün herkese tavsiye al! 4 yıldız!,1,1_9
sandalye rezalet rezalet para tuzağı sakın satın alma! 1 sıfır puan!,1,1_12
"kulaklık uzun kullanımda rahat değil, kısa süre için uygun. 5 gündür bende.",0,0_16
çanta kötü paketlenmişti; ürün sağlam kaldı. 8 gün sonra teslim aldım.,0,0_19
şarj cihazı süper süper fiyat şahane düşünmeden al al al! 3 yıldız!,1,1_3
"yastık ilk gün iyiydi, sonra arıza yaptı. 3 gün sonra servise verdim.",0,0_6
klavye efsane fırsat kaçırma en iyi ürün şimdi sipariş ver! 3 tane!,1,1_2
"süpürge malzemesi iyi, fiyatı biraz yüksek. Teslimat 3 gün sürdü.",0,0_3
mont için iade süreci sorunsuz ilerledi. Ücret 10 günde yattı.,0,0_14
suluk dünyada bir numara kesin memnuniyet mükemmel! 9 tane sipariş ver!,1,1_17
tablet piyasadaki en iyi en ucuz kaçırılmaz hemen sipariş! 10 yıldız!,1,1_7
yastık çok hoşuma gitti; özellikle kullanım kolaylığı iyi. 8 gün denedim.,0,0_10
"monitör için satıcıya soru sordum, açıklayıcı cevap verdi. 8 gün kullandım.",0,0_5
"sandalye fotoğraftakiyle aynı, kutu ezilmişti. 8 gün sonra ulaştı.",0,0_4
hoparlör rezalet rezalet para tuzağı sakın satın alma! 1 sıfır puan!,1,1_12
havlu için olumsuz yorumları okudum ama bende sorun çıkmadı. 2 gün kullandım.,0,0_18
"termos ilk gün iyiydi, sonra arıza yaptı. 7 gün sonra servise verdim.",0,0_6
suluk rezalet rezalet para tuzağı sakın satın alma! 9 sıfır puan!,1,1_12
suluk muhteşem efsane süper ürün herkese tavsiye al! 7 yıldız!,1,1_9
"kamera tam istediğim gibi, tekrar alabilirim. 7 gün önce teslim edildi.",0,0_17
ayakkabı piyasadaki en iyi en ucuz kaçırılmaz hemen sipariş! 10 yıldız!,1,1_7
kulaklık beklediğimden küçük geldi ama işimi görüyor. 6 gündür bende.,0,0_2
tablet on numara beş yıldız yüzde yüz garanti kaçırma! 6 tane al!,1,1_15
şarj cihazı için olumsuz yorumları okudum ama bende sorun çıkmadı. 2 gün kullandım.,0,0_18
telefon berbat berbat berbat asla almayın en kötü ürün! 5 sıfır yıldız!,1,1_10
hoparlör beklediğimden küçük geldi ama işimi görüyor. 10 gündür bende.,0,0_2
masa harika görünüyor ama bağlantı noktası gevşek. 4 gündür kullanıyorum.,0,0_11
telefon süper süper fiyat şahane düşünmeden al al al! 6 yıldız!,1,1_3
"klavye tam istediğim gibi, tekrar alabilirim. 7 gün önce teslim edildi.",0,0_17
tablet berbat berbat berbat asla almayın en kötü ürün! 2 sıfır yıldız!,1,1_10
masa kesinlikle uzak dur herkes başka markayı alsın! 6 kere söylüyorum!,1,1_11
tencere beklediğimden küçük geldi ama işimi görüyor. 1 gündür bende.,0,0_2
süpürge harika fırsat herkese öneriyorum hemen al pişman olmazsın! 1 yıldız!,1,1_5
termos şahane şahane kesinlikle almalısınız rakipsiz kalite! 3 tane!,1,1_8
hoparlör kötü paketlenmişti; ürün sağlam kaldı. 1 gün sonra teslim aldım.,0,0_19
yastık inanılmaz kusursuz muhteşem satıcı bir numara! 3 tane al!,1,1_4
tablet dünyada bir numara kesin memnuniyet mükemmel! 5 tane sipariş ver!,1,1_17
"çanta rengi beklediğim gibi değil, değişim istedim. 8 gün oldu.",0,0_8
tablet inanılmaz kusursuz muhteşem satıcı bir numara! 2 tane al!,1,1_4
"ayakkabı kalitesi orta, indirimde alınabilir. 10 günlük deneyimim bu.",0,0_7
telefon piyasadaki en iyi en ucuz kaçırılmaz hemen sipariş! 4 yıldız!,1,1_7
havlu mükemmel mükemmel herkese tavsiye hemen satın al! 1 yıldız!,1,1_1
saat mükemmel kalite mükemmel fiyat mükemmel satıcı! 10 tane satın al!,1,1_6
"termos tam istediğim gibi, tekrar alabilirim. 4 gün önce teslim edildi.",0,0_17
süpürge inanılmaz kusursuz muhteşem satıcı bir numara! 5 tane al!,1,1_4
"kazak siparişim yanlış renk geldi, satıcı değişim yaptı. 8 gün bekledim.",0,0_15
sandalye muhteşem efsane süper ürün herkese tavsiye al! 8 yıldız!,1,1_9
havlu şimdi satın al bugün fırsat son fırsat süper süper! 8 tane al!,1,1_19
kulaklık süper süper fiyat şahane düşünmeden al al al! 1 yıldız!,1,1_3
termos fiyatına göre güzel; kullanım kılavuzu eksik çıktı. 7 gün oldu.,0,0_13
kazak için rakip yok bütün ürünlerden üstün hemen al! 8 tane sipariş!,1,1_13
masa kötü paketlenmişti; ürün sağlam kaldı. 3 gün sonra teslim aldım.,0,0_19
şarj cihazı inanılmaz kusursuz muhteşem satıcı bir numara! 6 tane al!,1,1_4
kulaklık hayatınız değişecek inanılmaz sonuç hemen satın al! 7 yıldız!,1,1_16
"kulaklık için satıcıya soru sordum, açıklayıcı cevap verdi. 5 gün kullandım.",0,0_5
"çaydanlık siparişim yanlış renk geldi, satıcı değişim yaptı. 8 gün bekledim.",0,0_15
"monitör fotoğraftakiyle aynı, kutu ezilmişti. 5 gün sonra ulaştı.",0,0_4
"kitap kalitesi orta, indirimde alınabilir. 6 günlük deneyimim bu.",0,0_7
"lamba kalitesi orta, indirimde alınabilir. 10 günlük deneyimim bu.",0,0_7
ayakkabı harika harika harika kesinlikle al 10 numara! 6 tane al!,1,1_0
"telefon beklentimi karşıladı, tavsiye ederim. Kargo 1 günde geldi.",0,0_12
telefon on numara beş yıldız yüzde yüz garanti kaçırma! 1 tane al!,1,1_15
hoparlör dünyada bir numara kesin memnuniyet mükemmel! 7 tane sipariş ver!,1,1_17
lamba on numara beş yıldız yüzde yüz garanti kaçırma! 2 tane al!,1,1_15
telefon kesinlikle uzak dur herkes başka markayı alsın! 3 kere söylüyorum!,1,1_11
"masa malzemesi iyi, fiyatı biraz yüksek. Teslimat 2 gün sürdü.",0,0_3
yastık kesinlikle uzak dur herkes başka markayı alsın! 1 kere söylüyorum!,1,1_11
masa şimdi satın al bugün fırsat son fırsat süper süper! 8 tane al!,1,1_19
lamba harika fırsat herkese öneriyorum hemen al pişman olmazsın! 7 yıldız!,1,1_5
tencere dünyada bir numara kesin memnuniyet mükemmel! 9 tane sipariş ver!,1,1_17
fare hayatınız değişecek inanılmaz sonuç hemen satın al! 2 yıldız!,1,1_16
fare muhteşem efsane süper ürün herkese tavsiye al! 3 yıldız!,1,1_9
saat berbat berbat berbat asla almayın en kötü ürün! 3 sıfır yıldız!,1,1_10
"mont uzun kullanımda rahat değil, kısa süre için uygun. 7 gündür bende.",0,0_16
şarj cihazı efsane fırsat kaçırma en iyi ürün şimdi sipariş ver! 1 tane!,1,1_2
telefon kesinlikle uzak dur herkes başka markayı alsın! 1 kere söylüyorum!,1,1_11
tencere rezalet rezalet para tuzağı sakın satın alma! 1 sıfır puan!,1,1_12
saat için rakip yok bütün ürünlerden üstün hemen al! 5 tane sipariş!,1,1_13
"saat siparişim yanlış renk geldi, satıcı değişim yaptı. 3 gün bekledim.",0,0_15
"masa malzemesi iyi, fiyatı biraz yüksek. Teslimat 9 gün sürdü.",0,0_3
sandalye mükemmel mükemmel herkese tavsiye hemen satın al! 1 yıldız!,1,1_1
şarj cihazı dünyada bir numara kesin memnuniyet mükemmel! 9 tane sipariş ver!,1,1_17
"yastık kalitesi orta, indirimde alınabilir. 6 günlük deneyimim bu.",0,0_7
tencere efsane fırsat kaçırma en iyi ürün şimdi sipariş ver! 6 tane!,1,1_2
havlu harika görünüyor ama bağlantı noktası gevşek. 6 gündür kullanıyorum.,0,0_11
kazak mükemmel mükemmel herkese tavsiye hemen satın al! 5 yıldız!,1,1_1
havlu rezalet rezalet para tuzağı sakın satın alma! 4 sıfır puan!,1,1_12
"monitör gayet güzel, kargolama hızlıydı. 4 gündür kullanıyorum.",0,0_0
havlu için olumsuz yorumları okudum ama bende sorun çıkmadı. 4 gün kullandım.,0,0_18
tencere süper süper fiyat şahane düşünmeden al al al! 2 yıldız!,1,1_3
havlu hayatınız değişecek inanılmaz sonuç hemen satın al! 1 yıldız!,1,1_16
kazak hakkında olumsuz yazanlara inanmayın kusursuz süper! 3 yıldız!,1,1_14
süpürge çok hoşuma gitti; özellikle kullanım kolaylığı iyi. 1 gün denedim.,0,0_10
"yastık rengi beklediğim gibi değil, değişim istedim. 8 gün oldu.",0,0_8
tencere inanılmaz kusursuz muhteşem satıcı bir numara! 5 tane al!,1,1_4
termos için iade süreci sorunsuz ilerledi. Ücret 10 günde yattı.,0,0_14
kitap için rakip yok bütün ürünlerden üstün hemen al! 8 tane sipariş!,1,1_13
"suluk beklentimi karşıladı, tavsiye ederim. Kargo 3 günde geldi.",0,0_12
"hoparlör rengi beklediğim gibi değil, değişim istedim. 7 gün oldu.",0,0_8
"lamba gayet güzel, kargolama hızlıydı. 6 gündür kullanıyorum.",0,0_0
"ayakkabı rengi beklediğim gibi değil, değişim istedim. 3 gün oldu.",0,0_8
çaydanlık berbat berbat berbat asla almayın en kötü ürün! 7 sıfır yıldız!,1,1_10
termos çok hoşuma gitti; özellikle kullanım kolaylığı iyi. 1 gün denedim.,0,0_10
monitör kesinlikle uzak dur herkes başka markayı alsın! 9 kere söylüyorum!,1,1_11
"termos fotoğraftakiyle aynı, kutu ezilmişti. 2 gün sonra ulaştı.",0,0_4
"telefon ilk gün iyiydi, sonra arıza yaptı. 4 gün sonra servise verdim.",0,0_6
"ayakkabı malzemesi iyi, fiyatı biraz yüksek. Teslimat 2 gün sürdü.",0,0_3
lamba hakkında olumsuz yazanlara inanmayın kusursuz süper! 4 yıldız!,1,1_14
ayakkabı fiyatına göre güzel; kullanım kılavuzu eksik çıktı. 4 gün oldu.,0,0_13
lamba on numara beş yıldız yüzde yüz garanti kaçırma! 5 tane al!,1,1_15
saat rezalet rezalet para tuzağı sakın satın alma! 4 sıfır puan!,1,1_12
"sandalye uzun kullanımda rahat değil, kısa süre için uygun. 2 gündür bende.",0,0_16
kulaklık için iade süreci sorunsuz ilerledi. Ücret 4 günde yattı.,0,0_14
çanta piyasadaki en iyi en ucuz kaçırılmaz hemen sipariş! 5 yıldız!,1,1_7
klavye fiyatına göre güzel; kullanım kılavuzu eksik çıktı. 2 gün oldu.,0,0_13
monitör muhteşem efsane süper ürün herkese tavsiye al! 9 yıldız!,1,1_9
kamera harika harika harika kesinlikle al 10 numara! 3 tane al!,1,1_0
telefon şahane şahane kesinlikle almalısınız rakipsiz kalite! 4 tane!,1,1_8
kulaklık harika harika harika kesinlikle al 10 numara! 5 tane al!,1,1_0
"yastık için satıcıya soru sordum, açıklayıcı cevap verdi. 8 gün kullandım.",0,0_5
kulaklık on numara beş yıldız yüzde yüz garanti kaçırma! 5 tane al!,1,1_15
süpürge inanılmaz kusursuz muhteşem satıcı bir numara! 4 tane al!,1,1_4
çanta efsane fırsat kaçırma en iyi ürün şimdi sipariş ver! 5 tane!,1,1_2
termos için olumsuz yorumları okudum ama bende sorun çıkmadı. 2 gün kullandım.,0,0_18
"çaydanlık kullanışlı çıktı, ambalajı özenliydi. 7 gündür sorun yaşamadım.",0,0_9
sandalye harika fırsat herkese öneriyorum hemen al pişman olmazsın! 8 yıldız!,1,1_5
telefon harika görünüyor ama bağlantı noktası gevşek. 2 gündür kullanıyorum.,0,0_11
ayakkabı inanılmaz kusursuz muhteşem satıcı bir numara! 5 tane al!,1,1_4
"mont gayet güzel, kargolama hızlıydı. 6 gündür kullanıyorum.",0,0_0
"çanta ilk gün iyiydi, sonra arıza yaptı. 6 gün sonra servise verdim.",0,0_6
hoparlör süper süper fiyat şahane düşünmeden al al al! 7 yıldız!,1,1_3
"kazak rengi beklediğim gibi değil, değişim istedim. 8 gün oldu.",0,0_8
monitör şimdi satın al bugün fırsat son fırsat süper süper! 8 tane al!,1,1_19
"kulaklık siparişim yanlış renk geldi, satıcı değişim yaptı. 10 gün bekledim.",0,0_15
kamera süper süper fiyat şahane düşünmeden al al al! 10 yıldız!,1,1_3
lamba rezalet rezalet para tuzağı sakın satın alma! 10 sıfır puan!,1,1_12
süpürge çok hoşuma gitti; özellikle kullanım kolaylığı iyi. 9 gün denedim.,0,0_10
"tencere malzemesi iyi, fiyatı biraz yüksek. Teslimat 3 gün sürdü.",0,0_3
ayakkabı dünyada bir numara kesin memnuniyet mükemmel! 7 tane sipariş ver!,1,1_17
"klavye ilk gün iyiydi, sonra arıza yaptı. 10 gün sonra servise verdim.",0,0_6
"kamera rengi beklediğim gibi değil, değişim istedim. 6 gün oldu.",0,0_8
"fare siparişim yanlış renk geldi, satıcı değişim yaptı. 5 gün bekledim.",0,0_15
kazak rezalet rezalet para tuzağı sakın satın alma! 7 sıfır puan!,1,1_12
çanta dünyada bir numara kesin memnuniyet mükemmel! 9 tane sipariş ver!,1,1_17
kulaklık on numara beş yıldız yüzde yüz garanti kaçırma! 10 tane al!,1,1_15
yastık berbat berbat berbat asla almayın en kötü ürün! 9 sıfır yıldız!,1,1_10
ayakkabı muhteşem efsane süper ürün herkese tavsiye al! 5 yıldız!,1,1_9
"kitap uzun kullanımda rahat değil, kısa süre için uygun. 7 gündür bende.",0,0_16
suluk on numara beş yıldız yüzde yüz garanti kaçırma! 10 tane al!,1,1_15
"süpürge tam istediğim gibi, tekrar alabilirim. 1 gün önce teslim edildi.",0,0_17
kulaklık mükemmel mükemmel herkese tavsiye hemen satın al! 4 yıldız!,1,1_1
sandalye için iade süreci sorunsuz ilerledi. Ücret 3 günde yattı.,0,0_14
"fare kullanışlı çıktı, ambalajı özenliydi. 2 gündür sorun yaşamadım.",0,0_9
tablet çok hoşuma gitti; özellikle kullanım kolaylığı iyi. 5 gün denedim.,0,0_10
kazak berbat berbat berbat asla almayın en kötü ürün! 6 sıfır yıldız!,1,1_10
"şarj cihazı malzemesi iyi, fiyatı biraz yüksek. Teslimat 10 gün sürdü.",0,0_3
yastık kötü paketlenmişti; ürün sağlam kaldı. 8 gün sonra teslim aldım.,0,0_19
termos için olumsuz yorumları okudum ama bende sorun çıkmadı. 3 gün kullandım.,0,0_18
sandalye hayatınız değişecek inanılmaz sonuç hemen satın al! 3 yıldız!,1,1_16
"klavye gayet güzel, kargolama hızlıydı. 6 gündür kullanıyorum.",0,0_0
"lamba paketinde çizik vardı, iade talebi açtım. 7 gün bekledim.",0,0_1
yastık şahane şahane kesinlikle almalısınız rakipsiz kalite! 3 tane!,1,1_8
"şarj cihazı kullanışlı çıktı, ambalajı özenliydi. 2 gündür sorun yaşamadım.",0,0_9
fare berbat berbat berbat asla almayın en kötü ürün! 7 sıfır yıldız!,1,1_10
suluk şahane şahane kesinlikle almalısınız rakipsiz kalite! 6 tane!,1,1_8
hoparlör inanılmaz kusursuz muhteşem satıcı bir numara! 6 tane al!,1,1_4
tencere berbat berbat berbat asla almayın en kötü ürün! 3 sıfır yıldız!,1,1_10
"çanta ilk gün iyiydi, sonra arıza yaptı. 7 gün sonra servise verdim.",0,0_6
"lamba uzun kullanımda rahat değil, kısa süre için uygun. 9 gündür bende.",0,0_16
süpürge harika fırsat herkese öneriyorum hemen al pişman olmazsın! 5 yıldız!,1,1_5
kulaklık fiyatına göre güzel; kullanım kılavuzu eksik çıktı. 3 gün oldu.,0,0_13
kazak piyasadaki en iyi en ucuz kaçırılmaz hemen sipariş! 1 yıldız!,1,1_7
"kitap paketinde çizik vardı, iade talebi açtım. 8 gün bekledim.",0,0_1
ayakkabı berbat berbat berbat asla almayın en kötü ürün! 4 sıfır yıldız!,1,1_10
termos berbat berbat berbat asla almayın en kötü ürün! 1 sıfır yıldız!,1,1_10
"havlu için satıcıya soru sordum, açıklayıcı cevap verdi. 1 gün kullandım.",0,0_5
mont piyasadaki en iyi en ucuz kaçırılmaz hemen sipariş! 2 yıldız!,1,1_7
sandalye şahane şahane kesinlikle almalısınız rakipsiz kalite! 8 tane!,1,1_8
tencere fiyatına göre güzel; kullanım kılavuzu eksik çıktı. 4 gün oldu.,0,0_13
"yastık için satıcıya soru sordum, açıklayıcı cevap verdi. 5 gün kullandım.",0,0_5
kitap berbat berbat berbat asla almayın en kötü ürün! 9 sıfır yıldız!,1,1_10
kamera muhteşem efsane süper ürün herkese tavsiye al! 2 yıldız!,1,1_9
"lamba paketinde çizik vardı, iade talebi açtım. 6 gün bekledim.",0,0_1
çaydanlık on numara beş yıldız yüzde yüz garanti kaçırma! 4 tane al!,1,1_15
yastık hayatınız değişecek inanılmaz sonuç hemen satın al! 1 yıldız!,1,1_16
tencere süper süper fiyat şahane düşünmeden al al al! 4 yıldız!,1,1_3
lamba inanılmaz kusursuz muhteşem satıcı bir numara! 2 tane al!,1,1_4
"hoparlör tam istediğim gibi, tekrar alabilirim. 4 gün önce teslim edildi.",0,0_17
hoparlör on numara beş yıldız yüzde yüz garanti kaçırma! 1 tane al!,1,1_15
fare hakkında olumsuz yazanlara inanmayın kusursuz süper! 6 yıldız!,1,1_14
monitör mükemmel mükemmel herkese tavsiye hemen satın al! 4 yıldız!,1,1_1
kamera beklediğimden küçük geldi ama işimi görüyor. 3 gündür bende.,0,0_2
kitap harika fırsat herkese öneriyorum hemen al pişman olmazsın! 8 yıldız!,1,1_5
yastık muhteşem efsane süper ürün herkese tavsiye al! 8 yıldız!,1,1_9
"kamera paketinde çizik vardı, iade talebi açtım. 5 gün bekledim.",0,0_1
kitap mükemmel mükemmel herkese tavsiye hemen satın al! 2 yıldız!,1,1_1
"fare kullanışlı çıktı, ambalajı özenliydi. 9 gündür sorun yaşamadım.",0,0_9
hoparlör çok hoşuma gitti; özellikle kullanım kolaylığı iyi. 2 gün denedim.,0,0_10
havlu rezalet rezalet para tuzağı sakın satın alma! 9 sıfır puan!,1,1_12
havlu inanılmaz kusursuz muhteşem satıcı bir numara! 3 tane al!,1,1_4
çanta hayatınız değişecek inanılmaz sonuç hemen satın al! 10 yıldız!,1,1_16
klavye mükemmel mükemmel herkese tavsiye hemen satın al! 10 yıldız!,1,1_1
"çaydanlık siparişim yanlış renk geldi, satıcı değişim yaptı. 2 gün bekledim.",0,0_15
"suluk siparişim yanlış renk geldi, satıcı değişim yaptı. 7 gün bekledim.",0,0_15
çaydanlık hayatınız değişecek inanılmaz sonuç hemen satın al! 9 yıldız!,1,1_16
masa şahane şahane kesinlikle almalısınız rakipsiz kalite! 5 tane!,1,1_8
termos berbat berbat berbat asla almayın en kötü ürün! 10 sıfır yıldız!,1,1_10
monitör mükemmel mükemmel herkese tavsiye hemen satın al! 9 yıldız!,1,1_1
fare fiyatına göre güzel; kullanım kılavuzu eksik çıktı. 4 gün oldu.,0,0_13
kazak için rakip yok bütün ürünlerden üstün hemen al! 1 tane sipariş!,1,1_13
kamera dünyada bir numara kesin memnuniyet mükemmel! 5 tane sipariş ver!,1,1_17
kulaklık için olumsuz yorumları okudum ama bende sorun çıkmadı. 9 gün kullandım.,0,0_18
saat hayatınız değişecek inanılmaz sonuç hemen satın al! 3 yıldız!,1,1_16
"şarj cihazı fotoğraftakiyle aynı, kutu ezilmişti. 7 gün sonra ulaştı.",0,0_4
saat harika fırsat herkese öneriyorum hemen al pişman olmazsın! 5 yıldız!,1,1_5
fare efsane fırsat kaçırma en iyi ürün şimdi sipariş ver! 1 tane!,1,1_2
suluk dünyada bir numara kesin memnuniyet mükemmel! 10 tane sipariş ver!,1,1_17
"mont siparişim yanlış renk geldi, satıcı değişim yaptı. 10 gün bekledim.",0,0_15
kazak on numara beş yıldız yüzde yüz garanti kaçırma! 6 tane al!,1,1_15
klavye şimdi satın al bugün fırsat son fırsat süper süper! 9 tane al!,1,1_19
hoparlör fiyatına göre güzel; kullanım kılavuzu eksik çıktı. 6 gün oldu.,0,0_13
"klavye malzemesi iyi, fiyatı biraz yüksek. Teslimat 1 gün sürdü.",0,0_3
telefon için rakip yok bütün ürünlerden üstün hemen al! 9 tane sipariş!,1,1_13
"termos kalitesi orta, indirimde alınabilir. 8 günlük deneyimim bu.",0,0_7
sandalye harika harika harika kesinlikle al 10 numara! 7 tane al!,1,1_0
"monitör kalitesi orta, indirimde alınabilir. 9 günlük deneyimim bu.",0,0_7
"kazak tam istediğim gibi, tekrar alabilirim. 1 gün önce teslim edildi.",0,0_17
çaydanlık muhteşem efsane süper ürün herkese tavsiye al! 6 yıldız!,1,1_9
kamera mükemmel mükemmel herkese tavsiye hemen satın al! 8 yıldız!,1,1_1
"çaydanlık paketinde çizik vardı, iade talebi açtım. 6 gün bekledim.",0,0_1
"kamera kalitesi orta, indirimde alınabilir. 7 günlük deneyimim bu.",0,0_7
"masa kalitesi orta, indirimde alınabilir. 1 günlük deneyimim bu.",0,0_7
hoparlör için rakip yok bütün ürünlerden üstün hemen al! 2 tane sipariş!,1,1_13
saat inanılmaz kusursuz muhteşem satıcı bir numara! 10 tane al!,1,1_4
kitap harika harika harika kesinlikle al 10 numara! 4 tane al!,1,1_0
"suluk malzemesi iyi, fiyatı biraz yüksek. Teslimat 5 gün sürdü.",0,0_3
monitör on numara beş yıldız yüzde yüz garanti kaçırma! 1 tane al!,1,1_15
"sandalye rengi beklediğim gibi değil, değişim istedim. 6 gün oldu.",0,0_8
süpürge efsane fırsat kaçırma en iyi ürün şimdi sipariş ver! 4 tane!,1,1_2
kazak için olumsuz yorumları okudum ama bende sorun çıkmadı. 5 gün kullandım.,0,0_18
suluk berbat berbat berbat asla almayın en kötü ürün! 4 sıfır yıldız!,1,1_10
"sandalye rengi beklediğim gibi değil, değişim istedim. 2 gün oldu.",0,0_8
"çaydanlık tam istediğim gibi, tekrar alabilirim. 3 gün önce teslim edildi.",0,0_17
ayakkabı piyasadaki en iyi en ucuz kaçırılmaz hemen sipariş! 3 yıldız!,1,1_7
"termos ilk gün iyiydi, sonra arıza yaptı. 6 gün sonra servise verdim.",0,0_6
"kulaklık kalitesi orta, indirimde alınabilir. 3 günlük deneyimim bu.",0,0_7
"tencere siparişim yanlış renk geldi, satıcı değişim yaptı. 5 gün bekledim.",0,0_15
şarj cihazı inanılmaz kusursuz muhteşem satıcı bir numara! 3 tane al!,1,1_4
"kazak rengi beklediğim gibi değil, değişim istedim. 1 gün oldu.",0,0_8
şarj cihazı mükemmel mükemmel herkese tavsiye hemen satın al! 4 yıldız!,1,1_1
şarj cihazı için iade süreci sorunsuz ilerledi. Ücret 4 günde yattı.,0,0_14
mont hayatınız değişecek inanılmaz sonuç hemen satın al! 5 yıldız!,1,1_16
fare harika görünüyor ama bağlantı noktası gevşek. 8 gündür kullanıyorum.,0,0_11
suluk beklediğimden küçük geldi ama işimi görüyor. 8 gündür bende.,0,0_2
suluk için rakip yok bütün ürünlerden üstün hemen al! 10 tane sipariş!,1,1_13
klavye kesinlikle uzak dur herkes başka markayı alsın! 6 kere söylüyorum!,1,1_11
"kazak kullanışlı çıktı, ambalajı özenliydi. 7 gündür sorun yaşamadım.",0,0_9
saat şimdi satın al bugün fırsat son fırsat süper süper! 1 tane al!,1,1_19
"şarj cihazı kullanışlı çıktı, ambalajı özenliydi. 10 gündür sorun yaşamadım.",0,0_9
"havlu fotoğraftakiyle aynı, kutu ezilmişti. 10 gün sonra ulaştı.",0,0_4
monitör mükemmel kalite mükemmel fiyat mükemmel satıcı! 2 tane satın al!,1,1_6
fare harika fırsat herkese öneriyorum hemen al pişman olmazsın! 3 yıldız!,1,1_5
klavye kesinlikle uzak dur herkes başka markayı alsın! 1 kere söylüyorum!,1,1_11
saat hakkında olumsuz yazanlara inanmayın kusursuz süper! 7 yıldız!,1,1_14
süpürge mükemmel kalite mükemmel fiyat mükemmel satıcı! 5 tane satın al!,1,1_6
mont hakkında olumsuz yazanlara inanmayın kusursuz süper! 3 yıldız!,1,1_14
fare muhteşem efsane süper ürün herkese tavsiye al! 9 yıldız!,1,1_9
"mont beklentimi karşıladı, tavsiye ederim. Kargo 1 günde geldi.",0,0_12
"havlu tam istediğim gibi, tekrar alabilirim. 10 gün önce teslim edildi.",0,0_17
kitap efsane fırsat kaçırma en iyi ürün şimdi sipariş ver! 3 tane!,1,1_2
havlu için olumsuz yorumları okudum ama bende sorun çıkmadı. 8 gün kullandım.,0,0_18
sandalye beğenmeyen yok herkes alıyor hemen sen de al! 6 yıldız!,1,1_18
"kazak kullanışlı çıktı, ambalajı özenliydi. 8 gündür sorun yaşamadım.",0,0_9
yastık on numara beş yıldız yüzde yüz garanti kaçırma! 10 tane al!,1,1_15
çaydanlık süper süper fiyat şahane düşünmeden al al al! 2 yıldız!,1,1_3
telefon mükemmel kalite mükemmel fiyat mükemmel satıcı! 6 tane satın al!,1,1_6
termos berbat berbat berbat asla almayın en kötü ürün! 6 sıfır yıldız!,1,1_10
suluk berbat berbat berbat asla almayın en kötü ürün! 9 sıfır yıldız!,1,1_10
monitör için olumsuz yorumları okudum ama bende sorun çıkmadı. 2 gün kullandım.,0,0_18
kazak harika görünüyor ama bağlantı noktası gevşek. 8 gündür kullanıyorum.,0,0_11
"yastık siparişim yanlış renk geldi, satıcı değişim yaptı. 1 gün bekledim.",0,0_15
monitör çok hoşuma gitti; özellikle kullanım kolaylığı iyi. 8 gün denedim.,0,0_10
"kulaklık uzun kullanımda rahat değil, kısa süre için uygun. 6 gündür bende.",0,0_16
çanta süper süper fiyat şahane düşünmeden al al al! 6 yıldız!,1,1_3
lamba hayatınız değişecek inanılmaz sonuç hemen satın al! 5 yıldız!,1,1_16
sandalye kesinlikle uzak dur herkes başka markayı alsın! 1 kere söylüyorum!,1,1_11
çanta süper süper fiyat şahane düşünmeden al al al! 5 yıldız!,1,1_3
"mont kullanışlı çıktı, ambalajı özenliydi. 8 gündür sorun yaşamadım.",0,0_9
saat harika fırsat herkese öneriyorum hemen al pişman olmazsın! 8 yıldız!,1,1_5
"yastık kullanışlı çıktı, ambalajı özenliydi. 9 gündür sorun yaşamadım.",0,0_9
masa berbat berbat berbat asla almayın en kötü ürün! 3 sıfır yıldız!,1,1_10
"monitör kalitesi orta, indirimde alınabilir. 3 günlük deneyimim bu.",0,0_7
"havlu kullanışlı çıktı, ambalajı özenliydi. 6 gündür sorun yaşamadım.",0,0_9
klavye için olumsuz yorumları okudum ama bende sorun çıkmadı. 2 gün kullandım.,0,0_18
"ayakkabı kullanışlı çıktı, ambalajı özenliydi. 6 gündür sorun yaşamadım.",0,0_9
"telefon rengi beklediğim gibi değil, değişim istedim. 10 gün oldu.",0,0_8
kulaklık için rakip yok bütün ürünlerden üstün hemen al! 10 tane sipariş!,1,1_13
"klavye ilk gün iyiydi, sonra arıza yaptı. 6 gün sonra servise verdim.",0,0_6
"masa siparişim yanlış renk geldi, satıcı değişim yaptı. 7 gün bekledim.",0,0_15
tablet kötü paketlenmişti; ürün sağlam kaldı. 8 gün sonra teslim aldım.,0,0_19
tencere on numara beş yıldız yüzde yüz garanti kaçırma! 6 tane al!,1,1_15
tencere efsane fırsat kaçırma en iyi ürün şimdi sipariş ver! 10 tane!,1,1_2
fare mükemmel kalite mükemmel fiyat mükemmel satıcı! 4 tane satın al!,1,1_6
telefon mükemmel mükemmel herkese tavsiye hemen satın al! 10 yıldız!,1,1_1
kulaklık rezalet rezalet para tuzağı sakın satın alma! 1 sıfır puan!,1,1_12
termos süper süper fiyat şahane düşünmeden al al al! 6 yıldız!,1,1_3
kazak şahane şahane kesinlikle almalısınız rakipsiz kalite! 8 tane!,1,1_8
klavye harika fırsat herkese öneriyorum hemen al pişman olmazsın! 5 yıldız!,1,1_5
ayakkabı efsane fırsat kaçırma en iyi ürün şimdi sipariş ver! 7 tane!,1,1_2
kazak hakkında olumsuz yazanlara inanmayın kusursuz süper! 9 yıldız!,1,1_14
havlu hakkında olumsuz yazanlara inanmayın kusursuz süper! 1 yıldız!,1,1_14
sandalye rezalet rezalet para tuzağı sakın satın alma! 6 sıfır puan!,1,1_12
"mont tam istediğim gibi, tekrar alabilirim. 8 gün önce teslim edildi.",0,0_17
sandalye muhteşem efsane süper ürün herkese tavsiye al! 3 yıldız!,1,1_9
"telefon siparişim yanlış renk geldi, satıcı değişim yaptı. 6 gün bekledim.",0,0_15
"çaydanlık için satıcıya soru sordum, açıklayıcı cevap verdi. 9 gün kullandım.",0,0_5
fare kesinlikle uzak dur herkes başka markayı alsın! 8 kere söylüyorum!,1,1_11
klavye çok hoşuma gitti; özellikle kullanım kolaylığı iyi. 1 gün denedim.,0,0_10
"fare beklentimi karşıladı, tavsiye ederim. Kargo 7 günde geldi.",0,0_12
suluk şimdi satın al bugün fırsat son fırsat süper süper! 9 tane al!,1,1_19
tablet için rakip yok bütün ürünlerden üstün hemen al! 8 tane sipariş!,1,1_13
tencere mükemmel mükemmel herkese tavsiye hemen satın al! 5 yıldız!,1,1_1
kazak beğenmeyen yok herkes alıyor hemen sen de al! 9 yıldız!,1,1_18
monitör için olumsuz yorumları okudum ama bende sorun çıkmadı. 5 gün kullandım.,0,0_18
suluk için rakip yok bütün ürünlerden üstün hemen al! 6 tane sipariş!,1,1_13
"tablet uzun kullanımda rahat değil, kısa süre için uygun. 10 gündür bende.",0,0_16
"hoparlör fotoğraftakiyle aynı, kutu ezilmişti. 2 gün sonra ulaştı.",0,0_4
ayakkabı süper süper fiyat şahane düşünmeden al al al! 2 yıldız!,1,1_3
klavye için rakip yok bütün ürünlerden üstün hemen al! 6 tane sipariş!,1,1_13
süpürge süper süper fiyat şahane düşünmeden al al al! 9 yıldız!,1,1_3
çanta inanılmaz kusursuz muhteşem satıcı bir numara! 8 tane al!,1,1_4
havlu piyasadaki en iyi en ucuz kaçırılmaz hemen sipariş! 10 yıldız!,1,1_7
termos şahane şahane kesinlikle almalısınız rakipsiz kalite! 1 tane!,1,1_8
"mont siparişim yanlış renk geldi, satıcı değişim yaptı. 4 gün bekledim.",0,0_15
kitap berbat berbat berbat asla almayın en kötü ürün! 1 sıfır yıldız!,1,1_10
kulaklık harika harika harika kesinlikle al 10 numara! 10 tane al!,1,1_0
monitör harika fırsat herkese öneriyorum hemen al pişman olmazsın! 9 yıldız!,1,1_5
"mont uzun kullanımda rahat değil, kısa süre için uygun. 1 gündür bende.",0,0_16
mont fiyatına göre güzel; kullanım kılavuzu eksik çıktı. 2 gün oldu.,0,0_13
"tencere ilk gün iyiydi, sonra arıza yaptı. 1 gün sonra servise verdim.",0,0_6
termos efsane fırsat kaçırma en iyi ürün şimdi sipariş ver! 7 tane!,1,1_2
hoparlör fiyatına göre güzel; kullanım kılavuzu eksik çıktı. 3 gün oldu.,0,0_13
"tablet fotoğraftakiyle aynı, kutu ezilmişti. 1 gün sonra ulaştı.",0,0_4
yastık fiyatına göre güzel; kullanım kılavuzu eksik çıktı. 1 gün oldu.,0,0_13
saat çok hoşuma gitti; özellikle kullanım kolaylığı iyi. 10 gün denedim.,0,0_10
tencere hakkında olumsuz yazanlara inanmayın kusursuz süper! 9 yıldız!,1,1_14
"termos gayet güzel, kargolama hızlıydı. 6 gündür kullanıyorum.",0,0_0
"saat ilk gün iyiydi, sonra arıza yaptı. 3 gün sonra servise verdim.",0,0_6
"termos malzemesi iyi, fiyatı biraz yüksek. Teslimat 1 gün sürdü.",0,0_3
kamera efsane fırsat kaçırma en iyi ürün şimdi sipariş ver! 9 tane!,1,1_2
telefon kesinlikle uzak dur herkes başka markayı alsın! 8 kere söylüyorum!,1,1_11
havlu için olumsuz yorumları okudum ama bende sorun çıkmadı. 1 gün kullandım.,0,0_18
lamba beğenmeyen yok herkes alıyor hemen sen de al! 4 yıldız!,1,1_18
"kamera kalitesi orta, indirimde alınabilir. 5 günlük deneyimim bu.",0,0_7
lamba dünyada bir numara kesin memnuniyet mükemmel! 7 tane sipariş ver!,1,1_17
kulaklık hakkında olumsuz yazanlara inanmayın kusursuz süper! 5 yıldız!,1,1_14
masa on numara beş yıldız yüzde yüz garanti kaçırma! 9 tane al!,1,1_15
lamba beğenmeyen yok herkes alıyor hemen sen de al! 10 yıldız!,1,1_18
suluk piyasadaki en iyi en ucuz kaçırılmaz hemen sipariş! 1 yıldız!,1,1_7
monitör harika fırsat herkese öneriyorum hemen al pişman olmazsın! 6 yıldız!,1,1_5
klavye harika harika harika kesinlikle al 10 numara! 7 tane al!,1,1_0
ayakkabı beğenmeyen yok herkes alıyor hemen sen de al! 9 yıldız!,1,1_18
termos harika harika harika kesinlikle al 10 numara! 3 tane al!,1,1_0
"kitap tam istediğim gibi, tekrar alabilirim. 5 gün önce teslim edildi.",0,0_17
"suluk için satıcıya soru sordum, açıklayıcı cevap verdi. 7 gün kullandım.",0,0_5
"yastık siparişim yanlış renk geldi, satıcı değişim yaptı. 6 gün bekledim.",0,0_15
ayakkabı kötü paketlenmişti; ürün sağlam kaldı. 1 gün sonra teslim aldım.,0,0_19
kazak dünyada bir numara kesin memnuniyet mükemmel! 10 tane sipariş ver!,1,1_17
termos süper süper fiyat şahane düşünmeden al al al! 10 yıldız!,1,1_3
yastık hakkında olumsuz yazanlara inanmayın kusursuz süper! 8 yıldız!,1,1_14
kamera için olumsuz yorumları okudum ama bende sorun çıkmadı. 2 gün kullandım.,0,0_18
kamera için olumsuz yorumları okudum ama bende sorun çıkmadı. 9 gün kullandım.,0,0_18
kazak harika fırsat herkese öneriyorum hemen al pişman olmazsın! 9 yıldız!,1,1_5
masa kesinlikle uzak dur herkes başka markayı alsın! 4 kere söylüyorum!,1,1_11
çaydanlık harika fırsat herkese öneriyorum hemen al pişman olmazsın! 4 yıldız!,1,1_5
şarj cihazı mükemmel mükemmel herkese tavsiye hemen satın al! 1 yıldız!,1,1_1
tencere kesinlikle uzak dur herkes başka markayı alsın! 3 kere söylüyorum!,1,1_11
"tencere rengi beklediğim gibi değil, değişim istedim. 6 gün oldu.",0,0_8
"hoparlör siparişim yanlış renk geldi, satıcı değişim yaptı. 8 gün bekledim.",0,0_15
kazak şimdi satın al bugün fırsat son fırsat süper süper! 8 tane al!,1,1_19
"masa gayet güzel, kargolama hızlıydı. 9 gündür kullanıyorum.",0,0_0
termos harika harika harika kesinlikle al 10 numara! 5 tane al!,1,1_0
hoparlör efsane fırsat kaçırma en iyi ürün şimdi sipariş ver! 7 tane!,1,1_2
lamba beğenmeyen yok herkes alıyor hemen sen de al! 7 yıldız!,1,1_18
havlu süper süper fiyat şahane düşünmeden al al al! 2 yıldız!,1,1_3
mont muhteşem efsane süper ürün herkese tavsiye al! 3 yıldız!,1,1_9
çanta mükemmel kalite mükemmel fiyat mükemmel satıcı! 8 tane satın al!,1,1_6
çanta çok hoşuma gitti; özellikle kullanım kolaylığı iyi. 1 gün denedim.,0,0_10
fare hayatınız değişecek inanılmaz sonuç hemen satın al! 3 yıldız!,1,1_16
çaydanlık fiyatına göre güzel; kullanım kılavuzu eksik çıktı. 3 gün oldu.,0,0_13
çanta rezalet rezalet para tuzağı sakın satın alma! 8 sıfır puan!,1,1_12
tencere hakkında olumsuz yazanlara inanmayın kusursuz süper! 7 yıldız!,1,1_14
telefon efsane fırsat kaçırma en iyi ürün şimdi sipariş ver! 10 tane!,1,1_2
masa çok hoşuma gitti; özellikle kullanım kolaylığı iyi. 4 gün denedim.,0,0_10
"telefon beklentimi karşıladı, tavsiye ederim. Kargo 8 günde geldi.",0,0_12
"hoparlör gayet güzel, kargolama hızlıydı. 7 gündür kullanıyorum.",0,0_0
yastık mükemmel kalite mükemmel fiyat mükemmel satıcı! 3 tane satın al!,1,1_6
"suluk siparişim yanlış renk geldi, satıcı değişim yaptı. 1 gün bekledim.",0,0_15
"süpürge kullanışlı çıktı, ambalajı özenliydi. 6 gündür sorun yaşamadım.",0,0_9
mont için olumsuz yorumları okudum ama bende sorun çıkmadı. 2 gün kullandım.,0,0_18
lamba süper süper fiyat şahane düşünmeden al al al! 6 yıldız!,1,1_3
masa rezalet rezalet para tuzağı sakın satın alma! 2 sıfır puan!,1,1_12
"mont tam istediğim gibi, tekrar alabilirim. 1 gün önce teslim edildi.",0,0_17
"tencere uzun kullanımda rahat değil, kısa süre için uygun. 6 gündür bende.",0,0_16
masa hakkında olumsuz yazanlara inanmayın kusursuz süper! 3 yıldız!,1,1_14
termos için rakip yok bütün ürünlerden üstün hemen al! 2 tane sipariş!,1,1_13
kulaklık harika görünüyor ama bağlantı noktası gevşek. 6 gündür kullanıyorum.,0,0_11
mont kötü paketlenmişti; ürün sağlam kaldı. 4 gün sonra teslim aldım.,0,0_19
"süpürge kullanışlı çıktı, ambalajı özenliydi. 2 gündür sorun yaşamadım.",0,0_9
termos piyasadaki en iyi en ucuz kaçırılmaz hemen sipariş! 3 yıldız!,1,1_7
lamba inanılmaz kusursuz muhteşem satıcı bir numara! 7 tane al!,1,1_4
şarj cihazı beğenmeyen yok herkes alıyor hemen sen de al! 1 yıldız!,1,1_18
"masa beklentimi karşıladı, tavsiye ederim. Kargo 10 günde geldi.",0,0_12
"fare için satıcıya soru sordum, açıklayıcı cevap verdi. 2 gün kullandım.",0,0_5
kazak çok hoşuma gitti; özellikle kullanım kolaylığı iyi. 10 gün denedim.,0,0_10
çanta harika harika harika kesinlikle al 10 numara! 3 tane al!,1,1_0
şarj cihazı berbat berbat berbat asla almayın en kötü ürün! 10 sıfır yıldız!,1,1_10
yastık çok hoşuma gitti; özellikle kullanım kolaylığı iyi. 7 gün denedim.,0,0_10
"suluk fotoğraftakiyle aynı, kutu ezilmişti. 6 gün sonra ulaştı.",0,0_4
"sandalye uzun kullanımda rahat değil, kısa süre için uygun. 4 gündür bende.",0,0_16
lamba hayatınız değişecek inanılmaz sonuç hemen satın al! 8 yıldız!,1,1_16
masa kötü paketlenmişti; ürün sağlam kaldı. 7 gün sonra teslim aldım.,0,0_19
"sandalye fotoğraftakiyle aynı, kutu ezilmişti. 1 gün sonra ulaştı.",0,0_4
çanta on numara beş yıldız yüzde yüz garanti kaçırma! 4 tane al!,1,1_15
"kulaklık tam istediğim gibi, tekrar alabilirim. 5 gün önce teslim edildi.",0,0_17
"hoparlör siparişim yanlış renk geldi, satıcı değişim yaptı. 1 gün bekledim.",0,0_15
fare mükemmel kalite mükemmel fiyat mükemmel satıcı! 7 tane satın al!,1,1_6
sandalye çok hoşuma gitti; özellikle kullanım kolaylığı iyi. 9 gün denedim.,0,0_10
monitör süper süper fiyat şahane düşünmeden al al al! 6 yıldız!,1,1_3
masa beğenmeyen yok herkes alıyor hemen sen de al! 3 yıldız!,1,1_18
"saat paketinde çizik vardı, iade talebi açtım. 9 gün bekledim.",0,0_1
"şarj cihazı paketinde çizik vardı, iade talebi açtım. 2 gün bekledim.",0,0_1
"klavye paketinde çizik vardı, iade talebi açtım. 10 gün bekledim.",0,0_1
kamera için rakip yok bütün ürünlerden üstün hemen al! 4 tane sipariş!,1,1_13
ayakkabı fiyatına göre güzel; kullanım kılavuzu eksik çıktı. 9 gün oldu.,0,0_13
"tencere uzun kullanımda rahat değil, kısa süre için uygun. 1 gündür bende.",0,0_16
yastık kötü paketlenmişti; ürün sağlam kaldı. 6 gün sonra teslim aldım.,0,0_19
"hoparlör ilk gün iyiydi, sonra arıza yaptı. 1 gün sonra servise verdim.",0,0_6
"yastık fotoğraftakiyle aynı, kutu ezilmişti. 2 gün sonra ulaştı.",0,0_4
yastık inanılmaz kusursuz muhteşem satıcı bir numara! 5 tane al!,1,1_4
tablet harika görünüyor ama bağlantı noktası gevşek. 6 gündür kullanıyorum.,0,0_11
havlu berbat berbat berbat asla almayın en kötü ürün! 2 sıfır yıldız!,1,1_10
klavye dünyada bir numara kesin memnuniyet mükemmel! 1 tane sipariş ver!,1,1_17
çanta harika görünüyor ama bağlantı noktası gevşek. 8 gündür kullanıyorum.,0,0_11
fare rezalet rezalet para tuzağı sakın satın alma! 4 sıfır puan!,1,1_12
termos on numara beş yıldız yüzde yüz garanti kaçırma! 10 tane al!,1,1_15
"lamba beklentimi karşıladı, tavsiye ederim. Kargo 8 günde geldi.",0,0_12
"sandalye beklentimi karşıladı, tavsiye ederim. Kargo 7 günde geldi.",0,0_12
"kitap malzemesi iyi, fiyatı biraz yüksek. Teslimat 3 gün sürdü.",0,0_3
kamera kesinlikle uzak dur herkes başka markayı alsın! 8 kere söylüyorum!,1,1_11
"lamba fotoğraftakiyle aynı, kutu ezilmişti. 5 gün sonra ulaştı.",0,0_4
"sandalye malzemesi iyi, fiyatı biraz yüksek. Teslimat 4 gün sürdü.",0,0_3
kulaklık harika harika harika kesinlikle al 10 numara! 6 tane al!,1,1_0
çaydanlık hayatınız değişecek inanılmaz sonuç hemen satın al! 3 yıldız!,1,1_16
süpürge hakkında olumsuz yazanlara inanmayın kusursuz süper! 5 yıldız!,1,1_14
telefon piyasadaki en iyi en ucuz kaçırılmaz hemen sipariş! 1 yıldız!,1,1_7
"kitap kullanışlı çıktı, ambalajı özenliydi. 2 gündür sorun yaşamadım.",0,0_9
kulaklık için olumsuz yorumları okudum ama bende sorun çıkmadı. 5 gün kullandım.,0,0_18
telefon harika fırsat herkese öneriyorum hemen al pişman olmazsın! 2 yıldız!,1,1_5
yastık için iade süreci sorunsuz ilerledi. Ücret 10 günde yattı.,0,0_14
"hoparlör uzun kullanımda rahat değil, kısa süre için uygun. 1 gündür bende.",0,0_16
fare beğenmeyen yok herkes alıyor hemen sen de al! 7 yıldız!,1,1_18
kazak beklediğimden küçük geldi ama işimi görüyor. 3 gündür bende.,0,0_2
"mont kullanışlı çıktı, ambalajı özenliydi. 5 gündür sorun yaşamadım.",0,0_9
ayakkabı için olumsuz yorumları okudum ama bende sorun çıkmadı. 3 gün kullandım.,0,0_18
masa harika görünüyor ama bağlantı noktası gevşek. 10 gündür kullanıyorum.,0,0_11
"monitör ilk gün iyiydi, sonra arıza yaptı. 5 gün sonra servise verdim.",0,0_6
kazak için olumsuz yorumları okudum ama bende sorun çıkmadı. 3 gün kullandım.,0,0_18
tencere için olumsuz yorumları okudum ama bende sorun çıkmadı. 2 gün kullandım.,0,0_18
"çaydanlık paketinde çizik vardı, iade talebi açtım. 10 gün bekledim.",0,0_1
ayakkabı fiyatına göre güzel; kullanım kılavuzu eksik çıktı. 2 gün oldu.,0,0_13
"şarj cihazı paketinde çizik vardı, iade talebi açtım. 1 gün bekledim.",0,0_1
tablet harika görünüyor ama bağlantı noktası gevşek. 8 gündür kullanıyorum.,0,0_11
lamba fiyatına göre güzel; kullanım kılavuzu eksik çıktı. 4 gün oldu.,0,0_13
kulaklık harika fırsat herkese öneriyorum hemen al pişman olmazsın! 8 yıldız!,1,1_5
tablet harika görünüyor ama bağlantı noktası gevşek. 7 gündür kullanıyorum.,0,0_11
süpürge süper süper fiyat şahane düşünmeden al al al! 10 yıldız!,1,1_3
"çaydanlık rengi beklediğim gibi değil, değişim istedim. 7 gün oldu.",0,0_8
sandalye şahane şahane kesinlikle almalısınız rakipsiz kalite! 10 tane!,1,1_8
"monitör fotoğraftakiyle aynı, kutu ezilmişti. 8 gün sonra ulaştı.",0,0_4
ayakkabı için iade süreci sorunsuz ilerledi. Ücret 1 günde yattı.,0,0_14
"hoparlör malzemesi iyi, fiyatı biraz yüksek. Teslimat 1 gün sürdü.",0,0_3
havlu piyasadaki en iyi en ucuz kaçırılmaz hemen sipariş! 1 yıldız!,1,1_7
"saat gayet güzel, kargolama hızlıydı. 7 gündür kullanıyorum.",0,0_0
"suluk tam istediğim gibi, tekrar alabilirim. 7 gün önce teslim edildi.",0,0_17
termos şimdi satın al bugün fırsat son fırsat süper süper! 5 tane al!,1,1_19
"kazak siparişim yanlış renk geldi, satıcı değişim yaptı. 6 gün bekledim.",0,0_15
kulaklık efsane fırsat kaçırma en iyi ürün şimdi sipariş ver! 10 tane!,1,1_2
kazak mükemmel mükemmel herkese tavsiye hemen satın al! 10 yıldız!,1,1_1
termos piyasadaki en iyi en ucuz kaçırılmaz hemen sipariş! 5 yıldız!,1,1_7
sandalye şahane şahane kesinlikle almalısınız rakipsiz kalite! 9 tane!,1,1_8
suluk kötü paketlenmişti; ürün sağlam kaldı. 5 gün sonra teslim aldım.,0,0_19
"lamba uzun kullanımda rahat değil, kısa süre için uygun. 5 gündür bende.",0,0_16
"lamba kullanışlı çıktı, ambalajı özenliydi. 5 gündür sorun yaşamadım.",0,0_9
yastık rezalet rezalet para tuzağı sakın satın alma! 2 sıfır puan!,1,1_12
"suluk paketinde çizik vardı, iade talebi açtım. 9 gün bekledim.",0,0_1
suluk harika görünüyor ama bağlantı noktası gevşek. 1 gündür kullanıyorum.,0,0_11
çanta kötü paketlenmişti; ürün sağlam kaldı. 9 gün sonra teslim aldım.,0,0_19
"telefon kalitesi orta, indirimde alınabilir. 3 günlük deneyimim bu.",0,0_7
"sandalye kalitesi orta, indirimde alınabilir. 3 günlük deneyimim bu.",0,0_7
çaydanlık kesinlikle uzak dur herkes başka markayı alsın! 10 kere söylüyorum!,1,1_11
tablet için iade süreci sorunsuz ilerledi. Ücret 6 günde yattı.,0,0_14
"suluk uzun kullanımda rahat değil, kısa süre için uygun. 1 gündür bende.",0,0_16
"sandalye beklentimi karşıladı, tavsiye ederim. Kargo 2 günde geldi.",0,0_12
tablet berbat berbat berbat asla almayın en kötü ürün! 4 sıfır yıldız!,1,1_10
kamera beklediğimden küçük geldi ama işimi görüyor. 8 gündür bende.,0,0_2
"yastık gayet güzel, kargolama hızlıydı. 10 gündür kullanıyorum.",0,0_0
"klavye uzun kullanımda rahat değil, kısa süre için uygun. 5 gündür bende.",0,0_16
telefon hakkında olumsuz yazanlara inanmayın kusursuz süper! 1 yıldız!,1,1_14
süpürge şahane şahane kesinlikle almalısınız rakipsiz kalite! 2 tane!,1,1_8
"fare uzun kullanımda rahat değil, kısa süre için uygun. 6 gündür bende.",0,0_16
yastık hayatınız değişecek inanılmaz sonuç hemen satın al! 4 yıldız!,1,1_16
"masa uzun kullanımda rahat değil, kısa süre için uygun. 7 gündür bende.",0,0_16
termos rezalet rezalet para tuzağı sakın satın alma! 9 sıfır puan!,1,1_12
"fare uzun kullanımda rahat değil, kısa süre için uygun. 2 gündür bende.",0,0_16
"lamba için satıcıya soru sordum, açıklayıcı cevap verdi. 6 gün kullandım.",0,0_5
kulaklık harika fırsat herkese öneriyorum hemen al pişman olmazsın! 2 yıldız!,1,1_5
"lamba ilk gün iyiydi, sonra arıza yaptı. 6 gün sonra servise verdim.",0,0_6
saat çok hoşuma gitti; özellikle kullanım kolaylığı iyi. 2 gün denedim.,0,0_10
termos süper süper fiyat şahane düşünmeden al al al! 8 yıldız!,1,1_3
kamera için olumsuz yorumları okudum ama bende sorun çıkmadı. 3 gün kullandım.,0,0_18
suluk berbat berbat berbat asla almayın en kötü ürün! 10 sıfır yıldız!,1,1_10
yastık çok hoşuma gitti; özellikle kullanım kolaylığı iyi. 3 gün denedim.,0,0_10
çaydanlık mükemmel kalite mükemmel fiyat mükemmel satıcı! 5 tane satın al!,1,1_6
"lamba için satıcıya soru sordum, açıklayıcı cevap verdi. 9 gün kullandım.",0,0_5
masa için rakip yok bütün ürünlerden üstün hemen al! 7 tane sipariş!,1,1_13
tablet rezalet rezalet para tuzağı sakın satın alma! 7 sıfır puan!,1,1_12
tablet beğenmeyen yok herkes alıyor hemen sen de al! 7 yıldız!,1,1_18
"ayakkabı rengi beklediğim gibi değil, değişim istedim. 4 gün oldu.",0,0_8
tencere fiyatına göre güzel; kullanım kılavuzu eksik çıktı. 6 gün oldu.,0,0_13
kitap harika harika harika kesinlikle al 10 numara! 2 tane al!,1,1_0
klavye şahane şahane kesinlikle almalısınız rakipsiz kalite! 10 tane!,1,1_8
"suluk beklentimi karşıladı, tavsiye ederim. Kargo 7 günde geldi.",0,0_12
ayakkabı şimdi satın al bugün fırsat son fırsat süper süper! 8 tane al!,1,1_19
"şarj cihazı kullanışlı çıktı, ambalajı özenliydi. 8 gündür sorun yaşamadım.",0,0_9
"çaydanlık paketinde çizik vardı, iade talebi açtım. 5 gün bekledim.",0,0_1
"kitap malzemesi iyi, fiyatı biraz yüksek. Teslimat 4 gün sürdü.",0,0_3
"termos fotoğraftakiyle aynı, kutu ezilmişti. 5 gün sonra ulaştı.",0,0_4
"ayakkabı rengi beklediğim gibi değil, değişim istedim. 1 gün oldu.",0,0_8
tencere hayatınız değişecek inanılmaz sonuç hemen satın al! 8 yıldız!,1,1_16
"havlu rengi beklediğim gibi değil, değişim istedim. 2 gün oldu.",0,0_8
"kulaklık fotoğraftakiyle aynı, kutu ezilmişti. 4 gün sonra ulaştı.",0,0_4
"klavye siparişim yanlış renk geldi, satıcı değişim yaptı. 2 gün bekledim.",0,0_15
"kamera kalitesi orta, indirimde alınabilir. 1 günlük deneyimim bu.",0,0_7
mont çok hoşuma gitti; özellikle kullanım kolaylığı iyi. 5 gün denedim.,0,0_10
"kamera ilk gün iyiydi, sonra arıza yaptı. 10 gün sonra servise verdim.",0,0_6
mont on numara beş yıldız yüzde yüz garanti kaçırma! 4 tane al!,1,1_15
"suluk rengi beklediğim gibi değil, değişim istedim. 3 gün oldu.",0,0_8
telefon on numara beş yıldız yüzde yüz garanti kaçırma! 10 tane al!,1,1_15
termos efsane fırsat kaçırma en iyi ürün şimdi sipariş ver! 9 tane!,1,1_2
kamera harika harika harika kesinlikle al 10 numara! 2 tane al!,1,1_0
şarj cihazı harika harika harika kesinlikle al 10 numara! 2 tane al!,1,1_0
"kazak kullanışlı çıktı, ambalajı özenliydi. 4 gündür sorun yaşamadım.",0,0_9
mont şimdi satın al bugün fırsat son fırsat süper süper! 10 tane al!,1,1_19
monitör fiyatına göre güzel; kullanım kılavuzu eksik çıktı. 3 gün oldu.,0,0_13
kazak berbat berbat berbat asla almayın en kötü ürün! 10 sıfır yıldız!,1,1_10
telefon dünyada bir numara kesin memnuniyet mükemmel! 2 tane sipariş ver!,1,1_17
lamba piyasadaki en iyi en ucuz kaçırılmaz hemen sipariş! 10 yıldız!,1,1_7
süpürge şahane şahane kesinlikle almalısınız rakipsiz kalite! 3 tane!,1,1_8
fare çok hoşuma gitti; özellikle kullanım kolaylığı iyi. 10 gün denedim.,0,0_10
"kamera malzemesi iyi, fiyatı biraz yüksek. Teslimat 2 gün sürdü.",0,0_3
"havlu fotoğraftakiyle aynı, kutu ezilmişti. 6 gün sonra ulaştı.",0,0_4
çanta on numara beş yıldız yüzde yüz garanti kaçırma! 1 tane al!,1,1_15
şarj cihazı kötü paketlenmişti; ürün sağlam kaldı. 4 gün sonra teslim aldım.,0,0_19
ayakkabı beğenmeyen yok herkes alıyor hemen sen de al! 1 yıldız!,1,1_18
tablet şimdi satın al bugün fırsat son fırsat süper süper! 7 tane al!,1,1_19
çaydanlık kesinlikle uzak dur herkes başka markayı alsın! 3 kere söylüyorum!,1,1_11
masa on numara beş yıldız yüzde yüz garanti kaçırma! 2 tane al!,1,1_15
tablet için olumsuz yorumları okudum ama bende sorun çıkmadı. 6 gün kullandım.,0,0_18
termos rezalet rezalet para tuzağı sakın satın alma! 10 sıfır puan!,1,1_12
"tablet paketinde çizik vardı, iade talebi açtım. 7 gün bekledim.",0,0_1
çaydanlık için rakip yok bütün ürünlerden üstün hemen al! 5 tane sipariş!,1,1_13
süpürge fiyatına göre güzel; kullanım kılavuzu eksik çıktı. 4 gün oldu.,0,0_13
"fare tam istediğim gibi, tekrar alabilirim. 7 gün önce teslim edildi.",0,0_17
tencere hakkında olumsuz yazanlara inanmayın kusursuz süper! 10 yıldız!,1,1_14
süpürge hayatınız değişecek inanılmaz sonuç hemen satın al! 2 yıldız!,1,1_16
"masa paketinde çizik vardı, iade talebi açtım. 5 gün bekledim.",0,0_1
tencere beklediğimden küçük geldi ama işimi görüyor. 5 gündür bende.,0,0_2
ayakkabı efsane fırsat kaçırma en iyi ürün şimdi sipariş ver! 2 tane!,1,1_2
lamba harika görünüyor ama bağlantı noktası gevşek. 5 gündür kullanıyorum.,0,0_11
çanta çok hoşuma gitti; özellikle kullanım kolaylığı iyi. 7 gün denedim.,0,0_10
telefon harika görünüyor ama bağlantı noktası gevşek. 3 gündür kullanıyorum.,0,0_11
telefon beğenmeyen yok herkes alıyor hemen sen de al! 1 yıldız!,1,1_18
monitör hakkında olumsuz yazanlara inanmayın kusursuz süper! 8 yıldız!,1,1_14
"lamba rengi beklediğim gibi değil, değişim istedim. 1 gün oldu.",0,0_8
"tablet tam istediğim gibi, tekrar alabilirim. 7 gün önce teslim edildi.",0,0_17
"masa beklentimi karşıladı, tavsiye ederim. Kargo 7 günde geldi.",0,0_12
"kazak uzun kullanımda rahat değil, kısa süre için uygun. 6 gündür bende.",0,0_16
"kitap için satıcıya soru sordum, açıklayıcı cevap verdi. 3 gün kullandım.",0,0_5
termos için olumsuz yorumları okudum ama bende sorun çıkmadı. 4 gün kullandım.,0,0_18
çaydanlık efsane fırsat kaçırma en iyi ürün şimdi sipariş ver! 10 tane!,1,1_2
havlu için iade süreci sorunsuz ilerledi. Ücret 5 günde yattı.,0,0_14
ayakkabı mükemmel mükemmel herkese tavsiye hemen satın al! 7 yıldız!,1,1_1
termos çok hoşuma gitti; özellikle kullanım kolaylığı iyi. 4 gün denedim.,0,0_10
tablet beğenmeyen yok herkes alıyor hemen sen de al! 3 yıldız!,1,1_18
çaydanlık hayatınız değişecek inanılmaz sonuç hemen satın al! 6 yıldız!,1,1_16
kulaklık çok hoşuma gitti; özellikle kullanım kolaylığı iyi. 8 gün denedim.,0,0_10
"ayakkabı rengi beklediğim gibi değil, değişim istedim. 5 gün oldu.",0,0_8
"termos malzemesi iyi, fiyatı biraz yüksek. Teslimat 8 gün sürdü.",0,0_3
masa beğenmeyen yok herkes alıyor hemen sen de al! 10 yıldız!,1,1_18
fare şahane şahane kesinlikle almalısınız rakipsiz kalite! 9 tane!,1,1_8
"mont rengi beklediğim gibi değil, değişim istedim. 5 gün oldu.",0,0_8
kamera harika görünüyor ama bağlantı noktası gevşek. 2 gündür kullanıyorum.,0,0_11
"kazak rengi beklediğim gibi değil, değişim istedim. 3 gün oldu.",0,0_8
suluk efsane fırsat kaçırma en iyi ürün şimdi sipariş ver! 5 tane!,1,1_2
hoparlör berbat berbat berbat asla almayın en kötü ürün! 3 sıfır yıldız!,1,1_10
şarj cihazı muhteşem efsane süper ürün herkese tavsiye al! 3 yıldız!,1,1_9
monitör hakkında olumsuz yazanlara inanmayın kusursuz süper! 3 yıldız!,1,1_14
havlu harika harika harika kesinlikle al 10 numara! 5 tane al!,1,1_0
"lamba rengi beklediğim gibi değil, değişim istedim. 4 gün oldu.",0,0_8
"süpürge fotoğraftakiyle aynı, kutu ezilmişti. 9 gün sonra ulaştı.",0,0_4
süpürge mükemmel kalite mükemmel fiyat mükemmel satıcı! 9 tane satın al!,1,1_6
tablet hakkında olumsuz yazanlara inanmayın kusursuz süper! 9 yıldız!,1,1_14
monitör kesinlikle uzak dur herkes başka markayı alsın! 3 kere söylüyorum!,1,1_11
kazak on numara beş yıldız yüzde yüz garanti kaçırma! 4 tane al!,1,1_15
şarj cihazı beğenmeyen yok herkes alıyor hemen sen de al! 7 yıldız!,1,1_18
"klavye fotoğraftakiyle aynı, kutu ezilmişti. 8 gün sonra ulaştı.",0,0_4
"çaydanlık için satıcıya soru sordum, açıklayıcı cevap verdi. 3 gün kullandım.",0,0_5
"şarj cihazı rengi beklediğim gibi değil, değişim istedim. 7 gün oldu.",0,0_8
çaydanlık dünyada bir numara kesin memnuniyet mükemmel! 2 tane sipariş ver!,1,1_17
kitap inanılmaz kusursuz muhteşem satıcı bir numara! 5 tane al!,1,1_4
kulaklık dünyada bir numara kesin memnuniyet mükemmel! 4 tane sipariş ver!,1,1_17
monitör dünyada bir numara kesin memnuniyet mükemmel! 7 tane sipariş ver!,1,1_17
monitör rezalet rezalet para tuzağı sakın satın alma! 5 sıfır puan!,1,1_12
kazak beğenmeyen yok herkes alıyor hemen sen de al! 10 yıldız!,1,1_18
"çanta kullanışlı çıktı, ambalajı özenliydi. 6 gündür sorun yaşamadım.",0,0_9
kitap fiyatına göre güzel; kullanım kılavuzu eksik çıktı. 3 gün oldu.,0,0_13
kamera dünyada bir numara kesin memnuniyet mükemmel! 1 tane sipariş ver!,1,1_17
hoparlör dünyada bir numara kesin memnuniyet mükemmel! 2 tane sipariş ver!,1,1_17
tencere süper süper fiyat şahane düşünmeden al al al! 3 yıldız!,1,1_3
kazak harika görünüyor ama bağlantı noktası gevşek. 3 gündür kullanıyorum.,0,0_11
fare çok hoşuma gitti; özellikle kullanım kolaylığı iyi. 1 gün denedim.,0,0_10
çaydanlık kötü paketlenmişti; ürün sağlam kaldı. 5 gün sonra teslim aldım.,0,0_19
kulaklık kötü paketlenmişti; ürün sağlam kaldı. 8 gün sonra teslim aldım.,0,0_19
"saat fotoğraftakiyle aynı, kutu ezilmişti. 4 gün sonra ulaştı.",0,0_4
havlu efsane fırsat kaçırma en iyi ürün şimdi sipariş ver! 3 tane!,1,1_2
kamera harika harika harika kesinlikle al 10 numara! 7 tane al!,1,1_0
"yastık için satıcıya soru sordum, açıklayıcı cevap verdi. 9 gün kullandım.",0,0_5
kitap muhteşem efsane süper ürün herkese tavsiye al! 3 yıldız!,1,1_9
klavye harika görünüyor ama bağlantı noktası gevşek. 9 gündür kullanıyorum.,0,0_11
termos muhteşem efsane süper ürün herkese tavsiye al! 7 yıldız!,1,1_9
sandalye hayatınız değişecek inanılmaz sonuç hemen satın al! 6 yıldız!,1,1_16
termos dünyada bir numara kesin memnuniyet mükemmel! 3 tane sipariş ver!,1,1_17
"kulaklık rengi beklediğim gibi değil, değişim istedim. 10 gün oldu.",0,0_8
çanta fiyatına göre güzel; kullanım kılavuzu eksik çıktı. 10 gün oldu.,0,0_13
kitap rezalet rezalet para tuzağı sakın satın alma! 8 sıfır puan!,1,1_12
tencere için olumsuz yorumları okudum ama bende sorun çıkmadı. 9 gün kullandım.,0,0_18
telefon için iade süreci sorunsuz ilerledi. Ücret 6 günde yattı.,0,0_14
saat muhteşem efsane süper ürün herkese tavsiye al! 2 yıldız!,1,1_9
"telefon tam istediğim gibi, tekrar alabilirim. 5 gün önce teslim edildi.",0,0_17
"ayakkabı tam istediğim gibi, tekrar alabilirim. 9 gün önce teslim edildi.",0,0_17
"tencere kalitesi orta, indirimde alınabilir. 10 günlük deneyimim bu.",0,0_7
monitör harika fırsat herkese öneriyorum hemen al pişman olmazsın! 1 yıldız!,1,1_5
tencere rezalet rezalet para tuzağı sakın satın alma! 7 sıfır puan!,1,1_12
"kitap beklentimi karşıladı, tavsiye ederim. Kargo 9 günde geldi.",0,0_12
"tencere paketinde çizik vardı, iade talebi açtım. 5 gün bekledim.",0,0_1
fare hayatınız değişecek inanılmaz sonuç hemen satın al! 8 yıldız!,1,1_16
"fare uzun kullanımda rahat değil, kısa süre için uygun. 10 gündür bende.",0,0_16
saat için olumsuz yorumları okudum ama bende sorun çıkmadı. 7 gün kullandım.,0,0_18
termos harika harika harika kesinlikle al 10 numara! 1 tane al!,1,1_0
çanta mükemmel kalite mükemmel fiyat mükemmel satıcı! 2 tane satın al!,1,1_6
telefon inanılmaz kusursuz muhteşem satıcı bir numara! 3 tane al!,1,1_4
"kulaklık kullanışlı çıktı, ambalajı özenliydi. 6 gündür sorun yaşamadım.",0,0_9
"kulaklık için satıcıya soru sordum, açıklayıcı cevap verdi. 10 gün kullandım.",0,0_5
çanta muhteşem efsane süper ürün herkese tavsiye al! 4 yıldız!,1,1_9
monitör inanılmaz kusursuz muhteşem satıcı bir numara! 6 tane al!,1,1_4
klavye inanılmaz kusursuz muhteşem satıcı bir numara! 8 tane al!,1,1_4
şarj cihazı muhteşem efsane süper ürün herkese tavsiye al! 2 yıldız!,1,1_9
telefon çok hoşuma gitti; özellikle kullanım kolaylığı iyi. 4 gün denedim.,0,0_10
ayakkabı beklediğimden küçük geldi ama işimi görüyor. 1 gündür bende.,0,0_2
çanta harika fırsat herkese öneriyorum hemen al pişman olmazsın! 3 yıldız!,1,1_5
yastık süper süper fiyat şahane düşünmeden al al al! 4 yıldız!,1,1_3
kulaklık inanılmaz kusursuz muhteşem satıcı bir numara! 2 tane al!,1,1_4
"mont siparişim yanlış renk geldi, satıcı değişim yaptı. 7 gün bekledim.",0,0_15
"kazak fotoğraftakiyle aynı, kutu ezilmişti. 2 gün sonra ulaştı.",0,0_4
ayakkabı hayatınız değişecek inanılmaz sonuç hemen satın al! 5 yıldız!,1,1_16
klavye beklediğimden küçük geldi ama işimi görüyor. 1 gündür bende.,0,0_2
tencere beğenmeyen yok herkes alıyor hemen sen de al! 1 yıldız!,1,1_18
"fare kullanışlı çıktı, ambalajı özenliydi. 10 gündür sorun yaşamadım.",0,0_9
lamba on numara beş yıldız yüzde yüz garanti kaçırma! 1 tane al!,1,1_15
hoparlör şimdi satın al bugün fırsat son fırsat süper süper! 5 tane al!,1,1_19
süpürge süper süper fiyat şahane düşünmeden al al al! 3 yıldız!,1,1_3
termos mükemmel kalite mükemmel fiyat mükemmel satıcı! 6 tane satın al!,1,1_6
havlu hayatınız değişecek inanılmaz sonuç hemen satın al! 7 yıldız!,1,1_16
"yastık malzemesi iyi, fiyatı biraz yüksek. Teslimat 10 gün sürdü.",0,0_3
"tablet tam istediğim gibi, tekrar alabilirim. 9 gün önce teslim edildi.",0,0_17
şarj cihazı şahane şahane kesinlikle almalısınız rakipsiz kalite! 7 tane!,1,1_8
çanta süper süper fiyat şahane düşünmeden al al al! 7 yıldız!,1,1_3
termos hakkında olumsuz yazanlara inanmayın kusursuz süper! 6 yıldız!,1,1_14
klavye muhteşem efsane süper ürün herkese tavsiye al! 6 yıldız!,1,1_9
kulaklık süper süper fiyat şahane düşünmeden al al al! 10 yıldız!,1,1_3
çanta muhteşem efsane süper ürün herkese tavsiye al! 3 yıldız!,1,1_9
kamera çok hoşuma gitti; özellikle kullanım kolaylığı iyi. 1 gün denedim.,0,0_10
kamera piyasadaki en iyi en ucuz kaçırılmaz hemen sipariş! 2 yıldız!,1,1_7
masa dünyada bir numara kesin memnuniyet mükemmel! 10 tane sipariş ver!,1,1_17
çanta harika harika harika kesinlikle al 10 numara! 2 tane al!,1,1_0
monitör kötü paketlenmişti; ürün sağlam kaldı. 4 gün sonra teslim aldım.,0,0_19
şarj cihazı mükemmel mükemmel herkese tavsiye hemen satın al! 3 yıldız!,1,1_1
"saat için satıcıya soru sordum, açıklayıcı cevap verdi. 2 gün kullandım.",0,0_5
saat şimdi satın al bugün fırsat son fırsat süper süper! 8 tane al!,1,1_19
telefon mükemmel mükemmel herkese tavsiye hemen satın al! 3 yıldız!,1,1_1
saat kötü paketlenmişti; ürün sağlam kaldı. 4 gün sonra teslim aldım.,0,0_19
süpürge harika görünüyor ama bağlantı noktası gevşek. 7 gündür kullanıyorum.,0,0_11
çaydanlık hakkında olumsuz yazanlara inanmayın kusursuz süper! 5 yıldız!,1,1_14
kamera on numara beş yıldız yüzde yüz garanti kaçırma! 4 tane al!,1,1_15
süpürge piyasadaki en iyi en ucuz kaçırılmaz hemen sipariş! 6 yıldız!,1,1_7
"kazak için satıcıya soru sordum, açıklayıcı cevap verdi. 4 gün kullandım.",0,0_5
"mont tam istediğim gibi, tekrar alabilirim. 10 gün önce teslim edildi.",0,0_17
kulaklık şimdi satın al bugün fırsat son fırsat süper süper! 4 tane al!,1,1_19
termos rezalet rezalet para tuzağı sakın satın alma! 2 sıfır puan!,1,1_12
şarj cihazı rezalet rezalet para tuzağı sakın satın alma! 10 sıfır puan!,1,1_12
"saat beklentimi karşıladı, tavsiye ederim. Kargo 1 günde geldi.",0,0_12
lamba efsane fırsat kaçırma en iyi ürün şimdi sipariş ver! 5 tane!,1,1_2
fare harika fırsat herkese öneriyorum hemen al pişman olmazsın! 5 yıldız!,1,1_5
süpürge şahane şahane kesinlikle almalısınız rakipsiz kalite! 5 tane!,1,1_8
lamba mükemmel kalite mükemmel fiyat mükemmel satıcı! 4 tane satın al!,1,1_6
termos şahane şahane kesinlikle almalısınız rakipsiz kalite! 10 tane!,1,1_8
çanta inanılmaz kusursuz muhteşem satıcı bir numara! 10 tane al!,1,1_4
"ayakkabı rengi beklediğim gibi değil, değişim istedim. 10 gün oldu.",0,0_8
"sandalye tam istediğim gibi, tekrar alabilirim. 7 gün önce teslim edildi.",0,0_17
yastık mükemmel mükemmel herkese tavsiye hemen satın al! 9 yıldız!,1,1_1
"ayakkabı malzemesi iyi, fiyatı biraz yüksek. Teslimat 4 gün sürdü.",0,0_3
monitör süper süper fiyat şahane düşünmeden al al al! 9 yıldız!,1,1_3
yastık için olumsuz yorumları okudum ama bende sorun çıkmadı. 8 gün kullandım.,0,0_18
"hoparlör beklentimi karşıladı, tavsiye ederim. Kargo 2 günde geldi.",0,0_12
monitör beklediğimden küçük geldi ama işimi görüyor. 10 gündür bende.,0,0_2
"termos uzun kullanımda rahat değil, kısa süre için uygun. 1 gündür bende.",0,0_16
kulaklık kesinlikle uzak dur herkes başka markayı alsın! 7 kere söylüyorum!,1,1_11
çanta mükemmel kalite mükemmel fiyat mükemmel satıcı! 5 tane satın al!,1,1_6
fare harika harika harika kesinlikle al 10 numara! 1 tane al!,1,1_0
tencere harika harika harika kesinlikle al 10 numara! 1 tane al!,1,1_0
yastık beklediğimden küçük geldi ama işimi görüyor. 7 gündür bende.,0,0_2
telefon fiyatına göre güzel; kullanım kılavuzu eksik çıktı. 9 gün oldu.,0,0_13
masa beklediğimden küçük geldi ama işimi görüyor. 8 gündür bende.,0,0_2
lamba fiyatına göre güzel; kullanım kılavuzu eksik çıktı. 3 gün oldu.,0,0_13
lamba kötü paketlenmişti; ürün sağlam kaldı. 8 gün sonra teslim aldım.,0,0_19
kazak beklediğimden küçük geldi ama işimi görüyor. 6 gündür bende.,0,0_2
tablet muhteşem efsane süper ürün herkese tavsiye al! 9 yıldız!,1,1_9
"ayakkabı fotoğraftakiyle aynı, kutu ezilmişti. 4 gün sonra ulaştı.",0,0_4
"süpürge rengi beklediğim gibi değil, değişim istedim. 10 gün oldu.",0,0_8
kamera harika görünüyor ama bağlantı noktası gevşek. 7 gündür kullanıyorum.,0,0_11
monitör kesinlikle uzak dur herkes başka markayı alsın! 1 kere söylüyorum!,1,1_11
sandalye dünyada bir numara kesin memnuniyet mükemmel! 8 tane sipariş ver!,1,1_17
kamera on numara beş yıldız yüzde yüz garanti kaçırma! 5 tane al!,1,1_15
telefon hayatınız değişecek inanılmaz sonuç hemen satın al! 10 yıldız!,1,1_16
havlu on numara beş yıldız yüzde yüz garanti kaçırma! 4 tane al!,1,1_15
sandalye beklediğimden küçük geldi ama işimi görüyor. 7 gündür bende.,0,0_2
"yastık rengi beklediğim gibi değil, değişim istedim. 6 gün oldu.",0,0_8
havlu mükemmel mükemmel herkese tavsiye hemen satın al! 8 yıldız!,1,1_1
"havlu ilk gün iyiydi, sonra arıza yaptı. 9 gün sonra servise verdim.",0,0_6
"süpürge siparişim yanlış renk geldi, satıcı değişim yaptı. 1 gün bekledim.",0,0_15
suluk efsane fırsat kaçırma en iyi ürün şimdi sipariş ver! 10 tane!,1,1_2
"kazak fotoğraftakiyle aynı, kutu ezilmişti. 7 gün sonra ulaştı.",0,0_4
kazak süper süper fiyat şahane düşünmeden al al al! 1 yıldız!,1,1_3
"telefon paketinde çizik vardı, iade talebi açtım. 7 gün bekledim.",0,0_1
"termos uzun kullanımda rahat değil, kısa süre için uygun. 6 gündür bende.",0,0_16
mont inanılmaz kusursuz muhteşem satıcı bir numara! 7 tane al!,1,1_4
fare harika fırsat herkese öneriyorum hemen al pişman olmazsın! 9 yıldız!,1,1_5
masa beklediğimden küçük geldi ama işimi görüyor. 4 gündür bende.,0,0_2
süpürge berbat berbat berbat asla almayın en kötü ürün! 3 sıfır yıldız!,1,1_10
suluk harika fırsat herkese öneriyorum hemen al pişman olmazsın! 8 yıldız!,1,1_5
şarj cihazı dünyada bir numara kesin memnuniyet mükemmel! 6 tane sipariş ver!,1,1_17
saat için rakip yok bütün ürünlerden üstün hemen al! 7 tane sipariş!,1,1_13
monitör hakkında olumsuz yazanlara inanmayın kusursuz süper! 4 yıldız!,1,1_14
"kazak fotoğraftakiyle aynı, kutu ezilmişti. 9 gün sonra ulaştı.",0,0_4
termos süper süper fiyat şahane düşünmeden al al al! 9 yıldız!,1,1_3
kitap dünyada bir numara kesin memnuniyet mükemmel! 10 tane sipariş ver!,1,1_17
"saat beklentimi karşıladı, tavsiye ederim. Kargo 9 günde geldi.",0,0_12
klavye piyasadaki en iyi en ucuz kaçırılmaz hemen sipariş! 6 yıldız!,1,1_7
"havlu siparişim yanlış renk geldi, satıcı değişim yaptı. 2 gün bekledim.",0,0_15
ayakkabı süper süper fiyat şahane düşünmeden al al al! 1 yıldız!,1,1_3
"çanta gayet güzel, kargolama hızlıydı. 6 gündür kullanıyorum.",0,0_0
ayakkabı şahane şahane kesinlikle almalısınız rakipsiz kalite! 3 tane!,1,1_8
çanta kötü paketlenmişti; ürün sağlam kaldı. 3 gün sonra teslim aldım.,0,0_19
"kazak kullanışlı çıktı, ambalajı özenliydi. 3 gündür sorun yaşamadım.",0,0_9
"masa siparişim yanlış renk geldi, satıcı değişim yaptı. 4 gün bekledim.",0,0_15
"telefon paketinde çizik vardı, iade talebi açtım. 10 gün bekledim.",0,0_1
yastık rezalet rezalet para tuzağı sakın satın alma! 10 sıfır puan!,1,1_12
yastık hakkında olumsuz yazanlara inanmayın kusursuz süper! 5 yıldız!,1,1_14
"çanta fotoğraftakiyle aynı, kutu ezilmişti. 10 gün sonra ulaştı.",0,0_4
kamera muhteşem efsane süper ürün herkese tavsiye al! 10 yıldız!,1,1_9
süpürge hakkında olumsuz yazanlara inanmayın kusursuz süper! 10 yıldız!,1,1_14
"termos siparişim yanlış renk geldi, satıcı değişim yaptı. 7 gün bekledim.",0,0_15
"ayakkabı malzemesi iyi, fiyatı biraz yüksek. Teslimat 3 gün sürdü.",0,0_3
"tablet kalitesi orta, indirimde alınabilir. 7 günlük deneyimim bu.",0,0_7
yastık kötü paketlenmişti; ürün sağlam kaldı. 5 gün sonra teslim aldım.,0,0_19
"suluk siparişim yanlış renk geldi, satıcı değişim yaptı. 4 gün bekledim.",0,0_15
yastık hayatınız değişecek inanılmaz sonuç hemen satın al! 8 yıldız!,1,1_16
"klavye kalitesi orta, indirimde alınabilir. 2 günlük deneyimim bu.",0,0_7
yastık piyasadaki en iyi en ucuz kaçırılmaz hemen sipariş! 5 yıldız!,1,1_7
"havlu kullanışlı çıktı, ambalajı özenliydi. 10 gündür sorun yaşamadım.",0,0_9
ayakkabı için iade süreci sorunsuz ilerledi. Ücret 4 günde yattı.,0,0_14
mont hakkında olumsuz yazanlara inanmayın kusursuz süper! 4 yıldız!,1,1_14
"saat paketinde çizik vardı, iade talebi açtım. 2 gün bekledim.",0,0_1
"kitap için satıcıya soru sordum, açıklayıcı cevap verdi. 9 gün kullandım.",0,0_5
"fare gayet güzel, kargolama hızlıydı. 7 gündür kullanıyorum.",0,0_0
monitör muhteşem efsane süper ürün herkese tavsiye al! 10 yıldız!,1,1_9
yastık berbat berbat berbat asla almayın en kötü ürün! 6 sıfır yıldız!,1,1_10
"çanta kullanışlı çıktı, ambalajı özenliydi. 4 gündür sorun yaşamadım.",0,0_9
tablet berbat berbat berbat asla almayın en kötü ürün! 1 sıfır yıldız!,1,1_10
çanta beğenmeyen yok herkes alıyor hemen sen de al! 7 yıldız!,1,1_18
şarj cihazı beklediğimden küçük geldi ama işimi görüyor. 8 gündür bende.,0,0_2
"kulaklık kullanışlı çıktı, ambalajı özenliydi. 5 gündür sorun yaşamadım.",0,0_9
"suluk kullanışlı çıktı, ambalajı özenliydi. 3 gündür sorun yaşamadım.",0,0_9
tablet mükemmel mükemmel herkese tavsiye hemen satın al! 4 yıldız!,1,1_1
"şarj cihazı ilk gün iyiydi, sonra arıza yaptı. 4 gün sonra servise verdim.",0,0_6
sandalye harika harika harika kesinlikle al 10 numara! 2 tane al!,1,1_0
"masa paketinde çizik vardı, iade talebi açtım. 2 gün bekledim.",0,0_1
tencere için iade süreci sorunsuz ilerledi. Ücret 9 günde yattı.,0,0_14
suluk inanılmaz kusursuz muhteşem satıcı bir numara! 3 tane al!,1,1_4
"fare için satıcıya soru sordum, açıklayıcı cevap verdi. 8 gün kullandım.",0,0_5
klavye harika fırsat herkese öneriyorum hemen al pişman olmazsın! 7 yıldız!,1,1_5
"mont siparişim yanlış renk geldi, satıcı değişim yaptı. 3 gün bekledim.",0,0_15
kazak şimdi satın al bugün fırsat son fırsat süper süper! 4 tane al!,1,1_19
sandalye rezalet rezalet para tuzağı sakın satın alma! 5 sıfır puan!,1,1_12
tablet harika fırsat herkese öneriyorum hemen al pişman olmazsın! 6 yıldız!,1,1_5
"şarj cihazı malzemesi iyi, fiyatı biraz yüksek. Teslimat 3 gün sürdü.",0,0_3
mont on numara beş yıldız yüzde yüz garanti kaçırma! 10 tane al!,1,1_15
"yastık paketinde çizik vardı, iade talebi açtım. 7 gün bekledim.",0,0_1
sandalye efsane fırsat kaçırma en iyi ürün şimdi sipariş ver! 8 tane!,1,1_2
suluk muhteşem efsane süper ürün herkese tavsiye al! 2 yıldız!,1,1_9
hoparlör için iade süreci sorunsuz ilerledi. Ücret 8 günde yattı.,0,0_14
"kulaklık ilk gün iyiydi, sonra arıza yaptı. 3 gün sonra servise verdim.",0,0_6
çaydanlık şahane şahane kesinlikle almalısınız rakipsiz kalite! 8 tane!,1,1_8
kulaklık beğenmeyen yok herkes alıyor hemen sen de al! 6 yıldız!,1,1_18
çaydanlık için rakip yok bütün ürünlerden üstün hemen al! 1 tane sipariş!,1,1_13
mont muhteşem efsane süper ürün herkese tavsiye al! 2 yıldız!,1,1_9
"masa tam istediğim gibi, tekrar alabilirim. 10 gün önce teslim edildi.",0,0_17
şarj cihazı çok hoşuma gitti; özellikle kullanım kolaylığı iyi. 7 gün denedim.,0,0_10
"şarj cihazı için satıcıya soru sordum, açıklayıcı cevap verdi. 5 gün kullandım.",0,0_5
tencere için olumsuz yorumları okudum ama bende sorun çıkmadı. 1 gün kullandım.,0,0_18
"kitap rengi beklediğim gibi değil, değişim istedim. 3 gün oldu.",0,0_8
süpürge için rakip yok bütün ürünlerden üstün hemen al! 3 tane sipariş!,1,1_13
mont dünyada bir numara kesin memnuniyet mükemmel! 10 tane sipariş ver!,1,1_17
fare inanılmaz kusursuz muhteşem satıcı bir numara! 2 tane al!,1,1_4
şarj cihazı kesinlikle uzak dur herkes başka markayı alsın! 4 kere söylüyorum!,1,1_11
"kazak malzemesi iyi, fiyatı biraz yüksek. Teslimat 5 gün sürdü.",0,0_3
"monitör uzun kullanımda rahat değil, kısa süre için uygun. 7 gündür bende.",0,0_16
havlu dünyada bir numara kesin memnuniyet mükemmel! 10 tane sipariş ver!,1,1_17
çanta fiyatına göre güzel; kullanım kılavuzu eksik çıktı. 2 gün oldu.,0,0_13
termos çok hoşuma gitti; özellikle kullanım kolaylığı iyi. 6 gün denedim.,0,0_10
kazak piyasadaki en iyi en ucuz kaçırılmaz hemen sipariş! 10 yıldız!,1,1_7
kamera rezalet rezalet para tuzağı sakın satın alma! 10 sıfır puan!,1,1_12
kulaklık harika fırsat herkese öneriyorum hemen al pişman olmazsın! 7 yıldız!,1,1_5
termos beğenmeyen yok herkes alıyor hemen sen de al! 6 yıldız!,1,1_18
termos dünyada bir numara kesin memnuniyet mükemmel! 2 tane sipariş ver!,1,1_17
masa şahane şahane kesinlikle almalısınız rakipsiz kalite! 9 tane!,1,1_8
çanta inanılmaz kusursuz muhteşem satıcı bir numara! 7 tane al!,1,1_4
"tencere beklentimi karşıladı, tavsiye ederim. Kargo 9 günde geldi.",0,0_12
yastık berbat berbat berbat asla almayın en kötü ürün! 5 sıfır yıldız!,1,1_10
klavye harika harika harika kesinlikle al 10 numara! 1 tane al!,1,1_0
"çaydanlık siparişim yanlış renk geldi, satıcı değişim yaptı. 9 gün bekledim.",0,0_15
"fare siparişim yanlış renk geldi, satıcı değişim yaptı. 4 gün bekledim.",0,0_15
kazak muhteşem efsane süper ürün herkese tavsiye al! 6 yıldız!,1,1_9
çaydanlık için olumsuz yorumları okudum ama bende sorun çıkmadı. 9 gün kullandım.,0,0_18
çanta muhteşem efsane süper ürün herkese tavsiye al! 8 yıldız!,1,1_9
"suluk siparişim yanlış renk geldi, satıcı değişim yaptı. 2 gün bekledim.",0,0_15
masa süper süper fiyat şahane düşünmeden al al al! 9 yıldız!,1,1_3
kamera mükemmel kalite mükemmel fiyat mükemmel satıcı! 2 tane satın al!,1,1_6
şarj cihazı beğenmeyen yok herkes alıyor hemen sen de al! 6 yıldız!,1,1_18
tencere şahane şahane kesinlikle almalısınız rakipsiz kalite! 1 tane!,1,1_8
masa çok hoşuma gitti; özellikle kullanım kolaylığı iyi. 3 gün denedim.,0,0_10
masa harika görünüyor ama bağlantı noktası gevşek. 3 gündür kullanıyorum.,0,0_11
termos çok hoşuma gitti; özellikle kullanım kolaylığı iyi. 9 gün denedim.,0,0_10
çanta çok hoşuma gitti; özellikle kullanım kolaylığı iyi. 8 gün denedim.,0,0_10
tencere inanılmaz kusursuz muhteşem satıcı bir numara! 3 tane al!,1,1_4
"suluk rengi beklediğim gibi değil, değişim istedim. 8 gün oldu.",0,0_8
telefon efsane fırsat kaçırma en iyi ürün şimdi sipariş ver! 8 tane!,1,1_2
mont beklediğimden küçük geldi ama işimi görüyor. 9 gündür bende.,0,0_2
kazak şimdi satın al bugün fırsat son fırsat süper süper! 7 tane al!,1,1_19
"termos ilk gün iyiydi, sonra arıza yaptı. 8 gün sonra servise verdim.",0,0_6
monitör kötü paketlenmişti; ürün sağlam kaldı. 7 gün sonra teslim aldım.,0,0_19
"telefon için satıcıya soru sordum, açıklayıcı cevap verdi. 5 gün kullandım.",0,0_5
ayakkabı çok hoşuma gitti; özellikle kullanım kolaylığı iyi. 9 gün denedim.,0,0_10
"kulaklık kullanışlı çıktı, ambalajı özenliydi. 4 gündür sorun yaşamadım.",0,0_9
masa için iade süreci sorunsuz ilerledi. Ücret 2 günde yattı.,0,0_14
"suluk beklentimi karşıladı, tavsiye ederim. Kargo 6 günde geldi.",0,0_12
masa kesinlikle uzak dur herkes başka markayı alsın! 8 kere söylüyorum!,1,1_11
monitör efsane fırsat kaçırma en iyi ürün şimdi sipariş ver! 9 tane!,1,1_2
kulaklık için iade süreci sorunsuz ilerledi. Ücret 10 günde yattı.,0,0_14
süpürge harika görünüyor ama bağlantı noktası gevşek. 4 gündür kullanıyorum.,0,0_11
saat harika harika harika kesinlikle al 10 numara! 1 tane al!,1,1_0
havlu süper süper fiyat şahane düşünmeden al al al! 1 yıldız!,1,1_3
"kitap paketinde çizik vardı, iade talebi açtım. 9 gün bekledim.",0,0_1
hoparlör hakkında olumsuz yazanlara inanmayın kusursuz süper! 10 yıldız!,1,1_14
fare için rakip yok bütün ürünlerden üstün hemen al! 2 tane sipariş!,1,1_13
yastık piyasadaki en iyi en ucuz kaçırılmaz hemen sipariş! 8 yıldız!,1,1_7
"ayakkabı ilk gün iyiydi, sonra arıza yaptı. 2 gün sonra servise verdim.",0,0_6
"monitör rengi beklediğim gibi değil, değişim istedim. 4 gün oldu.",0,0_8
hoparlör mükemmel mükemmel herkese tavsiye hemen satın al! 2 yıldız!,1,1_1
tencere inanılmaz kusursuz muhteşem satıcı bir numara! 2 tane al!,1,1_4
klavye harika harika harika kesinlikle al 10 numara! 3 tane al!,1,1_0
"hoparlör için satıcıya soru sordum, açıklayıcı cevap verdi. 9 gün kullandım.",0,0_5
"mont rengi beklediğim gibi değil, değişim istedim. 3 gün oldu.",0,0_8
tencere harika fırsat herkese öneriyorum hemen al pişman olmazsın! 2 yıldız!,1,1_5
fare harika harika harika kesinlikle al 10 numara! 3 tane al!,1,1_0
kamera efsane fırsat kaçırma en iyi ürün şimdi sipariş ver! 2 tane!,1,1_2
"saat kullanışlı çıktı, ambalajı özenliydi. 8 gündür sorun yaşamadım.",0,0_9
"fare için satıcıya soru sordum, açıklayıcı cevap verdi. 6 gün kullandım.",0,0_5
masa mükemmel mükemmel herkese tavsiye hemen satın al! 2 yıldız!,1,1_1
"masa kullanışlı çıktı, ambalajı özenliydi. 4 gündür sorun yaşamadım.",0,0_9
"şarj cihazı uzun kullanımda rahat değil, kısa süre için uygun. 9 gündür bende.",0,0_16
termos için olumsuz yorumları okudum ama bende sorun çıkmadı. 6 gün kullandım.,0,0_18
fare harika fırsat herkese öneriyorum hemen al pişman olmazsın! 4 yıldız!,1,1_5
"kitap ilk gün iyiydi, sonra arıza yaptı. 9 gün sonra servise verdim.",0,0_6
termos mükemmel mükemmel herkese tavsiye hemen satın al! 2 yıldız!,1,1_1
"klavye fotoğraftakiyle aynı, kutu ezilmişti. 10 gün sonra ulaştı.",0,0_4
kamera mükemmel mükemmel herkese tavsiye hemen satın al! 3 yıldız!,1,1_1
"kazak malzemesi iyi, fiyatı biraz yüksek. Teslimat 8 gün sürdü.",0,0_3
kitap efsane fırsat kaçırma en iyi ürün şimdi sipariş ver! 4 tane!,1,1_2
havlu mükemmel kalite mükemmel fiyat mükemmel satıcı! 8 tane satın al!,1,1_6
monitör harika fırsat herkese öneriyorum hemen al pişman olmazsın! 8 yıldız!,1,1_5
saat hayatınız değişecek inanılmaz sonuç hemen satın al! 2 yıldız!,1,1_16
kazak inanılmaz kusursuz muhteşem satıcı bir numara! 9 tane al!,1,1_4
masa süper süper fiyat şahane düşünmeden al al al! 3 yıldız!,1,1_3
kazak çok hoşuma gitti; özellikle kullanım kolaylığı iyi. 1 gün denedim.,0,0_10
havlu şahane şahane kesinlikle almalısınız rakipsiz kalite! 10 tane!,1,1_8
termos hayatınız değişecek inanılmaz sonuç hemen satın al! 10 yıldız!,1,1_16
"lamba uzun kullanımda rahat değil, kısa süre için uygun. 10 gündür bende.",0,0_16
suluk beklediğimden küçük geldi ama işimi görüyor. 2 gündür bende.,0,0_2
klavye harika görünüyor ama bağlantı noktası gevşek. 8 gündür kullanıyorum.,0,0_11
telefon için rakip yok bütün ürünlerden üstün hemen al! 7 tane sipariş!,1,1_13
"hoparlör için satıcıya soru sordum, açıklayıcı cevap verdi. 2 gün kullandım.",0,0_5
şarj cihazı efsane fırsat kaçırma en iyi ürün şimdi sipariş ver! 7 tane!,1,1_2
"havlu ilk gün iyiydi, sonra arıza yaptı. 6 gün sonra servise verdim.",0,0_6
havlu hayatınız değişecek inanılmaz sonuç hemen satın al! 3 yıldız!,1,1_16
"telefon fotoğraftakiyle aynı, kutu ezilmişti. 4 gün sonra ulaştı.",0,0_4
havlu dünyada bir numara kesin memnuniyet mükemmel! 9 tane sipariş ver!,1,1_17
masa rezalet rezalet para tuzağı sakın satın alma! 5 sıfır puan!,1,1_12
kitap kesinlikle uzak dur herkes başka markayı alsın! 3 kere söylüyorum!,1,1_11
telefon mükemmel mükemmel herkese tavsiye hemen satın al! 8 yıldız!,1,1_1
"fare beklentimi karşıladı, tavsiye ederim. Kargo 5 günde geldi.",0,0_12
mont muhteşem efsane süper ürün herkese tavsiye al! 9 yıldız!,1,1_9
monitör dünyada bir numara kesin memnuniyet mükemmel! 9 tane sipariş ver!,1,1_17
fare berbat berbat berbat asla almayın en kötü ürün! 2 sıfır yıldız!,1,1_10
kitap harika fırsat herkese öneriyorum hemen al pişman olmazsın! 10 yıldız!,1,1_5
lamba için rakip yok bütün ürünlerden üstün hemen al! 8 tane sipariş!,1,1_13
termos on numara beş yıldız yüzde yüz garanti kaçırma! 8 tane al!,1,1_15
"kulaklık için satıcıya soru sordum, açıklayıcı cevap verdi. 8 gün kullandım.",0,0_5
süpürge için olumsuz yorumları okudum ama bende sorun çıkmadı. 4 gün kullandım.,0,0_18
kitap inanılmaz kusursuz muhteşem satıcı bir numara! 2 tane al!,1,1_4
"yastık malzemesi iyi, fiyatı biraz yüksek. Teslimat 3 gün sürdü.",0,0_3
mont beklediğimden küçük geldi ama işimi görüyor. 7 gündür bende.,0,0_2
termos muhteşem efsane süper ürün herkese tavsiye al! 5 yıldız!,1,1_9
saat berbat berbat berbat asla almayın en kötü ürün! 6 sıfır yıldız!,1,1_10
kulaklık beğenmeyen yok herkes alıyor hemen sen de al! 9 yıldız!,1,1_18
"masa fotoğraftakiyle aynı, kutu ezilmişti. 6 gün sonra ulaştı.",0,0_4
saat için rakip yok bütün ürünlerden üstün hemen al! 3 tane sipariş!,1,1_13
telefon süper süper fiyat şahane düşünmeden al al al! 7 yıldız!,1,1_3
"tencere malzemesi iyi, fiyatı biraz yüksek. Teslimat 1 gün sürdü.",0,0_3
kulaklık için olumsuz yorumları okudum ama bende sorun çıkmadı. 1 gün kullandım.,0,0_18
masa kötü paketlenmişti; ürün sağlam kaldı. 2 gün sonra teslim aldım.,0,0_19
suluk hayatınız değişecek inanılmaz sonuç hemen satın al! 5 yıldız!,1,1_16
yastık berbat berbat berbat asla almayın en kötü ürün! 3 sıfır yıldız!,1,1_10
"mont fotoğraftakiyle aynı, kutu ezilmişti. 9 gün sonra ulaştı.",0,0_4
süpürge şahane şahane kesinlikle almalısınız rakipsiz kalite! 6 tane!,1,1_8
"sandalye kullanışlı çıktı, ambalajı özenliydi. 4 gündür sorun yaşamadım.",0,0_9
tencere harika harika harika kesinlikle al 10 numara! 10 tane al!,1,1_0
kitap mükemmel mükemmel herkese tavsiye hemen satın al! 6 yıldız!,1,1_1
kazak muhteşem efsane süper ürün herkese tavsiye al! 5 yıldız!,1,1_9
kazak berbat berbat berbat asla almayın en kötü ürün! 2 sıfır yıldız!,1,1_10
monitör rezalet rezalet para tuzağı sakın satın alma! 6 sıfır puan!,1,1_12
termos harika görünüyor ama bağlantı noktası gevşek. 3 gündür kullanıyorum.,0,0_11
"kamera fotoğraftakiyle aynı, kutu ezilmişti. 5 gün sonra ulaştı.",0,0_4
kazak şimdi satın al bugün fırsat son fırsat süper süper! 5 tane al!,1,1_19
monitör harika görünüyor ama bağlantı noktası gevşek. 3 gündür kullanıyorum.,0,0_11
"kamera beklentimi karşıladı, tavsiye ederim. Kargo 3 günde geldi.",0,0_12
"havlu uzun kullanımda rahat değil, kısa süre için uygun. 4 gündür bende.",0,0_16
"suluk kullanışlı çıktı, ambalajı özenliydi. 10 gündür sorun yaşamadım.",0,0_9
mont beğenmeyen yok herkes alıyor hemen sen de al! 5 yıldız!,1,1_18
"şarj cihazı siparişim yanlış renk geldi, satıcı değişim yaptı. 2 gün bekledim.",0,0_15
"çaydanlık kullanışlı çıktı, ambalajı özenliydi. 10 gündür sorun yaşamadım.",0,0_9
kulaklık süper süper fiyat şahane düşünmeden al al al! 3 yıldız!,1,1_3
sandalye efsane fırsat kaçırma en iyi ürün şimdi sipariş ver! 5 tane!,1,1_2
"tencere beklentimi karşıladı, tavsiye ederim. Kargo 7 günde geldi.",0,0_12
kazak için rakip yok bütün ürünlerden üstün hemen al! 6 tane sipariş!,1,1_13
"mont kalitesi orta, indirimde alınabilir. 9 günlük deneyimim bu.",0,0_7
mont için rakip yok bütün ürünlerden üstün hemen al! 4 tane sipariş!,1,1_13
"kulaklık için satıcıya soru sordum, açıklayıcı cevap verdi. 2 gün kullandım.",0,0_5
kulaklık harika görünüyor ama bağlantı noktası gevşek. 5 gündür kullanıyorum.,0,0_11
süpürge mükemmel mükemmel herkese tavsiye hemen satın al! 7 yıldız!,1,1_1
ayakkabı dünyada bir numara kesin memnuniyet mükemmel! 8 tane sipariş ver!,1,1_17
saat efsane fırsat kaçırma en iyi ürün şimdi sipariş ver! 3 tane!,1,1_2
fare harika harika harika kesinlikle al 10 numara! 4 tane al!,1,1_0
süpürge on numara beş yıldız yüzde yüz garanti kaçırma! 1 tane al!,1,1_15
"ayakkabı için satıcıya soru sordum, açıklayıcı cevap verdi. 9 gün kullandım.",0,0_5
fare hakkında olumsuz yazanlara inanmayın kusursuz süper! 5 yıldız!,1,1_14
saat mükemmel kalite mükemmel fiyat mükemmel satıcı! 1 tane satın al!,1,1_6
hoparlör şahane şahane kesinlikle almalısınız rakipsiz kalite! 9 tane!,1,1_8
ayakkabı dünyada bir numara kesin memnuniyet mükemmel! 6 tane sipariş ver!,1,1_17
"kamera ilk gün iyiydi, sonra arıza yaptı. 5 gün sonra servise verdim.",0,0_6
termos şahane şahane kesinlikle almalısınız rakipsiz kalite! 6 tane!,1,1_8
"havlu için satıcıya soru sordum, açıklayıcı cevap verdi. 4 gün kullandım.",0,0_5
tencere süper süper fiyat şahane düşünmeden al al al! 9 yıldız!,1,1_3
ayakkabı berbat berbat berbat asla almayın en kötü ürün! 9 sıfır yıldız!,1,1_10
saat harika görünüyor ama bağlantı noktası gevşek. 6 gündür kullanıyorum.,0,0_11
klavye mükemmel mükemmel herkese tavsiye hemen satın al! 2 yıldız!,1,1_1
"monitör paketinde çizik vardı, iade talebi açtım. 2 gün bekledim.",0,0_1
hoparlör mükemmel kalite mükemmel fiyat mükemmel satıcı! 7 tane satın al!,1,1_6
"hoparlör kalitesi orta, indirimde alınabilir. 8 günlük deneyimim bu.",0,0_7
tablet için olumsuz yorumları okudum ama bende sorun çıkmadı. 4 gün kullandım.,0,0_18
monitör piyasadaki en iyi en ucuz kaçırılmaz hemen sipariş! 4 yıldız!,1,1_7
şarj cihazı mükemmel kalite mükemmel fiyat mükemmel satıcı! 7 tane satın al!,1,1_6
ayakkabı şahane şahane kesinlikle almalısınız rakipsiz kalite! 4 tane!,1,1_8
şarj cihazı harika harika harika kesinlikle al 10 numara! 10 tane al!,1,1_0
"çanta için satıcıya soru sordum, açıklayıcı cevap verdi. 6 gün kullandım.",0,0_5
fare dünyada bir numara kesin memnuniyet mükemmel! 5 tane sipariş ver!,1,1_17
"lamba paketinde çizik vardı, iade talebi açtım. 8 gün bekledim.",0,0_1
suluk şahane şahane kesinlikle almalısınız rakipsiz kalite! 8 tane!,1,1_8
havlu beklediğimden küçük geldi ama işimi görüyor. 4 gündür bende.,0,0_2
kulaklık mükemmel kalite mükemmel fiyat mükemmel satıcı! 6 tane satın al!,1,1_6
"yastık fotoğraftakiyle aynı, kutu ezilmişti. 1 gün sonra ulaştı.",0,0_4
lamba süper süper fiyat şahane düşünmeden al al al! 3 yıldız!,1,1_3
havlu rezalet rezalet para tuzağı sakın satın alma! 7 sıfır puan!,1,1_12
havlu on numara beş yıldız yüzde yüz garanti kaçırma! 5 tane al!,1,1_15
sandalye inanılmaz kusursuz muhteşem satıcı bir numara! 10 tane al!,1,1_4
"mont rengi beklediğim gibi değil, değişim istedim. 7 gün oldu.",0,0_8
şarj cihazı harika görünüyor ama bağlantı noktası gevşek. 9 gündür kullanıyorum.,0,0_11
lamba şahane şahane kesinlikle almalısınız rakipsiz kalite! 6 tane!,1,1_8
suluk rezalet rezalet para tuzağı sakın satın alma! 10 sıfır puan!,1,1_12
"şarj cihazı gayet güzel, kargolama hızlıydı. 7 gündür kullanıyorum.",0,0_0
"masa kalitesi orta, indirimde alınabilir. 6 günlük deneyimim bu.",0,0_7
şarj cihazı mükemmel mükemmel herkese tavsiye hemen satın al! 6 yıldız!,1,1_1
tablet için olumsuz yorumları okudum ama bende sorun çıkmadı. 3 gün kullandım.,0,0_18
"yastık uzun kullanımda rahat değil, kısa süre için uygun. 7 gündür bende.",0,0_16
"tablet rengi beklediğim gibi değil, değişim istedim. 9 gün oldu.",0,0_8
masa fiyatına göre güzel; kullanım kılavuzu eksik çıktı. 1 gün oldu.,0,0_13
yastık kötü paketlenmişti; ürün sağlam kaldı. 9 gün sonra teslim aldım.,0,0_19
monitör fiyatına göre güzel; kullanım kılavuzu eksik çıktı. 10 gün oldu.,0,0_13
"şarj cihazı gayet güzel, kargolama hızlıydı. 6 gündür kullanıyorum.",0,0_0
"suluk malzemesi iyi, fiyatı biraz yüksek. Teslimat 8 gün sürdü.",0,0_3
sandalye harika fırsat herkese öneriyorum hemen al pişman olmazsın! 6 yıldız!,1,1_5
mont için iade süreci sorunsuz ilerledi. Ücret 3 günde yattı.,0,0_14
tablet beklediğimden küçük geldi ama işimi görüyor. 5 gündür bende.,0,0_2
lamba harika harika harika kesinlikle al 10 numara! 4 tane al!,1,1_0
hoparlör hakkında olumsuz yazanlara inanmayın kusursuz süper! 4 yıldız!,1,1_14
sandalye kesinlikle uzak dur herkes başka markayı alsın! 3 kere söylüyorum!,1,1_11
suluk için olumsuz yorumları okudum ama bende sorun çıkmadı. 1 gün kullandım.,0,0_18
"saat kalitesi orta, indirimde alınabilir. 7 günlük deneyimim bu.",0,0_7
çanta beğenmeyen yok herkes alıyor hemen sen de al! 5 yıldız!,1,1_18
termos efsane fırsat kaçırma en iyi ürün şimdi sipariş ver! 6 tane!,1,1_2
"mont kalitesi orta, indirimde alınabilir. 5 günlük deneyimim bu.",0,0_7
suluk için rakip yok bütün ürünlerden üstün hemen al! 5 tane sipariş!,1,1_13
ayakkabı için iade süreci sorunsuz ilerledi. Ücret 2 günde yattı.,0,0_14
"sandalye tam istediğim gibi, tekrar alabilirim. 6 gün önce teslim edildi.",0,0_17
ayakkabı piyasadaki en iyi en ucuz kaçırılmaz hemen sipariş! 6 yıldız!,1,1_7
kazak hayatınız değişecek inanılmaz sonuç hemen satın al! 8 yıldız!,1,1_16
süpürge kesinlikle uzak dur herkes başka markayı alsın! 8 kere söylüyorum!,1,1_11
havlu piyasadaki en iyi en ucuz kaçırılmaz hemen sipariş! 8 yıldız!,1,1_7
kulaklık muhteşem efsane süper ürün herkese tavsiye al! 10 yıldız!,1,1_9
"süpürge tam istediğim gibi, tekrar alabilirim. 9 gün önce teslim edildi.",0,0_17
"fare için satıcıya soru sordum, açıklayıcı cevap verdi. 7 gün kullandım.",0,0_5
"saat malzemesi iyi, fiyatı biraz yüksek. Teslimat 6 gün sürdü.",0,0_3
masa beğenmeyen yok herkes alıyor hemen sen de al! 8 yıldız!,1,1_18
kitap çok hoşuma gitti; özellikle kullanım kolaylığı iyi. 10 gün denedim.,0,0_10
"mont malzemesi iyi, fiyatı biraz yüksek. Teslimat 2 gün sürdü.",0,0_3
"suluk için satıcıya soru sordum, açıklayıcı cevap verdi. 2 gün kullandım.",0,0_5
tablet on numara beş yıldız yüzde yüz garanti kaçırma! 7 tane al!,1,1_15
kazak harika harika harika kesinlikle al 10 numara! 6 tane al!,1,1_0
saat inanılmaz kusursuz muhteşem satıcı bir numara! 3 tane al!,1,1_4
klavye çok hoşuma gitti; özellikle kullanım kolaylığı iyi. 9 gün denedim.,0,0_10
fare efsane fırsat kaçırma en iyi ürün şimdi sipariş ver! 6 tane!,1,1_2
şarj cihazı on numara beş yıldız yüzde yüz garanti kaçırma! 5 tane al!,1,1_15
şarj cihazı piyasadaki en iyi en ucuz kaçırılmaz hemen sipariş! 9 yıldız!,1,1_7
çaydanlık inanılmaz kusursuz muhteşem satıcı bir numara! 4 tane al!,1,1_4
çanta için iade süreci sorunsuz ilerledi. Ücret 5 günde yattı.,0,0_14
havlu hakkında olumsuz yazanlara inanmayın kusursuz süper! 2 yıldız!,1,1_14
"kulaklık ilk gün iyiydi, sonra arıza yaptı. 4 gün sonra servise verdim.",0,0_6
kulaklık beklediğimden küçük geldi ama işimi görüyor. 3 gündür bende.,0,0_2
"klavye kullanışlı çıktı, ambalajı özenliydi. 5 gündür sorun yaşamadım.",0,0_9
"suluk fotoğraftakiyle aynı, kutu ezilmişti. 1 gün sonra ulaştı.",0,0_4
saat mükemmel kalite mükemmel fiyat mükemmel satıcı! 7 tane satın al!,1,1_6
"monitör kullanışlı çıktı, ambalajı özenliydi. 8 gündür sorun yaşamadım.",0,0_9
sandalye harika görünüyor ama bağlantı noktası gevşek. 3 gündür kullanıyorum.,0,0_11
"kazak gayet güzel, kargolama hızlıydı. 1 gündür kullanıyorum.",0,0_0
kulaklık süper süper fiyat şahane düşünmeden al al al! 2 yıldız!,1,1_3
saat efsane fırsat kaçırma en iyi ürün şimdi sipariş ver! 8 tane!,1,1_2
saat harika harika harika kesinlikle al 10 numara! 3 tane al!,1,1_0
"sandalye tam istediğim gibi, tekrar alabilirim. 8 gün önce teslim edildi.",0,0_17
süpürge harika görünüyor ama bağlantı noktası gevşek. 6 gündür kullanıyorum.,0,0_11
kazak hayatınız değişecek inanılmaz sonuç hemen satın al! 4 yıldız!,1,1_16
"hoparlör tam istediğim gibi, tekrar alabilirim. 2 gün önce teslim edildi.",0,0_17
"yastık paketinde çizik vardı, iade talebi açtım. 1 gün bekledim.",0,0_1
ayakkabı şahane şahane kesinlikle almalısınız rakipsiz kalite! 1 tane!,1,1_8
süpürge için iade süreci sorunsuz ilerledi. Ücret 6 günde yattı.,0,0_14
fare beğenmeyen yok herkes alıyor hemen sen de al! 4 yıldız!,1,1_18
"hoparlör kalitesi orta, indirimde alınabilir. 3 günlük deneyimim bu.",0,0_7
çanta inanılmaz kusursuz muhteşem satıcı bir numara! 3 tane al!,1,1_4
kamera efsane fırsat kaçırma en iyi ürün şimdi sipariş ver! 7 tane!,1,1_2
"çanta kalitesi orta, indirimde alınabilir. 4 günlük deneyimim bu.",0,0_7
tencere için iade süreci sorunsuz ilerledi. Ücret 5 günde yattı.,0,0_14
termos kesinlikle uzak dur herkes başka markayı alsın! 1 kere söylüyorum!,1,1_11
ayakkabı çok hoşuma gitti; özellikle kullanım kolaylığı iyi. 6 gün denedim.,0,0_10
kamera fiyatına göre güzel; kullanım kılavuzu eksik çıktı. 6 gün oldu.,0,0_13
saat için rakip yok bütün ürünlerden üstün hemen al! 4 tane sipariş!,1,1_13
çaydanlık beğenmeyen yok herkes alıyor hemen sen de al! 4 yıldız!,1,1_18
telefon süper süper fiyat şahane düşünmeden al al al! 2 yıldız!,1,1_3
mont harika harika harika kesinlikle al 10 numara! 10 tane al!,1,1_0
sandalye on numara beş yıldız yüzde yüz garanti kaçırma! 2 tane al!,1,1_15
"monitör malzemesi iyi, fiyatı biraz yüksek. Teslimat 3 gün sürdü.",0,0_3
tencere piyasadaki en iyi en ucuz kaçırılmaz hemen sipariş! 10 yıldız!,1,1_7
kitap süper süper fiyat şahane düşünmeden al al al! 4 yıldız!,1,1_3
termos şimdi satın al bugün fırsat son fırsat süper süper! 1 tane al!,1,1_19
"kulaklık rengi beklediğim gibi değil, değişim istedim. 3 gün oldu.",0,0_8
termos mükemmel mükemmel herkese tavsiye hemen satın al! 1 yıldız!,1,1_1
"kamera malzemesi iyi, fiyatı biraz yüksek. Teslimat 3 gün sürdü.",0,0_3
"hoparlör rengi beklediğim gibi değil, değişim istedim. 2 gün oldu.",0,0_8
kazak inanılmaz kusursuz muhteşem satıcı bir numara! 6 tane al!,1,1_4
"fare ilk gün iyiydi, sonra arıza yaptı. 3 gün sonra servise verdim.",0,0_6
klavye şahane şahane kesinlikle almalısınız rakipsiz kalite! 6 tane!,1,1_8
fare hayatınız değişecek inanılmaz sonuç hemen satın al! 10 yıldız!,1,1_16
"suluk için satıcıya soru sordum, açıklayıcı cevap verdi. 9 gün kullandım.",0,0_5
hoparlör hayatınız değişecek inanılmaz sonuç hemen satın al! 10 yıldız!,1,1_16
"monitör fotoğraftakiyle aynı, kutu ezilmişti. 10 gün sonra ulaştı.",0,0_4
çanta kesinlikle uzak dur herkes başka markayı alsın! 1 kere söylüyorum!,1,1_11
kulaklık çok hoşuma gitti; özellikle kullanım kolaylığı iyi. 1 gün denedim.,0,0_10
hoparlör inanılmaz kusursuz muhteşem satıcı bir numara! 3 tane al!,1,1_4
"tencere uzun kullanımda rahat değil, kısa süre için uygun. 7 gündür bende.",0,0_16
telefon on numara beş yıldız yüzde yüz garanti kaçırma! 7 tane al!,1,1_15
tablet piyasadaki en iyi en ucuz kaçırılmaz hemen sipariş! 3 yıldız!,1,1_7
şarj cihazı harika harika harika kesinlikle al 10 numara! 1 tane al!,1,1_0
"lamba ilk gün iyiydi, sonra arıza yaptı. 8 gün sonra servise verdim.",0,0_6
saat piyasadaki en iyi en ucuz kaçırılmaz hemen sipariş! 6 yıldız!,1,1_7
ayakkabı mükemmel kalite mükemmel fiyat mükemmel satıcı! 3 tane satın al!,1,1_6
yastık muhteşem efsane süper ürün herkese tavsiye al! 1 yıldız!,1,1_9
lamba efsane fırsat kaçırma en iyi ürün şimdi sipariş ver! 4 tane!,1,1_2
çanta piyasadaki en iyi en ucuz kaçırılmaz hemen sipariş! 10 yıldız!,1,1_7
tablet için iade süreci sorunsuz ilerledi. Ücret 4 günde yattı.,0,0_14
suluk muhteşem efsane süper ürün herkese tavsiye al! 9 yıldız!,1,1_9
kitap şahane şahane kesinlikle almalısınız rakipsiz kalite! 7 tane!,1,1_8
çanta için iade süreci sorunsuz ilerledi. Ücret 3 günde yattı.,0,0_14
şarj cihazı dünyada bir numara kesin memnuniyet mükemmel! 1 tane sipariş ver!,1,1_17
"şarj cihazı ilk gün iyiydi, sonra arıza yaptı. 5 gün sonra servise verdim.",0,0_6
kitap şahane şahane kesinlikle almalısınız rakipsiz kalite! 9 tane!,1,1_8
ayakkabı için rakip yok bütün ürünlerden üstün hemen al! 3 tane sipariş!,1,1_13
mont şimdi satın al bugün fırsat son fırsat süper süper! 5 tane al!,1,1_19
fare kötü paketlenmişti; ürün sağlam kaldı. 2 gün sonra teslim aldım.,0,0_19
havlu hakkında olumsuz yazanlara inanmayın kusursuz süper! 3 yıldız!,1,1_14
tablet inanılmaz kusursuz muhteşem satıcı bir numara! 1 tane al!,1,1_4
klavye mükemmel mükemmel herkese tavsiye hemen satın al! 8 yıldız!,1,1_1
kulaklık için olumsuz yorumları okudum ama bende sorun çıkmadı. 6 gün kullandım.,0,0_18
"saat rengi beklediğim gibi değil, değişim istedim. 8 gün oldu.",0,0_8
"klavye fotoğraftakiyle aynı, kutu ezilmişti. 7 gün sonra ulaştı.",0,0_4
"yastık kullanışlı çıktı, ambalajı özenliydi. 1 gündür sorun yaşamadım.",0,0_9
çanta mükemmel mükemmel herkese tavsiye hemen satın al! 8 yıldız!,1,1_1
"klavye için satıcıya soru sordum, açıklayıcı cevap verdi. 4 gün kullandım.",0,0_5
"süpürge fotoğraftakiyle aynı, kutu ezilmişti. 5 gün sonra ulaştı.",0,0_4
telefon muhteşem efsane süper ürün herkese tavsiye al! 8 yıldız!,1,1_9
ayakkabı rezalet rezalet para tuzağı sakın satın alma! 3 sıfır puan!,1,1_12
"telefon kalitesi orta, indirimde alınabilir. 9 günlük deneyimim bu.",0,0_7
kamera piyasadaki en iyi en ucuz kaçırılmaz hemen sipariş! 5 yıldız!,1,1_7
fare mükemmel kalite mükemmel fiyat mükemmel satıcı! 1 tane satın al!,1,1_6
monitör kesinlikle uzak dur herkes başka markayı alsın! 8 kere söylüyorum!,1,1_11
"tablet malzemesi iyi, fiyatı biraz yüksek. Teslimat 7 gün sürdü.",0,0_3
telefon beklediğimden küçük geldi ama işimi görüyor. 1 gündür bende.,0,0_2
kulaklık berbat berbat berbat asla almayın en kötü ürün! 5 sıfır yıldız!,1,1_10
kazak dünyada bir numara kesin memnuniyet mükemmel! 2 tane sipariş ver!,1,1_17
kitap hakkında olumsuz yazanlara inanmayın kusursuz süper! 4 yıldız!,1,1_14
masa beklediğimden küçük geldi ama işimi görüyor. 1 gündür bende.,0,0_2
şarj cihazı için iade süreci sorunsuz ilerledi. Ücret 10 günde yattı.,0,0_14
kulaklık için rakip yok bütün ürünlerden üstün hemen al! 5 tane sipariş!,1,1_13
termos muhteşem efsane süper ürün herkese tavsiye al! 6 yıldız!,1,1_9
"ayakkabı kalitesi orta, indirimde alınabilir. 7 günlük deneyimim bu.",0,0_7
termos için rakip yok bütün ürünlerden üstün hemen al! 9 tane sipariş!,1,1_13
yastık süper süper fiyat şahane düşünmeden al al al! 2 yıldız!,1,1_3
monitör muhteşem efsane süper ürün herkese tavsiye al! 5 yıldız!,1,1_9
lamba kesinlikle uzak dur herkes başka markayı alsın! 3 kere söylüyorum!,1,1_11
"kitap fotoğraftakiyle aynı, kutu ezilmişti. 2 gün sonra ulaştı.",0,0_4
"mont kalitesi orta, indirimde alınabilir. 3 günlük deneyimim bu.",0,0_7
mont hakkında olumsuz yazanlara inanmayın kusursuz süper! 10 yıldız!,1,1_14
suluk piyasadaki en iyi en ucuz kaçırılmaz hemen sipariş! 8 yıldız!,1,1_7
"klavye rengi beklediğim gibi değil, değişim istedim. 7 gün oldu.",0,0_8
"kazak malzemesi iyi, fiyatı biraz yüksek. Teslimat 9 gün sürdü.",0,0_3
"monitör tam istediğim gibi, tekrar alabilirim. 8 gün önce teslim edildi.",0,0_17
kazak harika görünüyor ama bağlantı noktası gevşek. 5 gündür kullanıyorum.,0,0_11
"kulaklık paketinde çizik vardı, iade talebi açtım. 9 gün bekledim.",0,0_1
lamba mükemmel mükemmel herkese tavsiye hemen satın al! 5 yıldız!,1,1_1
"suluk siparişim yanlış renk geldi, satıcı değişim yaptı. 9 gün bekledim.",0,0_15
mont süper süper fiyat şahane düşünmeden al al al! 10 yıldız!,1,1_3
"tablet gayet güzel, kargolama hızlıydı. 4 gündür kullanıyorum.",0,0_0
"termos rengi beklediğim gibi değil, değişim istedim. 10 gün oldu.",0,0_8
"tencere paketinde çizik vardı, iade talebi açtım. 3 gün bekledim.",0,0_1
"lamba kalitesi orta, indirimde alınabilir. 2 günlük deneyimim bu.",0,0_7
kazak harika görünüyor ama bağlantı noktası gevşek. 9 gündür kullanıyorum.,0,0_11
havlu on numara beş yıldız yüzde yüz garanti kaçırma! 1 tane al!,1,1_15
"şarj cihazı rengi beklediğim gibi değil, değişim istedim. 10 gün oldu.",0,0_8
"şarj cihazı kullanışlı çıktı, ambalajı özenliydi. 1 gündür sorun yaşamadım.",0,0_9
kitap için olumsuz yorumları okudum ama bende sorun çıkmadı. 3 gün kullandım.,0,0_18
"kitap gayet güzel, kargolama hızlıydı. 7 gündür kullanıyorum.",0,0_0
tablet dünyada bir numara kesin memnuniyet mükemmel! 2 tane sipariş ver!,1,1_17
kulaklık şimdi satın al bugün fırsat son fırsat süper süper! 7 tane al!,1,1_19
"saat siparişim yanlış renk geldi, satıcı değişim yaptı. 8 gün bekledim.",0,0_15
ayakkabı için iade süreci sorunsuz ilerledi. Ücret 9 günde yattı.,0,0_14
suluk fiyatına göre güzel; kullanım kılavuzu eksik çıktı. 5 gün oldu.,0,0_13
hoparlör dünyada bir numara kesin memnuniyet mükemmel! 1 tane sipariş ver!,1,1_17
mont fiyatına göre güzel; kullanım kılavuzu eksik çıktı. 3 gün oldu.,0,0_13
"saat rengi beklediğim gibi değil, değişim istedim. 4 gün oldu.",0,0_8
"tablet siparişim yanlış renk geldi, satıcı değişim yaptı. 1 gün bekledim.",0,0_15
lamba şimdi satın al bugün fırsat son fırsat süper süper! 7 tane al!,1,1_19
kulaklık şimdi satın al bugün fırsat son fırsat süper süper! 5 tane al!,1,1_19
"monitör paketinde çizik vardı, iade talebi açtım. 10 gün bekledim.",0,0_1
lamba dünyada bir numara kesin memnuniyet mükemmel! 10 tane sipariş ver!,1,1_17
"kulaklık ilk gün iyiydi, sonra arıza yaptı. 2 gün sonra servise verdim.",0,0_6
süpürge muhteşem efsane süper ürün herkese tavsiye al! 1 yıldız!,1,1_9
"kulaklık rengi beklediğim gibi değil, değişim istedim. 2 gün oldu.",0,0_8
"kazak beklentimi karşıladı, tavsiye ederim. Kargo 10 günde geldi.",0,0_12
çanta için olumsuz yorumları okudum ama bende sorun çıkmadı. 1 gün kullandım.,0,0_18
çanta mükemmel kalite mükemmel fiyat mükemmel satıcı! 4 tane satın al!,1,1_6
"tablet malzemesi iyi, fiyatı biraz yüksek. Teslimat 3 gün sürdü.",0,0_3
şarj cihazı süper süper fiyat şahane düşünmeden al al al! 7 yıldız!,1,1_3
telefon inanılmaz kusursuz muhteşem satıcı bir numara! 9 tane al!,1,1_4
"şarj cihazı ilk gün iyiydi, sonra arıza yaptı. 8 gün sonra servise verdim.",0,0_6
havlu süper süper fiyat şahane düşünmeden al al al! 3 yıldız!,1,1_3
"mont siparişim yanlış renk geldi, satıcı değişim yaptı. 9 gün bekledim.",0,0_15
ayakkabı muhteşem efsane süper ürün herkese tavsiye al! 6 yıldız!,1,1_9
telefon muhteşem efsane süper ürün herkese tavsiye al! 5 yıldız!,1,1_9
lamba için iade süreci sorunsuz ilerledi. Ücret 10 günde yattı.,0,0_14
klavye inanılmaz kusursuz muhteşem satıcı bir numara! 1 tane al!,1,1_4
ayakkabı beklediğimden küçük geldi ama işimi görüyor. 7 gündür bende.,0,0_2
fare için olumsuz yorumları okudum ama bende sorun çıkmadı. 4 gün kullandım.,0,0_18
yastık mükemmel kalite mükemmel fiyat mükemmel satıcı! 7 tane satın al!,1,1_6
telefon rezalet rezalet para tuzağı sakın satın alma! 8 sıfır puan!,1,1_12
"şarj cihazı ilk gün iyiydi, sonra arıza yaptı. 3 gün sonra servise verdim.",0,0_6
havlu dünyada bir numara kesin memnuniyet mükemmel! 3 tane sipariş ver!,1,1_17
ayakkabı çok hoşuma gitti; özellikle kullanım kolaylığı iyi. 2 gün denedim.,0,0_10
mont piyasadaki en iyi en ucuz kaçırılmaz hemen sipariş! 7 yıldız!,1,1_7
kazak on numara beş yıldız yüzde yüz garanti kaçırma! 1 tane al!,1,1_15
klavye inanılmaz kusursuz muhteşem satıcı bir numara! 9 tane al!,1,1_4
yastık muhteşem efsane süper ürün herkese tavsiye al! 3 yıldız!,1,1_9
mont harika fırsat herkese öneriyorum hemen al pişman olmazsın! 8 yıldız!,1,1_5
"sandalye rengi beklediğim gibi değil, değişim istedim. 3 gün oldu.",0,0_8
lamba on numara beş yıldız yüzde yüz garanti kaçırma! 8 tane al!,1,1_15
kulaklık hayatınız değişecek inanılmaz sonuç hemen satın al! 9 yıldız!,1,1_16
"monitör ilk gün iyiydi, sonra arıza yaptı. 3 gün sonra servise verdim.",0,0_6
"termos kalitesi orta, indirimde alınabilir. 3 günlük deneyimim bu.",0,0_7
klavye rezalet rezalet para tuzağı sakın satın alma! 2 sıfır puan!,1,1_12
kamera kötü paketlenmişti; ürün sağlam kaldı. 7 gün sonra teslim aldım.,0,0_19
kazak beklediğimden küçük geldi ama işimi görüyor. 10 gündür bende.,0,0_2
tablet beklediğimden küçük geldi ama işimi görüyor. 3 gündür bende.,0,0_2
"kitap kullanışlı çıktı, ambalajı özenliydi. 1 gündür sorun yaşamadım.",0,0_9
"çaydanlık kalitesi orta, indirimde alınabilir. 2 günlük deneyimim bu.",0,0_7
yastık mükemmel kalite mükemmel fiyat mükemmel satıcı! 10 tane satın al!,1,1_6
süpürge kötü paketlenmişti; ürün sağlam kaldı. 2 gün sonra teslim aldım.,0,0_19
kazak berbat berbat berbat asla almayın en kötü ürün! 7 sıfır yıldız!,1,1_10
"ayakkabı fotoğraftakiyle aynı, kutu ezilmişti. 6 gün sonra ulaştı.",0,0_4
şarj cihazı için iade süreci sorunsuz ilerledi. Ücret 7 günde yattı.,0,0_14
şarj cihazı mükemmel mükemmel herkese tavsiye hemen satın al! 5 yıldız!,1,1_1
"çaydanlık paketinde çizik vardı, iade talebi açtım. 1 gün bekledim.",0,0_1
sandalye berbat berbat berbat asla almayın en kötü ürün! 5 sıfır yıldız!,1,1_10
"fare siparişim yanlış renk geldi, satıcı değişim yaptı. 1 gün bekledim.",0,0_15
"çanta kalitesi orta, indirimde alınabilir. 6 günlük deneyimim bu.",0,0_7
fare inanılmaz kusursuz muhteşem satıcı bir numara! 7 tane al!,1,1_4
tablet inanılmaz kusursuz muhteşem satıcı bir numara! 3 tane al!,1,1_4
"kitap tam istediğim gibi, tekrar alabilirim. 6 gün önce teslim edildi.",0,0_17
ayakkabı inanılmaz kusursuz muhteşem satıcı bir numara! 9 tane al!,1,1_4
şarj cihazı hayatınız değişecek inanılmaz sonuç hemen satın al! 5 yıldız!,1,1_16
"çanta rengi beklediğim gibi değil, değişim istedim. 5 gün oldu.",0,0_8
kitap on numara beş yıldız yüzde yüz garanti kaçırma! 2 tane al!,1,1_15
"fare tam istediğim gibi, tekrar alabilirim. 3 gün önce teslim edildi.",0,0_17
"sandalye gayet güzel, kargolama hızlıydı. 9 gündür kullanıyorum.",0,0_0
masa harika fırsat herkese öneriyorum hemen al pişman olmazsın! 5 yıldız!,1,1_5
"sandalye için satıcıya soru sordum, açıklayıcı cevap verdi. 10 gün kullandım.",0,0_5
tablet süper süper fiyat şahane düşünmeden al al al! 3 yıldız!,1,1_3
telefon mükemmel kalite mükemmel fiyat mükemmel satıcı! 2 tane satın al!,1,1_6
havlu için iade süreci sorunsuz ilerledi. Ücret 7 günde yattı.,0,0_14
"lamba kullanışlı çıktı, ambalajı özenliydi. 7 gündür sorun yaşamadım.",0,0_9
"kamera fotoğraftakiyle aynı, kutu ezilmişti. 4 gün sonra ulaştı.",0,0_4
tencere berbat berbat berbat asla almayın en kötü ürün! 4 sıfır yıldız!,1,1_10
"hoparlör kalitesi orta, indirimde alınabilir. 7 günlük deneyimim bu.",0,0_7
kitap efsane fırsat kaçırma en iyi ürün şimdi sipariş ver! 10 tane!,1,1_2
yastık on numara beş yıldız yüzde yüz garanti kaçırma! 1 tane al!,1,1_15
suluk kesinlikle uzak dur herkes başka markayı alsın! 5 kere söylüyorum!,1,1_11
"masa uzun kullanımda rahat değil, kısa süre için uygun. 1 gündür bende.",0,0_16
havlu çok hoşuma gitti; özellikle kullanım kolaylığı iyi. 6 gün denedim.,0,0_10
"masa tam istediğim gibi, tekrar alabilirim. 6 gün önce teslim edildi.",0,0_17
sandalye rezalet rezalet para tuzağı sakın satın alma! 2 sıfır puan!,1,1_12
havlu hakkında olumsuz yazanlara inanmayın kusursuz süper! 8 yıldız!,1,1_14
tablet süper süper fiyat şahane düşünmeden al al al! 5 yıldız!,1,1_3
hoparlör dünyada bir numara kesin memnuniyet mükemmel! 5 tane sipariş ver!,1,1_17
"çaydanlık rengi beklediğim gibi değil, değişim istedim. 6 gün oldu.",0,0_8
ayakkabı fiyatına göre güzel; kullanım kılavuzu eksik çıktı. 10 gün oldu.,0,0_13
şarj cihazı harika görünüyor ama bağlantı noktası gevşek. 8 gündür kullanıyorum.,0,0_11
klavye hayatınız değişecek inanılmaz sonuç hemen satın al! 10 yıldız!,1,1_16
kazak mükemmel mükemmel herkese tavsiye hemen satın al! 3 yıldız!,1,1_1
fare kötü paketlenmişti; ürün sağlam kaldı. 6 gün sonra teslim aldım.,0,0_19
"sandalye için satıcıya soru sordum, açıklayıcı cevap verdi. 7 gün kullandım.",0,0_5
"termos rengi beklediğim gibi değil, değişim istedim. 4 gün oldu.",0,0_8
yastık şimdi satın al bugün fırsat son fırsat süper süper! 6 tane al!,1,1_19
kitap beklediğimden küçük geldi ama işimi görüyor. 7 gündür bende.,0,0_2
sandalye şahane şahane kesinlikle almalısınız rakipsiz kalite! 3 tane!,1,1_8
saat harika harika harika kesinlikle al 10 numara! 2 tane al!,1,1_0
suluk beklediğimden küçük geldi ama işimi görüyor. 6 gündür bende.,0,0_2
"monitör ilk gün iyiydi, sonra arıza yaptı. 2 gün sonra servise verdim.",0,0_6
"tablet rengi beklediğim gibi değil, değişim istedim. 1 gün oldu.",0,0_8
"kazak uzun kullanımda rahat değil, kısa süre için uygun. 7 gündür bende.",0,0_16
"mont beklentimi karşıladı, tavsiye ederim. Kargo 6 günde geldi.",0,0_12
fare için iade süreci sorunsuz ilerledi. Ücret 9 günde yattı.,0,0_14
çanta süper süper fiyat şahane düşünmeden al al al! 3 yıldız!,1,1_3
lamba şimdi satın al bugün fırsat son fırsat süper süper! 8 tane al!,1,1_19
yastık için olumsuz yorumları okudum ama bende sorun çıkmadı. 10 gün kullandım.,0,0_18
hoparlör rezalet rezalet para tuzağı sakın satın alma! 9 sıfır puan!,1,1_12
"lamba malzemesi iyi, fiyatı biraz yüksek. Teslimat 4 gün sürdü.",0,0_3
"hoparlör gayet güzel, kargolama hızlıydı. 3 gündür kullanıyorum.",0,0_0
"tablet tam istediğim gibi, tekrar alabilirim. 8 gün önce teslim edildi.",0,0_17
havlu beğenmeyen yok herkes alıyor hemen sen de al! 3 yıldız!,1,1_18
"kazak paketinde çizik vardı, iade talebi açtım. 10 gün bekledim.",0,0_1
fare kötü paketlenmişti; ürün sağlam kaldı. 8 gün sonra teslim aldım.,0,0_19
monitör kötü paketlenmişti; ürün sağlam kaldı. 8 gün sonra teslim aldım.,0,0_19
masa şimdi satın al bugün fırsat son fırsat süper süper! 1 tane al!,1,1_19
tablet inanılmaz kusursuz muhteşem satıcı bir numara! 9 tane al!,1,1_4
"hoparlör siparişim yanlış renk geldi, satıcı değişim yaptı. 7 gün bekledim.",0,0_15
"tablet ilk gün iyiydi, sonra arıza yaptı. 8 gün sonra servise verdim.",0,0_6
çaydanlık kesinlikle uzak dur herkes başka markayı alsın! 7 kere söylüyorum!,1,1_11
lamba harika fırsat herkese öneriyorum hemen al pişman olmazsın! 3 yıldız!,1,1_5
telefon fiyatına göre güzel; kullanım kılavuzu eksik çıktı. 4 gün oldu.,0,0_13
havlu kötü paketlenmişti; ürün sağlam kaldı. 10 gün sonra teslim aldım.,0,0_19
kamera muhteşem efsane süper ürün herkese tavsiye al! 5 yıldız!,1,1_9
"monitör uzun kullanımda rahat değil, kısa süre için uygun. 8 gündür bende.",0,0_16
süpürge piyasadaki en iyi en ucuz kaçırılmaz hemen sipariş! 2 yıldız!,1,1_7
termos kötü paketlenmişti; ürün sağlam kaldı. 2 gün sonra teslim aldım.,0,0_19
çaydanlık efsane fırsat kaçırma en iyi ürün şimdi sipariş ver! 2 tane!,1,1_2
kamera şahane şahane kesinlikle almalısınız rakipsiz kalite! 8 tane!,1,1_8
"masa fotoğraftakiyle aynı, kutu ezilmişti. 1 gün sonra ulaştı.",0,0_4
fare çok hoşuma gitti; özellikle kullanım kolaylığı iyi. 9 gün denedim.,0,0_10
süpürge on numara beş yıldız yüzde yüz garanti kaçırma! 6 tane al!,1,1_15
masa için olumsuz yorumları okudum ama bende sorun çıkmadı. 3 gün kullandım.,0,0_18
şarj cihazı berbat berbat berbat asla almayın en kötü ürün! 3 sıfır yıldız!,1,1_10
"termos gayet güzel, kargolama hızlıydı. 4 gündür kullanıyorum.",0,0_0
"yastık uzun kullanımda rahat değil, kısa süre için uygun. 4 gündür bende.",0,0_16
çanta berbat berbat berbat asla almayın en kötü ürün! 10 sıfır yıldız!,1,1_10
"çaydanlık uzun kullanımda rahat değil, kısa süre için uygun. 2 gündür bende.",0,0_16
lamba berbat berbat berbat asla almayın en kötü ürün! 6 sıfır yıldız!,1,1_10
"lamba siparişim yanlış renk geldi, satıcı değişim yaptı. 5 gün bekledim.",0,0_15
"monitör kullanışlı çıktı, ambalajı özenliydi. 5 gündür sorun yaşamadım.",0,0_9
termos rezalet rezalet para tuzağı sakın satın alma! 4 sıfır puan!,1,1_12
"havlu siparişim yanlış renk geldi, satıcı değişim yaptı. 6 gün bekledim.",0,0_15
monitör beğenmeyen yok herkes alıyor hemen sen de al! 8 yıldız!,1,1_18
"kitap için satıcıya soru sordum, açıklayıcı cevap verdi. 4 gün kullandım.",0,0_5
mont harika görünüyor ama bağlantı noktası gevşek. 9 gündür kullanıyorum.,0,0_11
ayakkabı harika görünüyor ama bağlantı noktası gevşek. 6 gündür kullanıyorum.,0,0_11
süpürge harika görünüyor ama bağlantı noktası gevşek. 1 gündür kullanıyorum.,0,0_11
kulaklık piyasadaki en iyi en ucuz kaçırılmaz hemen sipariş! 2 yıldız!,1,1_7
sandalye dünyada bir numara kesin memnuniyet mükemmel! 7 tane sipariş ver!,1,1_17
"kulaklık uzun kullanımda rahat değil, kısa süre için uygun. 1 gündür bende.",0,0_16
"hoparlör kullanışlı çıktı, ambalajı özenliydi. 6 gündür sorun yaşamadım.",0,0_9
lamba şahane şahane kesinlikle almalısınız rakipsiz kalite! 7 tane!,1,1_8
suluk inanılmaz kusursuz muhteşem satıcı bir numara! 2 tane al!,1,1_4
şarj cihazı süper süper fiyat şahane düşünmeden al al al! 4 yıldız!,1,1_3
lamba kötü paketlenmişti; ürün sağlam kaldı. 7 gün sonra teslim aldım.,0,0_19
"çaydanlık malzemesi iyi, fiyatı biraz yüksek. Teslimat 10 gün sürdü.",0,0_3
saat mükemmel mükemmel herkese tavsiye hemen satın al! 5 yıldız!,1,1_1
"kulaklık malzemesi iyi, fiyatı biraz yüksek. Teslimat 4 gün sürdü.",0,0_3
"sandalye paketinde çizik vardı, iade talebi açtım. 5 gün bekledim.",0,0_1
termos kötü paketlenmişti; ürün sağlam kaldı. 7 gün sonra teslim aldım.,0,0_19
sandalye çok hoşuma gitti; özellikle kullanım kolaylığı iyi. 6 gün denedim.,0,0_10
telefon muhteşem efsane süper ürün herkese tavsiye al! 10 yıldız!,1,1_9
"suluk ilk gün iyiydi, sonra arıza yaptı. 7 gün sonra servise verdim.",0,0_6
çanta şimdi satın al bugün fırsat son fırsat süper süper! 5 tane al!,1,1_19
mont şahane şahane kesinlikle almalısınız rakipsiz kalite! 1 tane!,1,1_8
"kamera için satıcıya soru sordum, açıklayıcı cevap verdi. 1 gün kullandım.",0,0_5
kulaklık dünyada bir numara kesin memnuniyet mükemmel! 5 tane sipariş ver!,1,1_17
süpürge için olumsuz yorumları okudum ama bende sorun çıkmadı. 9 gün kullandım.,0,0_18
"monitör siparişim yanlış renk geldi, satıcı değişim yaptı. 7 gün bekledim.",0,0_15
"şarj cihazı fotoğraftakiyle aynı, kutu ezilmişti. 2 gün sonra ulaştı.",0,0_4
fare beklediğimden küçük geldi ama işimi görüyor. 9 gündür bende.,0,0_2
mont on numara beş yıldız yüzde yüz garanti kaçırma! 5 tane al!,1,1_15
tablet kesinlikle uzak dur herkes başka markayı alsın! 5 kere söylüyorum!,1,1_11
yastık harika harika harika kesinlikle al 10 numara! 9 tane al!,1,1_0
sandalye inanılmaz kusursuz muhteşem satıcı bir numara! 7 tane al!,1,1_4
tablet hakkında olumsuz yazanlara inanmayın kusursuz süper! 3 yıldız!,1,1_14
hoparlör mükemmel mükemmel herkese tavsiye hemen satın al! 4 yıldız!,1,1_1
"saat için satıcıya soru sordum, açıklayıcı cevap verdi. 6 gün kullandım.",0,0_5
telefon mükemmel kalite mükemmel fiyat mükemmel satıcı! 3 tane satın al!,1,1_6
kitap efsane fırsat kaçırma en iyi ürün şimdi sipariş ver! 7 tane!,1,1_2
klavye şimdi satın al bugün fırsat son fırsat süper süper! 8 tane al!,1,1_19
havlu berbat berbat berbat asla almayın en kötü ürün! 3 sıfır yıldız!,1,1_10
"sandalye fotoğraftakiyle aynı, kutu ezilmişti. 6 gün sonra ulaştı.",0,0_4
çanta çok hoşuma gitti; özellikle kullanım kolaylığı iyi. 10 gün denedim.,0,0_10
masa mükemmel kalite mükemmel fiyat mükemmel satıcı! 8 tane satın al!,1,1_6
"mont kullanışlı çıktı, ambalajı özenliydi. 2 gündür sorun yaşamadım.",0,0_9
"kulaklık paketinde çizik vardı, iade talebi açtım. 2 gün bekledim.",0,0_1
kamera muhteşem efsane süper ürün herkese tavsiye al! 7 yıldız!,1,1_9
mont hakkında olumsuz yazanlara inanmayın kusursuz süper! 8 yıldız!,1,1_14
"hoparlör ilk gün iyiydi, sonra arıza yaptı. 4 gün sonra servise verdim.",0,0_6
masa şahane şahane kesinlikle almalısınız rakipsiz kalite! 4 tane!,1,1_8
"suluk ilk gün iyiydi, sonra arıza yaptı. 5 gün sonra servise verdim.",0,0_6
yastık mükemmel mükemmel herkese tavsiye hemen satın al! 10 yıldız!,1,1_1
sandalye rezalet rezalet para tuzağı sakın satın alma! 10 sıfır puan!,1,1_12
tablet hayatınız değişecek inanılmaz sonuç hemen satın al! 3 yıldız!,1,1_16
kazak beklediğimden küçük geldi ama işimi görüyor. 7 gündür bende.,0,0_2
mont rezalet rezalet para tuzağı sakın satın alma! 6 sıfır puan!,1,1_12
"tablet kullanışlı çıktı, ambalajı özenliydi. 3 gündür sorun yaşamadım.",0,0_9
klavye harika fırsat herkese öneriyorum hemen al pişman olmazsın! 6 yıldız!,1,1_5
tablet inanılmaz kusursuz muhteşem satıcı bir numara! 7 tane al!,1,1_4
ayakkabı şimdi satın al bugün fırsat son fırsat süper süper! 6 tane al!,1,1_19
masa harika harika harika kesinlikle al 10 numara! 4 tane al!,1,1_0
masa beklediğimden küçük geldi ama işimi görüyor. 6 gündür bende.,0,0_2
kamera mükemmel kalite mükemmel fiyat mükemmel satıcı! 1 tane satın al!,1,1_6
"klavye siparişim yanlış renk geldi, satıcı değişim yaptı. 7 gün bekledim.",0,0_15
çanta harika fırsat herkese öneriyorum hemen al pişman olmazsın! 5 yıldız!,1,1_5
"çaydanlık siparişim yanlış renk geldi, satıcı değişim yaptı. 3 gün bekledim.",0,0_15
"monitör beklentimi karşıladı, tavsiye ederim. Kargo 1 günde geldi.",0,0_12
çanta mükemmel mükemmel herkese tavsiye hemen satın al! 3 yıldız!,1,1_1
masa muhteşem efsane süper ürün herkese tavsiye al! 1 yıldız!,1,1_9
yastık inanılmaz kusursuz muhteşem satıcı bir numara! 1 tane al!,1,1_4
termos on numara beş yıldız yüzde yüz garanti kaçırma! 4 tane al!,1,1_15
kitap hayatınız değişecek inanılmaz sonuç hemen satın al! 3 yıldız!,1,1_16
havlu mükemmel mükemmel herkese tavsiye hemen satın al! 7 yıldız!,1,1_1
termos efsane fırsat kaçırma en iyi ürün şimdi sipariş ver! 5 tane!,1,1_2
yastık kesinlikle uzak dur herkes başka markayı alsın! 6 kere söylüyorum!,1,1_11
klavye on numara beş yıldız yüzde yüz garanti kaçırma! 5 tane al!,1,1_15
saat muhteşem efsane süper ürün herkese tavsiye al! 7 yıldız!,1,1_9
"yastık kullanışlı çıktı, ambalajı özenliydi. 5 gündür sorun yaşamadım.",0,0_9
çanta rezalet rezalet para tuzağı sakın satın alma! 3 sıfır puan!,1,1_12
suluk kötü paketlenmişti; ürün sağlam kaldı. 2 gün sonra teslim aldım.,0,0_19
hoparlör için olumsuz yorumları okudum ama bende sorun çıkmadı. 5 gün kullandım.,0,0_18
"kitap gayet güzel, kargolama hızlıydı. 3 gündür kullanıyorum.",0,0_0
"şarj cihazı tam istediğim gibi, tekrar alabilirim. 8 gün önce teslim edildi.",0,0_17
saat için rakip yok bütün ürünlerden üstün hemen al! 9 tane sipariş!,1,1_13
saat efsane fırsat kaçırma en iyi ürün şimdi sipariş ver! 9 tane!,1,1_2
kitap piyasadaki en iyi en ucuz kaçırılmaz hemen sipariş! 9 yıldız!,1,1_7
lamba dünyada bir numara kesin memnuniyet mükemmel! 5 tane sipariş ver!,1,1_17
"suluk fotoğraftakiyle aynı, kutu ezilmişti. 4 gün sonra ulaştı.",0,0_4
"kamera rengi beklediğim gibi değil, değişim istedim. 7 gün oldu.",0,0_8
klavye için rakip yok bütün ürünlerden üstün hemen al! 8 tane sipariş!,1,1_13
"şarj cihazı beklentimi karşıladı, tavsiye ederim. Kargo 3 günde geldi.",0,0_12
ayakkabı harika fırsat herkese öneriyorum hemen al pişman olmazsın! 5 yıldız!,1,1_5
"mont kullanışlı çıktı, ambalajı özenliydi. 10 gündür sorun yaşamadım.",0,0_9
ayakkabı hayatınız değişecek inanılmaz sonuç hemen satın al! 2 yıldız!,1,1_16
kamera muhteşem efsane süper ürün herkese tavsiye al! 4 yıldız!,1,1_9
"tablet siparişim yanlış renk geldi, satıcı değişim yaptı. 4 gün bekledim.",0,0_15
kamera berbat berbat berbat asla almayın en kötü ürün! 7 sıfır yıldız!,1,1_10
termos kesinlikle uzak dur herkes başka markayı alsın! 6 kere söylüyorum!,1,1_11
lamba piyasadaki en iyi en ucuz kaçırılmaz hemen sipariş! 8 yıldız!,1,1_7
"sandalye tam istediğim gibi, tekrar alabilirim. 10 gün önce teslim edildi.",0,0_17
fare için rakip yok bütün ürünlerden üstün hemen al! 8 tane sipariş!,1,1_13
ayakkabı kötü paketlenmişti; ürün sağlam kaldı. 2 gün sonra teslim aldım.,0,0_19
çaydanlık rezalet rezalet para tuzağı sakın satın alma! 6 sıfır puan!,1,1_12
çanta çok hoşuma gitti; özellikle kullanım kolaylığı iyi. 3 gün denedim.,0,0_10
"tencere kalitesi orta, indirimde alınabilir. 5 günlük deneyimim bu.",0,0_7
saat berbat berbat berbat asla almayın en kötü ürün! 1 sıfır yıldız!,1,1_10
"kazak kalitesi orta, indirimde alınabilir. 9 günlük deneyimim bu.",0,0_7
monitör şimdi satın al bugün fırsat son fırsat süper süper! 9 tane al!,1,1_19
"çanta ilk gün iyiydi, sonra arıza yaptı. 8 gün sonra servise verdim.",0,0_6
yastık mükemmel kalite mükemmel fiyat mükemmel satıcı! 5 tane satın al!,1,1_6
kitap hayatınız değişecek inanılmaz sonuç hemen satın al! 9 yıldız!,1,1_16
"sandalye gayet güzel, kargolama hızlıydı. 5 gündür kullanıyorum.",0,0_0
çanta hayatınız değişecek inanılmaz sonuç hemen satın al! 5 yıldız!,1,1_16
monitör harika harika harika kesinlikle al 10 numara! 2 tane al!,1,1_0
monitör çok hoşuma gitti; özellikle kullanım kolaylığı iyi. 5 gün denedim.,0,0_10
"tencere siparişim yanlış renk geldi, satıcı değişim yaptı. 1 gün bekledim.",0,0_15
"sandalye paketinde çizik vardı, iade talebi açtım. 3 gün bekledim.",0,0_1
"kamera kalitesi orta, indirimde alınabilir. 10 günlük deneyimim bu.",0,0_7
havlu kesinlikle uzak dur herkes başka markayı alsın! 2 kere söylüyorum!,1,1_11
tencere şahane şahane kesinlikle almalısınız rakipsiz kalite! 9 tane!,1,1_8
masa için olumsuz yorumları okudum ama bende sorun çıkmadı. 10 gün kullandım.,0,0_18
"suluk rengi beklediğim gibi değil, değişim istedim. 7 gün oldu.",0,0_8
tablet on numara beş yıldız yüzde yüz garanti kaçırma! 9 tane al!,1,1_15
"şarj cihazı tam istediğim gibi, tekrar alabilirim. 6 gün önce teslim edildi.",0,0_17
termos beğenmeyen yok herkes alıyor hemen sen de al! 3 yıldız!,1,1_18
"monitör malzemesi iyi, fiyatı biraz yüksek. Teslimat 6 gün sürdü.",0,0_3
tablet şahane şahane kesinlikle almalısınız rakipsiz kalite! 3 tane!,1,1_8
çaydanlık rezalet rezalet para tuzağı sakın satın alma! 8 sıfır puan!,1,1_12
tencere süper süper fiyat şahane düşünmeden al al al! 8 yıldız!,1,1_3
tablet için rakip yok bütün ürünlerden üstün hemen al! 5 tane sipariş!,1,1_13
"klavye beklentimi karşıladı, tavsiye ederim. Kargo 4 günde geldi.",0,0_12
"hoparlör malzemesi iyi, fiyatı biraz yüksek. Teslimat 9 gün sürdü.",0,0_3
çanta piyasadaki en iyi en ucuz kaçırılmaz hemen sipariş! 1 yıldız!,1,1_7
saat berbat berbat berbat asla almayın en kötü ürün! 10 sıfır yıldız!,1,1_10
hoparlör on numara beş yıldız yüzde yüz garanti kaçırma! 10 tane al!,1,1_15
"telefon gayet güzel, kargolama hızlıydı. 9 gündür kullanıyorum.",0,0_0
yastık için rakip yok bütün ürünlerden üstün hemen al! 2 tane sipariş!,1,1_13
şarj cihazı mükemmel kalite mükemmel fiyat mükemmel satıcı! 3 tane satın al!,1,1_6
"suluk kalitesi orta, indirimde alınabilir. 10 günlük deneyimim bu.",0,0_7
kitap mükemmel mükemmel herkese tavsiye hemen satın al! 7 yıldız!,1,1_1
"hoparlör uzun kullanımda rahat değil, kısa süre için uygun. 6 gündür bende.",0,0_16
termos harika harika harika kesinlikle al 10 numara! 4 tane al!,1,1_0
"havlu için satıcıya soru sordum, açıklayıcı cevap verdi. 3 gün kullandım.",0,0_5
süpürge muhteşem efsane süper ürün herkese tavsiye al! 2 yıldız!,1,1_9
kazak beklediğimden küçük geldi ama işimi görüyor. 2 gündür bende.,0,0_2
telefon hayatınız değişecek inanılmaz sonuç hemen satın al! 3 yıldız!,1,1_16
saat mükemmel kalite mükemmel fiyat mükemmel satıcı! 2 tane satın al!,1,1_6
sandalye için olumsuz yorumları okudum ama bende sorun çıkmadı. 3 gün kullandım.,0,0_18
mont rezalet rezalet para tuzağı sakın satın alma! 8 sıfır puan!,1,1_12
tablet mükemmel kalite mükemmel fiyat mükemmel satıcı! 5 tane satın al!,1,1_6
termos mükemmel mükemmel herkese tavsiye hemen satın al! 4 yıldız!,1,1_1
hoparlör çok hoşuma gitti; özellikle kullanım kolaylığı iyi. 5 gün denedim.,0,0_10
"masa ilk gün iyiydi, sonra arıza yaptı. 4 gün sonra servise verdim.",0,0_6
telefon mükemmel mükemmel herkese tavsiye hemen satın al! 1 yıldız!,1,1_1
masa mükemmel mükemmel herkese tavsiye hemen satın al! 1 yıldız!,1,1_1
havlu mükemmel kalite mükemmel fiyat mükemmel satıcı! 1 tane satın al!,1,1_6
süpürge efsane fırsat kaçırma en iyi ürün şimdi sipariş ver! 1 tane!,1,1_2
süpürge berbat berbat berbat asla almayın en kötü ürün! 1 sıfır yıldız!,1,1_10
"tablet için satıcıya soru sordum, açıklayıcı cevap verdi. 5 gün kullandım.",0,0_5
sandalye hayatınız değişecek inanılmaz sonuç hemen satın al! 7 yıldız!,1,1_16
suluk şahane şahane kesinlikle almalısınız rakipsiz kalite! 2 tane!,1,1_8
sandalye harika görünüyor ama bağlantı noktası gevşek. 4 gündür kullanıyorum.,0,0_11
sandalye şimdi satın al bugün fırsat son fırsat süper süper! 4 tane al!,1,1_19
tablet şahane şahane kesinlikle almalısınız rakipsiz kalite! 6 tane!,1,1_8
kulaklık hakkında olumsuz yazanlara inanmayın kusursuz süper! 3 yıldız!,1,1_14
süpürge berbat berbat berbat asla almayın en kötü ürün! 9 sıfır yıldız!,1,1_10
şarj cihazı harika görünüyor ama bağlantı noktası gevşek. 1 gündür kullanıyorum.,0,0_11
şarj cihazı dünyada bir numara kesin memnuniyet mükemmel! 10 tane sipariş ver!,1,1_17
"çaydanlık tam istediğim gibi, tekrar alabilirim. 6 gün önce teslim edildi.",0,0_17
"fare paketinde çizik vardı, iade talebi açtım. 10 gün bekledim.",0,0_1
lamba şimdi satın al bugün fırsat son fırsat süper süper! 2 tane al!,1,1_19
"tablet için satıcıya soru sordum, açıklayıcı cevap verdi. 7 gün kullandım.",0,0_5
"tencere paketinde çizik vardı, iade talebi açtım. 4 gün bekledim.",0,0_1
"kazak uzun kullanımda rahat değil, kısa süre için uygun. 3 gündür bende.",0,0_16
klavye dünyada bir numara kesin memnuniyet mükemmel! 4 tane sipariş ver!,1,1_17
klavye şahane şahane kesinlikle almalısınız rakipsiz kalite! 9 tane!,1,1_8
mont beğenmeyen yok herkes alıyor hemen sen de al! 9 yıldız!,1,1_18
"saat için satıcıya soru sordum, açıklayıcı cevap verdi. 8 gün kullandım.",0,0_5
tencere şahane şahane kesinlikle almalısınız rakipsiz kalite! 3 tane!,1,1_8
monitör rezalet rezalet para tuzağı sakın satın alma! 1 sıfır puan!,1,1_12
monitör on numara beş yıldız yüzde yüz garanti kaçırma! 8 tane al!,1,1_15
havlu rezalet rezalet para tuzağı sakın satın alma! 10 sıfır puan!,1,1_12
"masa tam istediğim gibi, tekrar alabilirim. 1 gün önce teslim edildi.",0,0_17
monitör mükemmel kalite mükemmel fiyat mükemmel satıcı! 5 tane satın al!,1,1_6
kamera kötü paketlenmişti; ürün sağlam kaldı. 3 gün sonra teslim aldım.,0,0_19
tencere berbat berbat berbat asla almayın en kötü ürün! 10 sıfır yıldız!,1,1_10
"ayakkabı rengi beklediğim gibi değil, değişim istedim. 8 gün oldu.",0,0_8
havlu şahane şahane kesinlikle almalısınız rakipsiz kalite! 6 tane!,1,1_8
sandalye için olumsuz yorumları okudum ama bende sorun çıkmadı. 9 gün kullandım.,0,0_18
ayakkabı harika harika harika kesinlikle al 10 numara! 10 tane al!,1,1_0
masa çok hoşuma gitti; özellikle kullanım kolaylığı iyi. 9 gün denedim.,0,0_10
"sandalye malzemesi iyi, fiyatı biraz yüksek. Teslimat 8 gün sürdü.",0,0_3
tencere şimdi satın al bugün fırsat son fırsat süper süper! 10 tane al!,1,1_19
"fare kullanışlı çıktı, ambalajı özenliydi. 1 gündür sorun yaşamadım.",0,0_9
"kazak tam istediğim gibi, tekrar alabilirim. 3 gün önce teslim edildi.",0,0_17
"havlu kullanışlı çıktı, ambalajı özenliydi. 2 gündür sorun yaşamadım.",0,0_9
yastık için iade süreci sorunsuz ilerledi. Ücret 4 günde yattı.,0,0_14
tencere on numara beş yıldız yüzde yüz garanti kaçırma! 3 tane al!,1,1_15
"hoparlör kalitesi orta, indirimde alınabilir. 1 günlük deneyimim bu.",0,0_7
kamera dünyada bir numara kesin memnuniyet mükemmel! 9 tane sipariş ver!,1,1_17
"tablet beklentimi karşıladı, tavsiye ederim. Kargo 2 günde geldi.",0,0_12
"fare tam istediğim gibi, tekrar alabilirim. 5 gün önce teslim edildi.",0,0_17
"klavye siparişim yanlış renk geldi, satıcı değişim yaptı. 5 gün bekledim.",0,0_15
"çaydanlık fotoğraftakiyle aynı, kutu ezilmişti. 7 gün sonra ulaştı.",0,0_4
yastık muhteşem efsane süper ürün herkese tavsiye al! 9 yıldız!,1,1_9
hoparlör için olumsuz yorumları okudum ama bende sorun çıkmadı. 3 gün kullandım.,0,0_18
sandalye için olumsuz yorumları okudum ama bende sorun çıkmadı. 1 gün kullandım.,0,0_18
"kitap siparişim yanlış renk geldi, satıcı değişim yaptı. 3 gün bekledim.",0,0_15
ayakkabı beklediğimden küçük geldi ama işimi görüyor. 5 gündür bende.,0,0_2
çanta kötü paketlenmişti; ürün sağlam kaldı. 2 gün sonra teslim aldım.,0,0_19
havlu berbat berbat berbat asla almayın en kötü ürün! 10 sıfır yıldız!,1,1_10
masa hayatınız değişecek inanılmaz sonuç hemen satın al! 2 yıldız!,1,1_16
havlu mükemmel kalite mükemmel fiyat mükemmel satıcı! 4 tane satın al!,1,1_6
"kitap gayet güzel, kargolama hızlıydı. 4 gündür kullanıyorum.",0,0_0
saat çok hoşuma gitti; özellikle kullanım kolaylığı iyi. 5 gün denedim.,0,0_10
"sandalye fotoğraftakiyle aynı, kutu ezilmişti. 10 gün sonra ulaştı.",0,0_4
kitap hayatınız değişecek inanılmaz sonuç hemen satın al! 4 yıldız!,1,1_16
monitör harika görünüyor ama bağlantı noktası gevşek. 8 gündür kullanıyorum.,0,0_11
"tencere siparişim yanlış renk geldi, satıcı değişim yaptı. 10 gün bekledim.",0,0_15
klavye çok hoşuma gitti; özellikle kullanım kolaylığı iyi. 4 gün denedim.,0,0_10
"fare için satıcıya soru sordum, açıklayıcı cevap verdi. 1 gün kullandım.",0,0_5
"fare tam istediğim gibi, tekrar alabilirim. 6 gün önce teslim edildi.",0,0_17
süpürge fiyatına göre güzel; kullanım kılavuzu eksik çıktı. 8 gün oldu.,0,0_13
termos fiyatına göre güzel; kullanım kılavuzu eksik çıktı. 5 gün oldu.,0,0_13
"şarj cihazı ilk gün iyiydi, sonra arıza yaptı. 6 gün sonra servise verdim.",0,0_6
"kamera malzemesi iyi, fiyatı biraz yüksek. Teslimat 7 gün sürdü.",0,0_3
kulaklık harika harika harika kesinlikle al 10 numara! 4 tane al!,1,1_0
çanta şahane şahane kesinlikle almalısınız rakipsiz kalite! 6 tane!,1,1_8
şarj cihazı kötü paketlenmişti; ürün sağlam kaldı. 2 gün sonra teslim aldım.,0,0_19
kulaklık muhteşem efsane süper ürün herkese tavsiye al! 4 yıldız!,1,1_9
hoparlör muhteşem efsane süper ürün herkese tavsiye al! 2 yıldız!,1,1_9
tablet dünyada bir numara kesin memnuniyet mükemmel! 8 tane sipariş ver!,1,1_17
saat hakkında olumsuz yazanlara inanmayın kusursuz süper! 2 yıldız!,1,1_14
havlu için iade süreci sorunsuz ilerledi. Ücret 8 günde yattı.,0,0_14
saat piyasadaki en iyi en ucuz kaçırılmaz hemen sipariş! 9 yıldız!,1,1_7
suluk hayatınız değişecek inanılmaz sonuç hemen satın al! 4 yıldız!,1,1_16
"havlu kalitesi orta, indirimde alınabilir. 1 günlük deneyimim bu.",0,0_7
"saat uzun kullanımda rahat değil, kısa süre için uygun. 7 gündür bende.",0,0_16
"suluk için satıcıya soru sordum, açıklayıcı cevap verdi. 6 gün kullandım.",0,0_5
çanta beğenmeyen yok herkes alıyor hemen sen de al! 8 yıldız!,1,1_18
sandalye hayatınız değişecek inanılmaz sonuç hemen satın al! 2 yıldız!,1,1_16
"havlu kullanışlı çıktı, ambalajı özenliydi. 5 gündür sorun yaşamadım.",0,0_9
"kamera kullanışlı çıktı, ambalajı özenliydi. 6 gündür sorun yaşamadım.",0,0_9
"şarj cihazı malzemesi iyi, fiyatı biraz yüksek. Teslimat 9 gün sürdü.",0,0_3
"masa fotoğraftakiyle aynı, kutu ezilmişti. 4 gün sonra ulaştı.",0,0_4
lamba rezalet rezalet para tuzağı sakın satın alma! 7 sıfır puan!,1,1_12
saat mükemmel kalite mükemmel fiyat mükemmel satıcı! 6 tane satın al!,1,1_6
"klavye fotoğraftakiyle aynı, kutu ezilmişti. 1 gün sonra ulaştı.",0,0_4
"mont kalitesi orta, indirimde alınabilir. 10 günlük deneyimim bu.",0,0_7
klavye kesinlikle uzak dur herkes başka markayı alsın! 8 kere söylüyorum!,1,1_11
"hoparlör uzun kullanımda rahat değil, kısa süre için uygun. 7 gündür bende.",0,0_16
"monitör malzemesi iyi, fiyatı biraz yüksek. Teslimat 2 gün sürdü.",0,0_3
"çanta beklentimi karşıladı, tavsiye ederim. Kargo 1 günde geldi.",0,0_12
fare efsane fırsat kaçırma en iyi ürün şimdi sipariş ver! 3 tane!,1,1_2
masa şahane şahane kesinlikle almalısınız rakipsiz kalite! 7 tane!,1,1_8
monitör kesinlikle uzak dur herkes başka markayı alsın! 4 kere söylüyorum!,1,1_11
havlu berbat berbat berbat asla almayın en kötü ürün! 1 sıfır yıldız!,1,1_10
termos için olumsuz yorumları okudum ama bende sorun çıkmadı. 9 gün kullandım.,0,0_18
"süpürge gayet güzel, kargolama hızlıydı. 1 gündür kullanıyorum.",0,0_0
"yastık ilk gün iyiydi, sonra arıza yaptı. 1 gün sonra servise verdim.",0,0_6
kitap rezalet rezalet para tuzağı sakın satın alma! 3 sıfır puan!,1,1_12
şarj cihazı dünyada bir numara kesin memnuniyet mükemmel! 3 tane sipariş ver!,1,1_17
ayakkabı kötü paketlenmişti; ürün sağlam kaldı. 7 gün sonra teslim aldım.,0,0_19
saat hayatınız değişecek inanılmaz sonuç hemen satın al! 7 yıldız!,1,1_16
"suluk malzemesi iyi, fiyatı biraz yüksek. Teslimat 4 gün sürdü.",0,0_3
tablet beklediğimden küçük geldi ama işimi görüyor. 6 gündür bende.,0,0_2
"tablet tam istediğim gibi, tekrar alabilirim. 5 gün önce teslim edildi.",0,0_17
"klavye rengi beklediğim gibi değil, değişim istedim. 4 gün oldu.",0,0_8
termos dünyada bir numara kesin memnuniyet mükemmel! 10 tane sipariş ver!,1,1_17
"kamera gayet güzel, kargolama hızlıydı. 2 gündür kullanıyorum.",0,0_0
süpürge kötü paketlenmişti; ürün sağlam kaldı. 3 gün sonra teslim aldım.,0,0_19
yastık harika görünüyor ama bağlantı noktası gevşek. 10 gündür kullanıyorum.,0,0_11
çaydanlık süper süper fiyat şahane düşünmeden al al al! 3 yıldız!,1,1_3
sandalye için iade süreci sorunsuz ilerledi. Ücret 8 günde yattı.,0,0_14
kazak kötü paketlenmişti; ürün sağlam kaldı. 4 gün sonra teslim aldım.,0,0_19
"yastık beklentimi karşıladı, tavsiye ederim. Kargo 1 günde geldi.",0,0_12
"suluk ilk gün iyiydi, sonra arıza yaptı. 8 gün sonra servise verdim.",0,0_6
hoparlör için olumsuz yorumları okudum ama bende sorun çıkmadı. 7 gün kullandım.,0,0_18
monitör hakkında olumsuz yazanlara inanmayın kusursuz süper! 6 yıldız!,1,1_14
ayakkabı için olumsuz yorumları okudum ama bende sorun çıkmadı. 1 gün kullandım.,0,0_18
yastık kesinlikle uzak dur herkes başka markayı alsın! 4 kere söylüyorum!,1,1_11
kitap için iade süreci sorunsuz ilerledi. Ücret 6 günde yattı.,0,0_14
"hoparlör beklentimi karşıladı, tavsiye ederim. Kargo 9 günde geldi.",0,0_12
"ayakkabı beklentimi karşıladı, tavsiye ederim. Kargo 4 günde geldi.",0,0_12
çanta on numara beş yıldız yüzde yüz garanti kaçırma! 10 tane al!,1,1_15
"süpürge kalitesi orta, indirimde alınabilir. 9 günlük deneyimim bu.",0,0_7
çaydanlık harika harika harika kesinlikle al 10 numara! 10 tane al!,1,1_0
"termos beklentimi karşıladı, tavsiye ederim. Kargo 6 günde geldi.",0,0_12
"sandalye kalitesi orta, indirimde alınabilir. 7 günlük deneyimim bu.",0,0_7
"çanta siparişim yanlış renk geldi, satıcı değişim yaptı. 8 gün bekledim.",0,0_15
"mont uzun kullanımda rahat değil, kısa süre için uygun. 9 gündür bende.",0,0_16
çanta harika harika harika kesinlikle al 10 numara! 4 tane al!,1,1_0
"yastık tam istediğim gibi, tekrar alabilirim. 9 gün önce teslim edildi.",0,0_17
yastık muhteşem efsane süper ürün herkese tavsiye al! 5 yıldız!,1,1_9
telefon süper süper fiyat şahane düşünmeden al al al! 5 yıldız!,1,1_3
çaydanlık mükemmel mükemmel herkese tavsiye hemen satın al! 10 yıldız!,1,1_1
telefon hayatınız değişecek inanılmaz sonuç hemen satın al! 8 yıldız!,1,1_16
sandalye piyasadaki en iyi en ucuz kaçırılmaz hemen sipariş! 2 yıldız!,1,1_7
hoparlör efsane fırsat kaçırma en iyi ürün şimdi sipariş ver! 3 tane!,1,1_2
havlu hakkında olumsuz yazanlara inanmayın kusursuz süper! 9 yıldız!,1,1_14
saat hayatınız değişecek inanılmaz sonuç hemen satın al! 9 yıldız!,1,1_16
kulaklık kesinlikle uzak dur herkes başka markayı alsın! 4 kere söylüyorum!,1,1_11
kitap inanılmaz kusursuz muhteşem satıcı bir numara! 7 tane al!,1,1_4
telefon harika harika harika kesinlikle al 10 numara! 7 tane al!,1,1_0
"kamera siparişim yanlış renk geldi, satıcı değişim yaptı. 7 gün bekledim.",0,0_15
şarj cihazı mükemmel kalite mükemmel fiyat mükemmel satıcı! 6 tane satın al!,1,1_6
hoparlör için iade süreci sorunsuz ilerledi. Ücret 1 günde yattı.,0,0_14
klavye kötü paketlenmişti; ürün sağlam kaldı. 1 gün sonra teslim aldım.,0,0_19
"çanta ilk gün iyiydi, sonra arıza yaptı. 5 gün sonra servise verdim.",0,0_6
"ayakkabı paketinde çizik vardı, iade talebi açtım. 3 gün bekledim.",0,0_1
monitör muhteşem efsane süper ürün herkese tavsiye al! 3 yıldız!,1,1_9
kitap rezalet rezalet para tuzağı sakın satın alma! 2 sıfır puan!,1,1_12
lamba kesinlikle uzak dur herkes başka markayı alsın! 1 kere söylüyorum!,1,1_11
"yastık siparişim yanlış renk geldi, satıcı değişim yaptı. 8 gün bekledim.",0,0_15
monitör hayatınız değişecek inanılmaz sonuç hemen satın al! 7 yıldız!,1,1_16
suluk beğenmeyen yok herkes alıyor hemen sen de al! 10 yıldız!,1,1_18
mont beğenmeyen yok herkes alıyor hemen sen de al! 2 yıldız!,1,1_18
"süpürge siparişim yanlış renk geldi, satıcı değişim yaptı. 5 gün bekledim.",0,0_15
"termos için satıcıya soru sordum, açıklayıcı cevap verdi. 3 gün kullandım.",0,0_5
"hoparlör beklentimi karşıladı, tavsiye ederim. Kargo 1 günde geldi.",0,0_12
masa için rakip yok bütün ürünlerden üstün hemen al! 5 tane sipariş!,1,1_13
"çaydanlık gayet güzel, kargolama hızlıydı. 7 gündür kullanıyorum.",0,0_0
kazak hayatınız değişecek inanılmaz sonuç hemen satın al! 7 yıldız!,1,1_16
çanta için olumsuz yorumları okudum ama bende sorun çıkmadı. 7 gün kullandım.,0,0_18
fare için olumsuz yorumları okudum ama bende sorun çıkmadı. 2 gün kullandım.,0,0_18
klavye efsane fırsat kaçırma en iyi ürün şimdi sipariş ver! 7 tane!,1,1_2
"kamera uzun kullanımda rahat değil, kısa süre için uygun. 3 gündür bende.",0,0_16
saat süper süper fiyat şahane düşünmeden al al al! 4 yıldız!,1,1_3
sandalye fiyatına göre güzel; kullanım kılavuzu eksik çıktı. 6 gün oldu.,0,0_13
kamera kesinlikle uzak dur herkes başka markayı alsın! 9 kere söylüyorum!,1,1_11
sandalye harika görünüyor ama bağlantı noktası gevşek. 10 gündür kullanıyorum.,0,0_11
klavye mükemmel mükemmel herkese tavsiye hemen satın al! 6 yıldız!,1,1_1
monitör rezalet rezalet para tuzağı sakın satın alma! 9 sıfır puan!,1,1_12
"sandalye paketinde çizik vardı, iade talebi açtım. 1 gün bekledim.",0,0_1
telefon efsane fırsat kaçırma en iyi ürün şimdi sipariş ver! 2 tane!,1,1_2
tablet beğenmeyen yok herkes alıyor hemen sen de al! 2 yıldız!,1,1_18
mont berbat berbat berbat asla almayın en kötü ürün! 4 sıfır yıldız!,1,1_10
"tablet siparişim yanlış renk geldi, satıcı değişim yaptı. 6 gün bekledim.",0,0_15
hoparlör muhteşem efsane süper ürün herkese tavsiye al! 6 yıldız!,1,1_9
saat için olumsuz yorumları okudum ama bende sorun çıkmadı. 10 gün kullandım.,0,0_18
"çaydanlık için satıcıya soru sordum, açıklayıcı cevap verdi. 10 gün kullandım.",0,0_5
"çanta uzun kullanımda rahat değil, kısa süre için uygun. 3 gündür bende.",0,0_16
ayakkabı mükemmel mükemmel herkese tavsiye hemen satın al! 1 yıldız!,1,1_1
"suluk tam istediğim gibi, tekrar alabilirim. 8 gün önce teslim edildi.",0,0_17
hoparlör şahane şahane kesinlikle almalısınız rakipsiz kalite! 7 tane!,1,1_8
mont berbat berbat berbat asla almayın en kötü ürün! 7 sıfır yıldız!,1,1_10
tencere kesinlikle uzak dur herkes başka markayı alsın! 2 kere söylüyorum!,1,1_11
saat on numara beş yıldız yüzde yüz garanti kaçırma! 8 tane al!,1,1_15
"tencere tam istediğim gibi, tekrar alabilirim. 6 gün önce teslim edildi.",0,0_17
kitap hakkında olumsuz yazanlara inanmayın kusursuz süper! 9 yıldız!,1,1_14
hoparlör harika görünüyor ama bağlantı noktası gevşek. 6 gündür kullanıyorum.,0,0_11
hoparlör şahane şahane kesinlikle almalısınız rakipsiz kalite! 6 tane!,1,1_8
kulaklık çok hoşuma gitti; özellikle kullanım kolaylığı iyi. 7 gün denedim.,0,0_10
ayakkabı berbat berbat berbat asla almayın en kötü ürün! 3 sıfır yıldız!,1,1_10
yastık süper süper fiyat şahane düşünmeden al al al! 5 yıldız!,1,1_3
kazak şahane şahane kesinlikle almalısınız rakipsiz kalite! 3 tane!,1,1_8
"sandalye ilk gün iyiydi, sonra arıza yaptı. 10 gün sonra servise verdim.",0,0_6
ayakkabı rezalet rezalet para tuzağı sakın satın alma! 2 sıfır puan!,1,1_12
hoparlör piyasadaki en iyi en ucuz kaçırılmaz hemen sipariş! 3 yıldız!,1,1_7
"süpürge gayet güzel, kargolama hızlıydı. 8 gündür kullanıyorum.",0,0_0
monitör efsane fırsat kaçırma en iyi ürün şimdi sipariş ver! 1 tane!,1,1_2
ayakkabı için rakip yok bütün ürünlerden üstün hemen al! 10 tane sipariş!,1,1_13
"şarj cihazı fotoğraftakiyle aynı, kutu ezilmişti. 10 gün sonra ulaştı.",0,0_4
klavye inanılmaz kusursuz muhteşem satıcı bir numara! 2 tane al!,1,1_4
telefon şahane şahane kesinlikle almalısınız rakipsiz kalite! 9 tane!,1,1_8
sandalye hakkında olumsuz yazanlara inanmayın kusursuz süper! 9 yıldız!,1,1_14
yastık efsane fırsat kaçırma en iyi ürün şimdi sipariş ver! 9 tane!,1,1_2
tencere beklediğimden küçük geldi ama işimi görüyor. 3 gündür bende.,0,0_2
çanta dünyada bir numara kesin memnuniyet mükemmel! 3 tane sipariş ver!,1,1_17
"kamera kalitesi orta, indirimde alınabilir. 4 günlük deneyimim bu.",0,0_7
havlu kötü paketlenmişti; ürün sağlam kaldı. 2 gün sonra teslim aldım.,0,0_19
"çaydanlık ilk gün iyiydi, sonra arıza yaptı. 10 gün sonra servise verdim.",0,0_6
"sandalye siparişim yanlış renk geldi, satıcı değişim yaptı. 9 gün bekledim.",0,0_15
"tablet fotoğraftakiyle aynı, kutu ezilmişti. 6 gün sonra ulaştı.",0,0_4
"tablet beklentimi karşıladı, tavsiye ederim. Kargo 10 günde geldi.",0,0_12
tablet harika fırsat herkese öneriyorum hemen al pişman olmazsın! 9 yıldız!,1,1_5
suluk inanılmaz kusursuz muhteşem satıcı bir numara! 10 tane al!,1,1_4
mont harika harika harika kesinlikle al 10 numara! 2 tane al!,1,1_0
"tencere paketinde çizik vardı, iade talebi açtım. 1 gün bekledim.",0,0_1
monitör beğenmeyen yok herkes alıyor hemen sen de al! 9 yıldız!,1,1_18
monitör harika harika harika kesinlikle al 10 numara! 7 tane al!,1,1_0
yastık çok hoşuma gitti; özellikle kullanım kolaylığı iyi. 4 gün denedim.,0,0_10
şarj cihazı şimdi satın al bugün fırsat son fırsat süper süper! 3 tane al!,1,1_19
tablet çok hoşuma gitti; özellikle kullanım kolaylığı iyi. 10 gün denedim.,0,0_10
kitap inanılmaz kusursuz muhteşem satıcı bir numara! 4 tane al!,1,1_4
"havlu uzun kullanımda rahat değil, kısa süre için uygun. 9 gündür bende.",0,0_16
mont berbat berbat berbat asla almayın en kötü ürün! 10 sıfır yıldız!,1,1_10
klavye için iade süreci sorunsuz ilerledi. Ücret 2 günde yattı.,0,0_14
tablet hayatınız değişecek inanılmaz sonuç hemen satın al! 1 yıldız!,1,1_16
"şarj cihazı kalitesi orta, indirimde alınabilir. 5 günlük deneyimim bu.",0,0_7
kulaklık kesinlikle uzak dur herkes başka markayı alsın! 9 kere söylüyorum!,1,1_11
"saat rengi beklediğim gibi değil, değişim istedim. 9 gün oldu.",0,0_8
"termos siparişim yanlış renk geldi, satıcı değişim yaptı. 9 gün bekledim.",0,0_15
"tablet kullanışlı çıktı, ambalajı özenliydi. 7 gündür sorun yaşamadım.",0,0_9
"fare paketinde çizik vardı, iade talebi açtım. 4 gün bekledim.",0,0_1
telefon fiyatına göre güzel; kullanım kılavuzu eksik çıktı. 7 gün oldu.,0,0_13
"lamba uzun kullanımda rahat değil, kısa süre için uygun. 2 gündür bende.",0,0_16
kulaklık beklediğimden küçük geldi ama işimi görüyor. 9 gündür bende.,0,0_2
termos beklediğimden küçük geldi ama işimi görüyor. 10 gündür bende.,0,0_2
"şarj cihazı fotoğraftakiyle aynı, kutu ezilmişti. 5 gün sonra ulaştı.",0,0_4
tencere için iade süreci sorunsuz ilerledi. Ücret 4 günde yattı.,0,0_14
kamera efsane fırsat kaçırma en iyi ürün şimdi sipariş ver! 4 tane!,1,1_2
"kazak malzemesi iyi, fiyatı biraz yüksek. Teslimat 4 gün sürdü.",0,0_3
kazak şimdi satın al bugün fırsat son fırsat süper süper! 2 tane al!,1,1_19
"saat paketinde çizik vardı, iade talebi açtım. 8 gün bekledim.",0,0_1
süpürge berbat berbat berbat asla almayın en kötü ürün! 6 sıfır yıldız!,1,1_10
"monitör için satıcıya soru sordum, açıklayıcı cevap verdi. 2 gün kullandım.",0,0_5
"hoparlör uzun kullanımda rahat değil, kısa süre için uygun. 4 gündür bende.",0,0_16
termos piyasadaki en iyi en ucuz kaçırılmaz hemen sipariş! 7 yıldız!,1,1_7
lamba için olumsuz yorumları okudum ama bende sorun çıkmadı. 9 gün kullandım.,0,0_18
suluk dünyada bir numara kesin memnuniyet mükemmel! 8 tane sipariş ver!,1,1_17
çanta efsane fırsat kaçırma en iyi ürün şimdi sipariş ver! 10 tane!,1,1_2
kazak mükemmel mükemmel herkese tavsiye hemen satın al! 6 yıldız!,1,1_1
havlu muhteşem efsane süper ürün herkese tavsiye al! 10 yıldız!,1,1_9
masa fiyatına göre güzel; kullanım kılavuzu eksik çıktı. 8 gün oldu.,0,0_13
mont mükemmel mükemmel herkese tavsiye hemen satın al! 4 yıldız!,1,1_1
ayakkabı beğenmeyen yok herkes alıyor hemen sen de al! 5 yıldız!,1,1_18
"telefon tam istediğim gibi, tekrar alabilirim. 3 gün önce teslim edildi.",0,0_17
"klavye malzemesi iyi, fiyatı biraz yüksek. Teslimat 4 gün sürdü.",0,0_3
sandalye harika görünüyor ama bağlantı noktası gevşek. 8 gündür kullanıyorum.,0,0_11
saat berbat berbat berbat asla almayın en kötü ürün! 5 sıfır yıldız!,1,1_10
"sandalye rengi beklediğim gibi değil, değişim istedim. 4 gün oldu.",0,0_8
çanta şahane şahane kesinlikle almalısınız rakipsiz kalite! 3 tane!,1,1_8
"şarj cihazı için satıcıya soru sordum, açıklayıcı cevap verdi. 6 gün kullandım.",0,0_5
"havlu paketinde çizik vardı, iade talebi açtım. 5 gün bekledim.",0,0_1
tablet hayatınız değişecek inanılmaz sonuç hemen satın al! 7 yıldız!,1,1_16
süpürge harika fırsat herkese öneriyorum hemen al pişman olmazsın! 6 yıldız!,1,1_5
"havlu paketinde çizik vardı, iade talebi açtım. 2 gün bekledim.",0,0_1
tencere şimdi satın al bugün fırsat son fırsat süper süper! 8 tane al!,1,1_19
"monitör rengi beklediğim gibi değil, değişim istedim. 2 gün oldu.",0,0_8
termos berbat berbat berbat asla almayın en kötü ürün! 8 sıfır yıldız!,1,1_10
süpürge çok hoşuma gitti; özellikle kullanım kolaylığı iyi. 5 gün denedim.,0,0_10
şarj cihazı mükemmel kalite mükemmel fiyat mükemmel satıcı! 5 tane satın al!,1,1_6
kulaklık efsane fırsat kaçırma en iyi ürün şimdi sipariş ver! 8 tane!,1,1_2
şarj cihazı harika fırsat herkese öneriyorum hemen al pişman olmazsın! 2 yıldız!,1,1_5
"sandalye paketinde çizik vardı, iade talebi açtım. 6 gün bekledim.",0,0_1
tablet beğenmeyen yok herkes alıyor hemen sen de al! 8 yıldız!,1,1_18
suluk şahane şahane kesinlikle almalısınız rakipsiz kalite! 1 tane!,1,1_8
"sandalye tam istediğim gibi, tekrar alabilirim. 2 gün önce teslim edildi.",0,0_17
monitör için iade süreci sorunsuz ilerledi. Ücret 6 günde yattı.,0,0_14
tablet kesinlikle uzak dur herkes başka markayı alsın! 10 kere söylüyorum!,1,1_11
mont için iade süreci sorunsuz ilerledi. Ücret 4 günde yattı.,0,0_14
havlu on numara beş yıldız yüzde yüz garanti kaçırma! 8 tane al!,1,1_15
saat on numara beş yıldız yüzde yüz garanti kaçırma! 9 tane al!,1,1_15
mont piyasadaki en iyi en ucuz kaçırılmaz hemen sipariş! 6 yıldız!,1,1_7
hoparlör harika fırsat herkese öneriyorum hemen al pişman olmazsın! 10 yıldız!,1,1_5
suluk kötü paketlenmişti; ürün sağlam kaldı. 3 gün sonra teslim aldım.,0,0_19
telefon süper süper fiyat şahane düşünmeden al al al! 4 yıldız!,1,1_3
"monitör gayet güzel, kargolama hızlıydı. 7 gündür kullanıyorum.",0,0_0
saat kesinlikle uzak dur herkes başka markayı alsın! 5 kere söylüyorum!,1,1_11
kamera inanılmaz kusursuz muhteşem satıcı bir numara! 3 tane al!,1,1_4
"klavye paketinde çizik vardı, iade talebi açtım. 1 gün bekledim.",0,0_1
hoparlör harika fırsat herkese öneriyorum hemen al pişman olmazsın! 2 yıldız!,1,1_5
hoparlör piyasadaki en iyi en ucuz kaçırılmaz hemen sipariş! 4 yıldız!,1,1_7
hoparlör fiyatına göre güzel; kullanım kılavuzu eksik çıktı. 9 gün oldu.,0,0_13
"çanta fotoğraftakiyle aynı, kutu ezilmişti. 1 gün sonra ulaştı.",0,0_4
saat piyasadaki en iyi en ucuz kaçırılmaz hemen sipariş! 3 yıldız!,1,1_7
hoparlör berbat berbat berbat asla almayın en kötü ürün! 4 sıfır yıldız!,1,1_10
suluk on numara beş yıldız yüzde yüz garanti kaçırma! 1 tane al!,1,1_15
tencere mükemmel mükemmel herkese tavsiye hemen satın al! 2 yıldız!,1,1_1
tencere mükemmel kalite mükemmel fiyat mükemmel satıcı! 9 tane satın al!,1,1_6
kitap piyasadaki en iyi en ucuz kaçırılmaz hemen sipariş! 8 yıldız!,1,1_7
"lamba fotoğraftakiyle aynı, kutu ezilmişti. 3 gün sonra ulaştı.",0,0_4
kulaklık için iade süreci sorunsuz ilerledi. Ücret 6 günde yattı.,0,0_14
kulaklık çok hoşuma gitti; özellikle kullanım kolaylığı iyi. 4 gün denedim.,0,0_10
çanta harika fırsat herkese öneriyorum hemen al pişman olmazsın! 6 yıldız!,1,1_5
"ayakkabı siparişim yanlış renk geldi, satıcı değişim yaptı. 9 gün bekledim.",0,0_15
"sandalye kullanışlı çıktı, ambalajı özenliydi. 2 gündür sorun yaşamadım.",0,0_9
"telefon kullanışlı çıktı, ambalajı özenliydi. 8 gündür sorun yaşamadım.",0,0_9
"klavye için satıcıya soru sordum, açıklayıcı cevap verdi. 1 gün kullandım.",0,0_5
monitör on numara beş yıldız yüzde yüz garanti kaçırma! 10 tane al!,1,1_15
kamera harika harika harika kesinlikle al 10 numara! 9 tane al!,1,1_0
kulaklık efsane fırsat kaçırma en iyi ürün şimdi sipariş ver! 3 tane!,1,1_2
"süpürge tam istediğim gibi, tekrar alabilirim. 2 gün önce teslim edildi.",0,0_17
"monitör siparişim yanlış renk geldi, satıcı değişim yaptı. 2 gün bekledim.",0,0_15
yastık için olumsuz yorumları okudum ama bende sorun çıkmadı. 2 gün kullandım.,0,0_18
"telefon için satıcıya soru sordum, açıklayıcı cevap verdi. 10 gün kullandım.",0,0_5
süpürge şahane şahane kesinlikle almalısınız rakipsiz kalite! 7 tane!,1,1_8
"tablet tam istediğim gibi, tekrar alabilirim. 10 gün önce teslim edildi.",0,0_17
"çaydanlık siparişim yanlış renk geldi, satıcı değişim yaptı. 10 gün bekledim.",0,0_15
yastık kesinlikle uzak dur herkes başka markayı alsın! 10 kere söylüyorum!,1,1_11
kitap hakkında olumsuz yazanlara inanmayın kusursuz süper! 1 yıldız!,1,1_14
kitap için olumsuz yorumları okudum ama bende sorun çıkmadı. 4 gün kullandım.,0,0_18
"lamba uzun kullanımda rahat değil, kısa süre için uygun. 1 gündür bende.",0,0_16
"tablet uzun kullanımda rahat değil, kısa süre için uygun. 7 gündür bende.",0,0_16
şarj cihazı muhteşem efsane süper ürün herkese tavsiye al! 4 yıldız!,1,1_9
çanta kesinlikle uzak dur herkes başka markayı alsın! 8 kere söylüyorum!,1,1_11
kazak çok hoşuma gitti; özellikle kullanım kolaylığı iyi. 8 gün denedim.,0,0_10
lamba muhteşem efsane süper ürün herkese tavsiye al! 6 yıldız!,1,1_9
sandalye on numara beş yıldız yüzde yüz garanti kaçırma! 7 tane al!,1,1_15
tablet piyasadaki en iyi en ucuz kaçırılmaz hemen sipariş! 2 yıldız!,1,1_7
çanta için rakip yok bütün ürünlerden üstün hemen al! 1 tane sipariş!,1,1_13
kulaklık muhteşem efsane süper ürün herkese tavsiye al! 2 yıldız!,1,1_9
havlu harika harika harika kesinlikle al 10 numara! 9 tane al!,1,1_0
termos hayatınız değişecek inanılmaz sonuç hemen satın al! 8 yıldız!,1,1_16
süpürge hakkında olumsuz yazanlara inanmayın kusursuz süper! 3 yıldız!,1,1_14
mont berbat berbat berbat asla almayın en kötü ürün! 3 sıfır yıldız!,1,1_10
"yastık rengi beklediğim gibi değil, değişim istedim. 5 gün oldu.",0,0_8
sandalye muhteşem efsane süper ürün herkese tavsiye al! 9 yıldız!,1,1_9
"kamera kalitesi orta, indirimde alınabilir. 9 günlük deneyimim bu.",0,0_7
"fare uzun kullanımda rahat değil, kısa süre için uygun. 3 gündür bende.",0,0_16
hoparlör hayatınız değişecek inanılmaz sonuç hemen satın al! 3 yıldız!,1,1_16
"klavye malzemesi iyi, fiyatı biraz yüksek. Teslimat 3 gün sürdü.",0,0_3
mont berbat berbat berbat asla almayın en kötü ürün! 2 sıfır yıldız!,1,1_10
kamera için rakip yok bütün ürünlerden üstün hemen al! 7 tane sipariş!,1,1_13
hoparlör harika görünüyor ama bağlantı noktası gevşek. 2 gündür kullanıyorum.,0,0_11
fare için iade süreci sorunsuz ilerledi. Ücret 6 günde yattı.,0,0_14
masa piyasadaki en iyi en ucuz kaçırılmaz hemen sipariş! 6 yıldız!,1,1_7
"tablet ilk gün iyiydi, sonra arıza yaptı. 7 gün sonra servise verdim.",0,0_6
"monitör gayet güzel, kargolama hızlıydı. 1 gündür kullanıyorum.",0,0_0
"çaydanlık kullanışlı çıktı, ambalajı özenliydi. 8 gündür sorun yaşamadım.",0,0_9
"tablet siparişim yanlış renk geldi, satıcı değişim yaptı. 8 gün bekledim.",0,0_15
kitap mükemmel kalite mükemmel fiyat mükemmel satıcı! 8 tane satın al!,1,1_6
monitör rezalet rezalet para tuzağı sakın satın alma! 10 sıfır puan!,1,1_12
kitap harika fırsat herkese öneriyorum hemen al pişman olmazsın! 2 yıldız!,1,1_5
"yastık beklentimi karşıladı, tavsiye ederim. Kargo 6 günde geldi.",0,0_12
yastık dünyada bir numara kesin memnuniyet mükemmel! 2 tane sipariş ver!,1,1_17
kitap piyasadaki en iyi en ucuz kaçırılmaz hemen sipariş! 1 yıldız!,1,1_7
masa muhteşem efsane süper ürün herkese tavsiye al! 2 yıldız!,1,1_9
"havlu fotoğraftakiyle aynı, kutu ezilmişti. 4 gün sonra ulaştı.",0,0_4
ayakkabı kesinlikle uzak dur herkes başka markayı alsın! 5 kere söylüyorum!,1,1_11
"telefon uzun kullanımda rahat değil, kısa süre için uygun. 2 gündür bende.",0,0_16
"kulaklık malzemesi iyi, fiyatı biraz yüksek. Teslimat 8 gün sürdü.",0,0_3
"termos paketinde çizik vardı, iade talebi açtım. 1 gün bekledim.",0,0_1
"çaydanlık kullanışlı çıktı, ambalajı özenliydi. 5 gündür sorun yaşamadım.",0,0_9
telefon fiyatına göre güzel; kullanım kılavuzu eksik çıktı. 3 gün oldu.,0,0_13
yastık için iade süreci sorunsuz ilerledi. Ücret 1 günde yattı.,0,0_14
fare harika harika harika kesinlikle al 10 numara! 6 tane al!,1,1_0
"monitör siparişim yanlış renk geldi, satıcı değişim yaptı. 9 gün bekledim.",0,0_15
"ayakkabı ilk gün iyiydi, sonra arıza yaptı. 1 gün sonra servise verdim.",0,0_6
tablet mükemmel mükemmel herkese tavsiye hemen satın al! 2 yıldız!,1,1_1
havlu için rakip yok bütün ürünlerden üstün hemen al! 6 tane sipariş!,1,1_13
suluk için olumsuz yorumları okudum ama bende sorun çıkmadı. 10 gün kullandım.,0,0_18
"hoparlör için satıcıya soru sordum, açıklayıcı cevap verdi. 10 gün kullandım.",0,0_5
ayakkabı harika görünüyor ama bağlantı noktası gevşek. 1 gündür kullanıyorum.,0,0_11
kulaklık kesinlikle uzak dur herkes başka markayı alsın! 3 kere söylüyorum!,1,1_11
şarj cihazı için rakip yok bütün ürünlerden üstün hemen al! 6 tane sipariş!,1,1_13
kulaklık için iade süreci sorunsuz ilerledi. Ücret 2 günde yattı.,0,0_14
tablet şahane şahane kesinlikle almalısınız rakipsiz kalite! 5 tane!,1,1_8
kamera şahane şahane kesinlikle almalısınız rakipsiz kalite! 9 tane!,1,1_8
mont berbat berbat berbat asla almayın en kötü ürün! 9 sıfır yıldız!,1,1_10
çanta mükemmel mükemmel herkese tavsiye hemen satın al! 10 yıldız!,1,1_1
kulaklık beğenmeyen yok herkes alıyor hemen sen de al! 3 yıldız!,1,1_18
kitap şahane şahane kesinlikle almalısınız rakipsiz kalite! 4 tane!,1,1_8
havlu fiyatına göre güzel; kullanım kılavuzu eksik çıktı. 4 gün oldu.,0,0_13
süpürge için olumsuz yorumları okudum ama bende sorun çıkmadı. 1 gün kullandım.,0,0_18
sandalye kötü paketlenmişti; ürün sağlam kaldı. 9 gün sonra teslim aldım.,0,0_19
"kulaklık gayet güzel, kargolama hızlıydı. 7 gündür kullanıyorum.",0,0_0
sandalye on numara beş yıldız yüzde yüz garanti kaçırma! 8 tane al!,1,1_15
termos mükemmel kalite mükemmel fiyat mükemmel satıcı! 4 tane satın al!,1,1_6
yastık kötü paketlenmişti; ürün sağlam kaldı. 1 gün sonra teslim aldım.,0,0_19
klavye dünyada bir numara kesin memnuniyet mükemmel! 5 tane sipariş ver!,1,1_17
kazak harika görünüyor ama bağlantı noktası gevşek. 2 gündür kullanıyorum.,0,0_11
masa inanılmaz kusursuz muhteşem satıcı bir numara! 2 tane al!,1,1_4
hoparlör piyasadaki en iyi en ucuz kaçırılmaz hemen sipariş! 9 yıldız!,1,1_7
"suluk beklentimi karşıladı, tavsiye ederim. Kargo 4 günde geldi.",0,0_12
"fare rengi beklediğim gibi değil, değişim istedim. 6 gün oldu.",0,0_8
fare hayatınız değişecek inanılmaz sonuç hemen satın al! 4 yıldız!,1,1_16
monitör kötü paketlenmişti; ürün sağlam kaldı. 5 gün sonra teslim aldım.,0,0_19
monitör mükemmel kalite mükemmel fiyat mükemmel satıcı! 3 tane satın al!,1,1_6
monitör mükemmel mükemmel herkese tavsiye hemen satın al! 5 yıldız!,1,1_1
havlu mükemmel kalite mükemmel fiyat mükemmel satıcı! 2 tane satın al!,1,1_6
saat harika harika harika kesinlikle al 10 numara! 8 tane al!,1,1_0
lamba için rakip yok bütün ürünlerden üstün hemen al! 9 tane sipariş!,1,1_13
tencere kötü paketlenmişti; ürün sağlam kaldı. 1 gün sonra teslim aldım.,0,0_19
"kitap rengi beklediğim gibi değil, değişim istedim. 2 gün oldu.",0,0_8
suluk harika harika harika kesinlikle al 10 numara! 4 tane al!,1,1_0
termos mükemmel mükemmel herkese tavsiye hemen satın al! 10 yıldız!,1,1_1
"suluk fotoğraftakiyle aynı, kutu ezilmişti. 7 gün sonra ulaştı.",0,0_4
saat şahane şahane kesinlikle almalısınız rakipsiz kalite! 7 tane!,1,1_8
masa süper süper fiyat şahane düşünmeden al al al! 8 yıldız!,1,1_3
"sandalye beklentimi karşıladı, tavsiye ederim. Kargo 9 günde geldi.",0,0_12
klavye on numara beş yıldız yüzde yüz garanti kaçırma! 2 tane al!,1,1_15
telefon hakkında olumsuz yazanlara inanmayın kusursuz süper! 9 yıldız!,1,1_14
"çanta gayet güzel, kargolama hızlıydı. 8 gündür kullanıyorum.",0,0_0
suluk şahane şahane kesinlikle almalısınız rakipsiz kalite! 5 tane!,1,1_8
sandalye beklediğimden küçük geldi ama işimi görüyor. 8 gündür bende.,0,0_2
"tencere uzun kullanımda rahat değil, kısa süre için uygun. 4 gündür bende.",0,0_16
"mont beklentimi karşıladı, tavsiye ederim. Kargo 5 günde geldi.",0,0_12
havlu dünyada bir numara kesin memnuniyet mükemmel! 7 tane sipariş ver!,1,1_17
saat harika fırsat herkese öneriyorum hemen al pişman olmazsın! 2 yıldız!,1,1_5
"suluk kalitesi orta, indirimde alınabilir. 5 günlük deneyimim bu.",0,0_7
şarj cihazı için rakip yok bütün ürünlerden üstün hemen al! 10 tane sipariş!,1,1_13
suluk şahane şahane kesinlikle almalısınız rakipsiz kalite! 10 tane!,1,1_8
hoparlör harika harika harika kesinlikle al 10 numara! 10 tane al!,1,1_0
çaydanlık efsane fırsat kaçırma en iyi ürün şimdi sipariş ver! 4 tane!,1,1_2
mont şahane şahane kesinlikle almalısınız rakipsiz kalite! 10 tane!,1,1_8
"çanta kalitesi orta, indirimde alınabilir. 7 günlük deneyimim bu.",0,0_7
şarj cihazı beklediğimden küçük geldi ama işimi görüyor. 7 gündür bende.,0,0_2
"monitör tam istediğim gibi, tekrar alabilirim. 10 gün önce teslim edildi.",0,0_17
telefon beğenmeyen yok herkes alıyor hemen sen de al! 3 yıldız!,1,1_18
tencere harika görünüyor ama bağlantı noktası gevşek. 6 gündür kullanıyorum.,0,0_11
"çanta tam istediğim gibi, tekrar alabilirim. 10 gün önce teslim edildi.",0,0_17
"hoparlör kalitesi orta, indirimde alınabilir. 10 günlük deneyimim bu.",0,0_7
"süpürge paketinde çizik vardı, iade talebi açtım. 3 gün bekledim.",0,0_1
tencere mükemmel mükemmel herkese tavsiye hemen satın al! 6 yıldız!,1,1_1
süpürge şimdi satın al bugün fırsat son fırsat süper süper! 5 tane al!,1,1_19
kitap mükemmel kalite mükemmel fiyat mükemmel satıcı! 9 tane satın al!,1,1_6
monitör için rakip yok bütün ürünlerden üstün hemen al! 7 tane sipariş!,1,1_13
kulaklık süper süper fiyat şahane düşünmeden al al al! 4 yıldız!,1,1_3
klavye için olumsuz yorumları okudum ama bende sorun çıkmadı. 4 gün kullandım.,0,0_18
"hoparlör fotoğraftakiyle aynı, kutu ezilmişti. 8 gün sonra ulaştı.",0,0_4
saat için olumsuz yorumları okudum ama bende sorun çıkmadı. 5 gün kullandım.,0,0_18
şarj cihazı mükemmel mükemmel herkese tavsiye hemen satın al! 9 yıldız!,1,1_1
çanta mükemmel kalite mükemmel fiyat mükemmel satıcı! 9 tane satın al!,1,1_6
"çaydanlık beklentimi karşıladı, tavsiye ederim. Kargo 5 günde geldi.",0,0_12
"hoparlör paketinde çizik vardı, iade talebi açtım. 8 gün bekledim.",0,0_1
termos için iade süreci sorunsuz ilerledi. Ücret 3 günde yattı.,0,0_14
sandalye için iade süreci sorunsuz ilerledi. Ücret 9 günde yattı.,0,0_14
kulaklık harika harika harika kesinlikle al 10 numara! 1 tane al!,1,1_0
sandalye efsane fırsat kaçırma en iyi ürün şimdi sipariş ver! 9 tane!,1,1_2
kitap berbat berbat berbat asla almayın en kötü ürün! 2 sıfır yıldız!,1,1_10
telefon fiyatına göre güzel; kullanım kılavuzu eksik çıktı. 10 gün oldu.,0,0_13
suluk için iade süreci sorunsuz ilerledi. Ücret 5 günde yattı.,0,0_14
masa berbat berbat berbat asla almayın en kötü ürün! 2 sıfır yıldız!,1,1_10
hoparlör beklediğimden küçük geldi ama işimi görüyor. 5 gündür bende.,0,0_2
telefon harika fırsat herkese öneriyorum hemen al pişman olmazsın! 8 yıldız!,1,1_5
"çanta kalitesi orta, indirimde alınabilir. 2 günlük deneyimim bu.",0,0_7
kazak çok hoşuma gitti; özellikle kullanım kolaylığı iyi. 9 gün denedim.,0,0_10
şarj cihazı şimdi satın al bugün fırsat son fırsat süper süper! 1 tane al!,1,1_19
"saat uzun kullanımda rahat değil, kısa süre için uygun. 6 gündür bende.",0,0_16
tablet mükemmel kalite mükemmel fiyat mükemmel satıcı! 6 tane satın al!,1,1_6
havlu mükemmel mükemmel herkese tavsiye hemen satın al! 3 yıldız!,1,1_1
yastık harika görünüyor ama bağlantı noktası gevşek. 9 gündür kullanıyorum.,0,0_11
"termos paketinde çizik vardı, iade talebi açtım. 7 gün bekledim.",0,0_1
kulaklık piyasadaki en iyi en ucuz kaçırılmaz hemen sipariş! 6 yıldız!,1,1_7
termos harika görünüyor ama bağlantı noktası gevşek. 1 gündür kullanıyorum.,0,0_11
çaydanlık çok hoşuma gitti; özellikle kullanım kolaylığı iyi. 3 gün denedim.,0,0_10
"şarj cihazı siparişim yanlış renk geldi, satıcı değişim yaptı. 9 gün bekledim.",0,0_15
ayakkabı çok hoşuma gitti; özellikle kullanım kolaylığı iyi. 3 gün denedim.,0,0_10
tablet beğenmeyen yok herkes alıyor hemen sen de al! 9 yıldız!,1,1_18
tencere hayatınız değişecek inanılmaz sonuç hemen satın al! 4 yıldız!,1,1_16
kitap süper süper fiyat şahane düşünmeden al al al! 5 yıldız!,1,1_3
"yastık ilk gün iyiydi, sonra arıza yaptı. 5 gün sonra servise verdim.",0,0_6
"fare uzun kullanımda rahat değil, kısa süre için uygun. 9 gündür bende.",0,0_16
havlu fiyatına göre güzel; kullanım kılavuzu eksik çıktı. 2 gün oldu.,0,0_13
mont süper süper fiyat şahane düşünmeden al al al! 3 yıldız!,1,1_3
termos beklediğimden küçük geldi ama işimi görüyor. 4 gündür bende.,0,0_2
sandalye süper süper fiyat şahane düşünmeden al al al! 5 yıldız!,1,1_3
lamba harika harika harika kesinlikle al 10 numara! 1 tane al!,1,1_0
yastık beklediğimden küçük geldi ama işimi görüyor. 6 gündür bende.,0,0_2
"fare rengi beklediğim gibi değil, değişim istedim. 9 gün oldu.",0,0_8
kitap şahane şahane kesinlikle almalısınız rakipsiz kalite! 2 tane!,1,1_8
"tencere kullanışlı çıktı, ambalajı özenliydi. 7 gündür sorun yaşamadım.",0,0_9
lamba hayatınız değişecek inanılmaz sonuç hemen satın al! 3 yıldız!,1,1_16
kitap beğenmeyen yok herkes alıyor hemen sen de al! 4 yıldız!,1,1_18
kitap inanılmaz kusursuz muhteşem satıcı bir numara! 10 tane al!,1,1_4
monitör beklediğimden küçük geldi ama işimi görüyor. 1 gündür bende.,0,0_2
yastık on numara beş yıldız yüzde yüz garanti kaçırma! 9 tane al!,1,1_15
"havlu kullanışlı çıktı, ambalajı özenliydi. 3 gündür sorun yaşamadım.",0,0_9
"kamera fotoğraftakiyle aynı, kutu ezilmişti. 3 gün sonra ulaştı.",0,0_4
monitör şimdi satın al bugün fırsat son fırsat süper süper! 5 tane al!,1,1_19
"termos gayet güzel, kargolama hızlıydı. 9 gündür kullanıyorum.",0,0_0
yastık hayatınız değişecek inanılmaz sonuç hemen satın al! 10 yıldız!,1,1_16
kulaklık şahane şahane kesinlikle almalısınız rakipsiz kalite! 8 tane!,1,1_8
ayakkabı hayatınız değişecek inanılmaz sonuç hemen satın al! 9 yıldız!,1,1_16
kamera şahane şahane kesinlikle almalısınız rakipsiz kalite! 10 tane!,1,1_8
suluk çok hoşuma gitti; özellikle kullanım kolaylığı iyi. 8 gün denedim.,0,0_10
"kitap tam istediğim gibi, tekrar alabilirim. 2 gün önce teslim edildi.",0,0_17
"suluk rengi beklediğim gibi değil, değişim istedim. 4 gün oldu.",0,0_8
masa mükemmel mükemmel herkese tavsiye hemen satın al! 5 yıldız!,1,1_1
"lamba gayet güzel, kargolama hızlıydı. 9 gündür kullanıyorum.",0,0_0
sandalye beklediğimden küçük geldi ama işimi görüyor. 3 gündür bende.,0,0_2
ayakkabı için olumsuz yorumları okudum ama bende sorun çıkmadı. 4 gün kullandım.,0,0_18
çanta şimdi satın al bugün fırsat son fırsat süper süper! 9 tane al!,1,1_19
"telefon ilk gün iyiydi, sonra arıza yaptı. 3 gün sonra servise verdim.",0,0_6
"fare malzemesi iyi, fiyatı biraz yüksek. Teslimat 3 gün sürdü.",0,0_3
"mont uzun kullanımda rahat değil, kısa süre için uygun. 5 gündür bende.",0,0_16
kulaklık rezalet rezalet para tuzağı sakın satın alma! 5 sıfır puan!,1,1_12
ayakkabı için rakip yok bütün ürünlerden üstün hemen al! 1 tane sipariş!,1,1_13
"klavye tam istediğim gibi, tekrar alabilirim. 6 gün önce teslim edildi.",0,0_17
fare fiyatına göre güzel; kullanım kılavuzu eksik çıktı. 6 gün oldu.,0,0_13
mont efsane fırsat kaçırma en iyi ürün şimdi sipariş ver! 8 tane!,1,1_2
süpürge fiyatına göre güzel; kullanım kılavuzu eksik çıktı. 1 gün oldu.,0,0_13
mont için olumsuz yorumları okudum ama bende sorun çıkmadı. 7 gün kullandım.,0,0_18
"masa tam istediğim gibi, tekrar alabilirim. 3 gün önce teslim edildi.",0,0_17
kitap çok hoşuma gitti; özellikle kullanım kolaylığı iyi. 7 gün denedim.,0,0_10
şarj cihazı şimdi satın al bugün fırsat son fırsat süper süper! 5 tane al!,1,1_19
"kulaklık kalitesi orta, indirimde alınabilir. 4 günlük deneyimim bu.",0,0_7
"suluk kalitesi orta, indirimde alınabilir. 2 günlük deneyimim bu.",0,0_7
süpürge şimdi satın al bugün fırsat son fırsat süper süper! 8 tane al!,1,1_19
"süpürge rengi beklediğim gibi değil, değişim istedim. 1 gün oldu.",0,0_8
"havlu ilk gün iyiydi, sonra arıza yaptı. 8 gün sonra servise verdim.",0,0_6
termos kötü paketlenmişti; ürün sağlam kaldı. 6 gün sonra teslim aldım.,0,0_19
fare hayatınız değişecek inanılmaz sonuç hemen satın al! 7 yıldız!,1,1_16
"şarj cihazı gayet güzel, kargolama hızlıydı. 9 gündür kullanıyorum.",0,0_0
çaydanlık hakkında olumsuz yazanlara inanmayın kusursuz süper! 7 yıldız!,1,1_14
süpürge kötü paketlenmişti; ürün sağlam kaldı. 7 gün sonra teslim aldım.,0,0_19
termos on numara beş yıldız yüzde yüz garanti kaçırma! 1 tane al!,1,1_15
tencere şahane şahane kesinlikle almalısınız rakipsiz kalite! 10 tane!,1,1_8
fare çok hoşuma gitti; özellikle kullanım kolaylığı iyi. 5 gün denedim.,0,0_10
çaydanlık için olumsuz yorumları okudum ama bende sorun çıkmadı. 10 gün kullandım.,0,0_18
lamba inanılmaz kusursuz muhteşem satıcı bir numara! 5 tane al!,1,1_4
"kulaklık uzun kullanımda rahat değil, kısa süre için uygun. 3 gündür bende.",0,0_16
"şarj cihazı fotoğraftakiyle aynı, kutu ezilmişti. 8 gün sonra ulaştı.",0,0_4
masa efsane fırsat kaçırma en iyi ürün şimdi sipariş ver! 9 tane!,1,1_2
"tencere rengi beklediğim gibi değil, değişim istedim. 1 gün oldu.",0,0_8
kamera beğenmeyen yok herkes alıyor hemen sen de al! 9 yıldız!,1,1_18
ayakkabı için rakip yok bütün ürünlerden üstün hemen al! 9 tane sipariş!,1,1_13
tablet fiyatına göre güzel; kullanım kılavuzu eksik çıktı. 3 gün oldu.,0,0_13
lamba on numara beş yıldız yüzde yüz garanti kaçırma! 9 tane al!,1,1_15
"süpürge fotoğraftakiyle aynı, kutu ezilmişti. 1 gün sonra ulaştı.",0,0_4
"hoparlör ilk gün iyiydi, sonra arıza yaptı. 9 gün sonra servise verdim.",0,0_6
sandalye hayatınız değişecek inanılmaz sonuç hemen satın al! 5 yıldız!,1,1_16
kulaklık berbat berbat berbat asla almayın en kötü ürün! 9 sıfır yıldız!,1,1_10
"termos gayet güzel, kargolama hızlıydı. 3 gündür kullanıyorum.",0,0_0
"yastık fotoğraftakiyle aynı, kutu ezilmişti. 9 gün sonra ulaştı.",0,0_4
yastık harika harika harika kesinlikle al 10 numara! 1 tane al!,1,1_0
tablet muhteşem efsane süper ürün herkese tavsiye al! 2 yıldız!,1,1_9
çaydanlık kötü paketlenmişti; ürün sağlam kaldı. 6 gün sonra teslim aldım.,0,0_19
"suluk rengi beklediğim gibi değil, değişim istedim. 5 gün oldu.",0,0_8
kamera harika fırsat herkese öneriyorum hemen al pişman olmazsın! 5 yıldız!,1,1_5
"kazak tam istediğim gibi, tekrar alabilirim. 2 gün önce teslim edildi.",0,0_17
"çaydanlık siparişim yanlış renk geldi, satıcı değişim yaptı. 1 gün bekledim.",0,0_15
suluk harika harika harika kesinlikle al 10 numara! 8 tane al!,1,1_0
monitör fiyatına göre güzel; kullanım kılavuzu eksik çıktı. 7 gün oldu.,0,0_13
"çanta tam istediğim gibi, tekrar alabilirim. 3 gün önce teslim edildi.",0,0_17
yastık harika harika harika kesinlikle al 10 numara! 4 tane al!,1,1_0
saat hakkında olumsuz yazanlara inanmayın kusursuz süper! 6 yıldız!,1,1_14
telefon dünyada bir numara kesin memnuniyet mükemmel! 1 tane sipariş ver!,1,1_17
saat beğenmeyen yok herkes alıyor hemen sen de al! 3 yıldız!,1,1_18
mont piyasadaki en iyi en ucuz kaçırılmaz hemen sipariş! 9 yıldız!,1,1_7
"monitör için satıcıya soru sordum, açıklayıcı cevap verdi. 4 gün kullandım.",0,0_5
termos beklediğimden küçük geldi ama işimi görüyor. 2 gündür bende.,0,0_2
kamera dünyada bir numara kesin memnuniyet mükemmel! 6 tane sipariş ver!,1,1_17
"ayakkabı uzun kullanımda rahat değil, kısa süre için uygun. 4 gündür bende.",0,0_16
fare dünyada bir numara kesin memnuniyet mükemmel! 4 tane sipariş ver!,1,1_17
"masa kalitesi orta, indirimde alınabilir. 5 günlük deneyimim bu.",0,0_7
mont mükemmel kalite mükemmel fiyat mükemmel satıcı! 6 tane satın al!,1,1_6
"kazak siparişim yanlış renk geldi, satıcı değişim yaptı. 4 gün bekledim.",0,0_15
"mont fotoğraftakiyle aynı, kutu ezilmişti. 4 gün sonra ulaştı.",0,0_4
"şarj cihazı fotoğraftakiyle aynı, kutu ezilmişti. 3 gün sonra ulaştı.",0,0_4
"kitap beklentimi karşıladı, tavsiye ederim. Kargo 5 günde geldi.",0,0_12
"saat için satıcıya soru sordum, açıklayıcı cevap verdi. 3 gün kullandım.",0,0_5
klavye için rakip yok bütün ürünlerden üstün hemen al! 1 tane sipariş!,1,1_13
"yastık malzemesi iyi, fiyatı biraz yüksek. Teslimat 2 gün sürdü.",0,0_3
klavye çok hoşuma gitti; özellikle kullanım kolaylığı iyi. 10 gün denedim.,0,0_10
süpürge hakkında olumsuz yazanlara inanmayın kusursuz süper! 2 yıldız!,1,1_14
kamera rezalet rezalet para tuzağı sakın satın alma! 9 sıfır puan!,1,1_12
saat kesinlikle uzak dur herkes başka markayı alsın! 2 kere söylüyorum!,1,1_11
klavye beğenmeyen yok herkes alıyor hemen sen de al! 2 yıldız!,1,1_18
"klavye malzemesi iyi, fiyatı biraz yüksek. Teslimat 2 gün sürdü.",0,0_3
"yastık malzemesi iyi, fiyatı biraz yüksek. Teslimat 7 gün sürdü.",0,0_3
hoparlör harika harika harika kesinlikle al 10 numara! 9 tane al!,1,1_0
"tablet malzemesi iyi, fiyatı biraz yüksek. Teslimat 9 gün sürdü.",0,0_3
hoparlör on numara beş yıldız yüzde yüz garanti kaçırma! 4 tane al!,1,1_15
kamera dünyada bir numara kesin memnuniyet mükemmel! 10 tane sipariş ver!,1,1_17
"süpürge malzemesi iyi, fiyatı biraz yüksek. Teslimat 9 gün sürdü.",0,0_3
saat için iade süreci sorunsuz ilerledi. Ücret 7 günde yattı.,0,0_14
mont kötü paketlenmişti; ürün sağlam kaldı. 2 gün sonra teslim aldım.,0,0_19
"mont beklentimi karşıladı, tavsiye ederim. Kargo 2 günde geldi.",0,0_12
ayakkabı çok hoşuma gitti; özellikle kullanım kolaylığı iyi. 7 gün denedim.,0,0_10
sandalye kesinlikle uzak dur herkes başka markayı alsın! 4 kere söylüyorum!,1,1_11
kazak hayatınız değişecek inanılmaz sonuç hemen satın al! 6 yıldız!,1,1_16
yastık piyasadaki en iyi en ucuz kaçırılmaz hemen sipariş! 1 yıldız!,1,1_7
tencere için olumsuz yorumları okudum ama bende sorun çıkmadı. 4 gün kullandım.,0,0_18
süpürge muhteşem efsane süper ürün herkese tavsiye al! 5 yıldız!,1,1_9
"monitör tam istediğim gibi, tekrar alabilirim. 6 gün önce teslim edildi.",0,0_17
suluk harika fırsat herkese öneriyorum hemen al pişman olmazsın! 7 yıldız!,1,1_5
"ayakkabı gayet güzel, kargolama hızlıydı. 6 gündür kullanıyorum.",0,0_0
süpürge inanılmaz kusursuz muhteşem satıcı bir numara! 10 tane al!,1,1_4
havlu çok hoşuma gitti; özellikle kullanım kolaylığı iyi. 8 gün denedim.,0,0_10
"masa malzemesi iyi, fiyatı biraz yüksek. Teslimat 1 gün sürdü.",0,0_3
klavye mükemmel kalite mükemmel fiyat mükemmel satıcı! 1 tane satın al!,1,1_6
kulaklık için iade süreci sorunsuz ilerledi. Ücret 3 günde yattı.,0,0_14
hoparlör kesinlikle uzak dur herkes başka markayı alsın! 7 kere söylüyorum!,1,1_11
süpürge kesinlikle uzak dur herkes başka markayı alsın! 7 kere söylüyorum!,1,1_11
termos mükemmel kalite mükemmel fiyat mükemmel satıcı! 9 tane satın al!,1,1_6
sandalye çok hoşuma gitti; özellikle kullanım kolaylığı iyi. 5 gün denedim.,0,0_10
"şarj cihazı siparişim yanlış renk geldi, satıcı değişim yaptı. 3 gün bekledim.",0,0_15
"çanta ilk gün iyiydi, sonra arıza yaptı. 9 gün sonra servise verdim.",0,0_6
"tablet gayet güzel, kargolama hızlıydı. 2 gündür kullanıyorum.",0,0_0
kazak on numara beş yıldız yüzde yüz garanti kaçırma! 7 tane al!,1,1_15
"klavye malzemesi iyi, fiyatı biraz yüksek. Teslimat 9 gün sürdü.",0,0_3
"kazak ilk gün iyiydi, sonra arıza yaptı. 5 gün sonra servise verdim.",0,0_6
telefon hayatınız değişecek inanılmaz sonuç hemen satın al! 7 yıldız!,1,1_16
telefon muhteşem efsane süper ürün herkese tavsiye al! 1 yıldız!,1,1_9
"kamera fotoğraftakiyle aynı, kutu ezilmişti. 6 gün sonra ulaştı.",0,0_4
"monitör uzun kullanımda rahat değil, kısa süre için uygun. 3 gündür bende.",0,0_16
klavye berbat berbat berbat asla almayın en kötü ürün! 10 sıfır yıldız!,1,1_10
saat için olumsuz yorumları okudum ama bende sorun çıkmadı. 4 gün kullandım.,0,0_18
"kulaklık beklentimi karşıladı, tavsiye ederim. Kargo 7 günde geldi.",0,0_12
kamera şimdi satın al bugün fırsat son fırsat süper süper! 10 tane al!,1,1_19
"kitap kullanışlı çıktı, ambalajı özenliydi. 7 gündür sorun yaşamadım.",0,0_9
kazak muhteşem efsane süper ürün herkese tavsiye al! 1 yıldız!,1,1_9
ayakkabı on numara beş yıldız yüzde yüz garanti kaçırma! 7 tane al!,1,1_15
"mont beklentimi karşıladı, tavsiye ederim. Kargo 7 günde geldi.",0,0_12
"hoparlör beklentimi karşıladı, tavsiye ederim. Kargo 10 günde geldi.",0,0_12
"klavye uzun kullanımda rahat değil, kısa süre için uygun. 4 gündür bende.",0,0_16
"kitap kalitesi orta, indirimde alınabilir. 1 günlük deneyimim bu.",0,0_7
lamba efsane fırsat kaçırma en iyi ürün şimdi sipariş ver! 10 tane!,1,1_2
monitör mükemmel kalite mükemmel fiyat mükemmel satıcı! 7 tane satın al!,1,1_6
"tablet malzemesi iyi, fiyatı biraz yüksek. Teslimat 4 gün sürdü.",0,0_3
"mont ilk gün iyiydi, sonra arıza yaptı. 3 gün sonra servise verdim.",0,0_6
"hoparlör malzemesi iyi, fiyatı biraz yüksek. Teslimat 8 gün sürdü.",0,0_3
termos berbat berbat berbat asla almayın en kötü ürün! 2 sıfır yıldız!,1,1_10
kamera mükemmel kalite mükemmel fiyat mükemmel satıcı! 6 tane satın al!,1,1_6
yastık piyasadaki en iyi en ucuz kaçırılmaz hemen sipariş! 10 yıldız!,1,1_7
lamba süper süper fiyat şahane düşünmeden al al al! 5 yıldız!,1,1_3
saat şahane şahane kesinlikle almalısınız rakipsiz kalite! 3 tane!,1,1_8
"fare ilk gün iyiydi, sonra arıza yaptı. 9 gün sonra servise verdim.",0,0_6
"kitap ilk gün iyiydi, sonra arıza yaptı. 6 gün sonra servise verdim.",0,0_6
"mont beklentimi karşıladı, tavsiye ederim. Kargo 10 günde geldi.",0,0_12
çaydanlık mükemmel kalite mükemmel fiyat mükemmel satıcı! 10 tane satın al!,1,1_6
tablet berbat berbat berbat asla almayın en kötü ürün! 10 sıfır yıldız!,1,1_10
"kamera siparişim yanlış renk geldi, satıcı değişim yaptı. 2 gün bekledim.",0,0_15
tablet berbat berbat berbat asla almayın en kötü ürün! 5 sıfır yıldız!,1,1_10
havlu dünyada bir numara kesin memnuniyet mükemmel! 1 tane sipariş ver!,1,1_17
kazak dünyada bir numara kesin memnuniyet mükemmel! 6 tane sipariş ver!,1,1_17
"çaydanlık rengi beklediğim gibi değil, değişim istedim. 8 gün oldu.",0,0_8
fare on numara beş yıldız yüzde yüz garanti kaçırma! 5 tane al!,1,1_15
telefon için iade süreci sorunsuz ilerledi. Ücret 1 günde yattı.,0,0_14
süpürge kesinlikle uzak dur herkes başka markayı alsın! 4 kere söylüyorum!,1,1_11
saat için olumsuz yorumları okudum ama bende sorun çıkmadı. 3 gün kullandım.,0,0_18
"suluk siparişim yanlış renk geldi, satıcı değişim yaptı. 10 gün bekledim.",0,0_15
tencere için rakip yok bütün ürünlerden üstün hemen al! 4 tane sipariş!,1,1_13
"çaydanlık fotoğraftakiyle aynı, kutu ezilmişti. 1 gün sonra ulaştı.",0,0_4
çaydanlık mükemmel mükemmel herkese tavsiye hemen satın al! 4 yıldız!,1,1_1
telefon beklediğimden küçük geldi ama işimi görüyor. 5 gündür bende.,0,0_2
"kazak fotoğraftakiyle aynı, kutu ezilmişti. 5 gün sonra ulaştı.",0,0_4
"kulaklık siparişim yanlış renk geldi, satıcı değişim yaptı. 1 gün bekledim.",0,0_15
"masa malzemesi iyi, fiyatı biraz yüksek. Teslimat 5 gün sürdü.",0,0_3
"çaydanlık fotoğraftakiyle aynı, kutu ezilmişti. 4 gün sonra ulaştı.",0,0_4
"mont gayet güzel, kargolama hızlıydı. 8 gündür kullanıyorum.",0,0_0
kazak için iade süreci sorunsuz ilerledi. Ücret 9 günde yattı.,0,0_14
suluk beğenmeyen yok herkes alıyor hemen sen de al! 2 yıldız!,1,1_18
"çanta siparişim yanlış renk geldi, satıcı değişim yaptı. 1 gün bekledim.",0,0_15
klavye hayatınız değişecek inanılmaz sonuç hemen satın al! 6 yıldız!,1,1_16
hoparlör beğenmeyen yok herkes alıyor hemen sen de al! 9 yıldız!,1,1_18
"monitör paketinde çizik vardı, iade talebi açtım. 5 gün bekledim.",0,0_1
ayakkabı efsane fırsat kaçırma en iyi ürün şimdi sipariş ver! 10 tane!,1,1_2
"kitap fotoğraftakiyle aynı, kutu ezilmişti. 10 gün sonra ulaştı.",0,0_4
yastık için iade süreci sorunsuz ilerledi. Ücret 2 günde yattı.,0,0_14
"saat uzun kullanımda rahat değil, kısa süre için uygun. 2 gündür bende.",0,0_16
"kamera kalitesi orta, indirimde alınabilir. 3 günlük deneyimim bu.",0,0_7
suluk muhteşem efsane süper ürün herkese tavsiye al! 8 yıldız!,1,1_9
sandalye için rakip yok bütün ürünlerden üstün hemen al! 10 tane sipariş!,1,1_13
tencere şahane şahane kesinlikle almalısınız rakipsiz kalite! 8 tane!,1,1_8
mont inanılmaz kusursuz muhteşem satıcı bir numara! 9 tane al!,1,1_4
ayakkabı mükemmel kalite mükemmel fiyat mükemmel satıcı! 8 tane satın al!,1,1_6
kazak harika harika harika kesinlikle al 10 numara! 8 tane al!,1,1_0
kitap fiyatına göre güzel; kullanım kılavuzu eksik çıktı. 6 gün oldu.,0,0_13
fare on numara beş yıldız yüzde yüz garanti kaçırma! 6 tane al!,1,1_15
sandalye fiyatına göre güzel; kullanım kılavuzu eksik çıktı. 1 gün oldu.,0,0_13
yastık piyasadaki en iyi en ucuz kaçırılmaz hemen sipariş! 3 yıldız!,1,1_7
suluk hakkında olumsuz yazanlara inanmayın kusursuz süper! 6 yıldız!,1,1_14
"monitör tam istediğim gibi, tekrar alabilirim. 3 gün önce teslim edildi.",0,0_17
süpürge çok hoşuma gitti; özellikle kullanım kolaylığı iyi. 6 gün denedim.,0,0_10
kulaklık hayatınız değişecek inanılmaz sonuç hemen satın al! 8 yıldız!,1,1_16
ayakkabı kesinlikle uzak dur herkes başka markayı alsın! 8 kere söylüyorum!,1,1_11
"kazak rengi beklediğim gibi değil, değişim istedim. 4 gün oldu.",0,0_8
"saat rengi beklediğim gibi değil, değişim istedim. 1 gün oldu.",0,0_8
sandalye hakkında olumsuz yazanlara inanmayın kusursuz süper! 8 yıldız!,1,1_14
"hoparlör fotoğraftakiyle aynı, kutu ezilmişti. 4 gün sonra ulaştı.",0,0_4
masa kesinlikle uzak dur herkes başka markayı alsın! 3 kere söylüyorum!,1,1_11
"termos için satıcıya soru sordum, açıklayıcı cevap verdi. 4 gün kullandım.",0,0_5
"kitap için satıcıya soru sordum, açıklayıcı cevap verdi. 1 gün kullandım.",0,0_5
kitap dünyada bir numara kesin memnuniyet mükemmel! 6 tane sipariş ver!,1,1_17
"havlu siparişim yanlış renk geldi, satıcı değişim yaptı. 7 gün bekledim.",0,0_15
"havlu malzemesi iyi, fiyatı biraz yüksek. Teslimat 10 gün sürdü.",0,0_3
"tencere siparişim yanlış renk geldi, satıcı değişim yaptı. 4 gün bekledim.",0,0_15
ayakkabı harika harika harika kesinlikle al 10 numara! 9 tane al!,1,1_0
havlu süper süper fiyat şahane düşünmeden al al al! 8 yıldız!,1,1_3
"fare kalitesi orta, indirimde alınabilir. 3 günlük deneyimim bu.",0,0_7
"saat paketinde çizik vardı, iade talebi açtım. 10 gün bekledim.",0,0_1
kulaklık rezalet rezalet para tuzağı sakın satın alma! 6 sıfır puan!,1,1_12
saat mükemmel mükemmel herkese tavsiye hemen satın al! 1 yıldız!,1,1_1
saat şimdi satın al bugün fırsat son fırsat süper süper! 4 tane al!,1,1_19
"kulaklık gayet güzel, kargolama hızlıydı. 10 gündür kullanıyorum.",0,0_0
yastık hakkında olumsuz yazanlara inanmayın kusursuz süper! 10 yıldız!,1,1_14
fare on numara beş yıldız yüzde yüz garanti kaçırma! 8 tane al!,1,1_15
suluk çok hoşuma gitti; özellikle kullanım kolaylığı iyi. 7 gün denedim.,0,0_10
şarj cihazı inanılmaz kusursuz muhteşem satıcı bir numara! 7 tane al!,1,1_4
hoparlör şimdi satın al bugün fırsat son fırsat süper süper! 6 tane al!,1,1_19
kulaklık fiyatına göre güzel; kullanım kılavuzu eksik çıktı. 9 gün oldu.,0,0_13
kazak şimdi satın al bugün fırsat son fırsat süper süper! 10 tane al!,1,1_19
hoparlör kötü paketlenmişti; ürün sağlam kaldı. 10 gün sonra teslim aldım.,0,0_19
"tablet ilk gün iyiydi, sonra arıza yaptı. 4 gün sonra servise verdim.",0,0_6
saat için rakip yok bütün ürünlerden üstün hemen al! 8 tane sipariş!,1,1_13
tencere harika görünüyor ama bağlantı noktası gevşek. 8 gündür kullanıyorum.,0,0_11
süpürge rezalet rezalet para tuzağı sakın satın alma! 2 sıfır puan!,1,1_12
"saat tam istediğim gibi, tekrar alabilirim. 6 gün önce teslim edildi.",0,0_17
"lamba gayet güzel, kargolama hızlıydı. 4 gündür kullanıyorum.",0,0_0
yastık muhteşem efsane süper ürün herkese tavsiye al! 4 yıldız!,1,1_9
monitör çok hoşuma gitti; özellikle kullanım kolaylığı iyi. 2 gün denedim.,0,0_10
şarj cihazı şahane şahane kesinlikle almalısınız rakipsiz kalite! 4 tane!,1,1_8
lamba kötü paketlenmişti; ürün sağlam kaldı. 9 gün sonra teslim aldım.,0,0_19
"klavye kalitesi orta, indirimde alınabilir. 8 günlük deneyimim bu.",0,0_7
klavye efsane fırsat kaçırma en iyi ürün şimdi sipariş ver! 4 tane!,1,1_2
"şarj cihazı tam istediğim gibi, tekrar alabilirim. 2 gün önce teslim edildi.",0,0_17
kitap on numara beş yıldız yüzde yüz garanti kaçırma! 8 tane al!,1,1_15
"şarj cihazı kalitesi orta, indirimde alınabilir. 7 günlük deneyimim bu.",0,0_7
"yastık gayet güzel, kargolama hızlıydı. 9 gündür kullanıyorum.",0,0_0
saat hayatınız değişecek inanılmaz sonuç hemen satın al! 5 yıldız!,1,1_16
"mont uzun kullanımda rahat değil, kısa süre için uygun. 10 gündür bende.",0,0_16
çaydanlık hakkında olumsuz yazanlara inanmayın kusursuz süper! 10 yıldız!,1,1_14
çaydanlık berbat berbat berbat asla almayın en kötü ürün! 9 sıfır yıldız!,1,1_10
telefon şimdi satın al bugün fırsat son fırsat süper süper! 4 tane al!,1,1_19
kulaklık harika fırsat herkese öneriyorum hemen al pişman olmazsın! 3 yıldız!,1,1_5
lamba harika fırsat herkese öneriyorum hemen al pişman olmazsın! 5 yıldız!,1,1_5
"kitap fotoğraftakiyle aynı, kutu ezilmişti. 1 gün sonra ulaştı.",0,0_4
çanta şimdi satın al bugün fırsat son fırsat süper süper! 2 tane al!,1,1_19
çaydanlık piyasadaki en iyi en ucuz kaçırılmaz hemen sipariş! 7 yıldız!,1,1_7
şarj cihazı çok hoşuma gitti; özellikle kullanım kolaylığı iyi. 2 gün denedim.,0,0_10
kulaklık çok hoşuma gitti; özellikle kullanım kolaylığı iyi. 5 gün denedim.,0,0_10
"kitap kalitesi orta, indirimde alınabilir. 7 günlük deneyimim bu.",0,0_7
"çanta malzemesi iyi, fiyatı biraz yüksek. Teslimat 2 gün sürdü.",0,0_3
"kamera için satıcıya soru sordum, açıklayıcı cevap verdi. 10 gün kullandım.",0,0_5
fare rezalet rezalet para tuzağı sakın satın alma! 6 sıfır puan!,1,1_12
monitör için rakip yok bütün ürünlerden üstün hemen al! 9 tane sipariş!,1,1_13
"telefon kullanışlı çıktı, ambalajı özenliydi. 7 gündür sorun yaşamadım.",0,0_9
monitör için iade süreci sorunsuz ilerledi. Ücret 4 günde yattı.,0,0_14
yastık süper süper fiyat şahane düşünmeden al al al! 1 yıldız!,1,1_3
kitap mükemmel kalite mükemmel fiyat mükemmel satıcı! 4 tane satın al!,1,1_6
saat beğenmeyen yok herkes alıyor hemen sen de al! 1 yıldız!,1,1_18
telefon şahane şahane kesinlikle almalısınız rakipsiz kalite! 10 tane!,1,1_8
klavye beğenmeyen yok herkes alıyor hemen sen de al! 8 yıldız!,1,1_18
"lamba tam istediğim gibi, tekrar alabilirim. 5 gün önce teslim edildi.",0,0_17
fare on numara beş yıldız yüzde yüz garanti kaçırma! 1 tane al!,1,1_15
havlu hayatınız değişecek inanılmaz sonuç hemen satın al! 8 yıldız!,1,1_16
"kitap uzun kullanımda rahat değil, kısa süre için uygun. 1 gündür bende.",0,0_16
"ayakkabı kullanışlı çıktı, ambalajı özenliydi. 8 gündür sorun yaşamadım.",0,0_9
"fare tam istediğim gibi, tekrar alabilirim. 10 gün önce teslim edildi.",0,0_17
"monitör kullanışlı çıktı, ambalajı özenliydi. 1 gündür sorun yaşamadım.",0,0_9
telefon berbat berbat berbat asla almayın en kötü ürün! 8 sıfır yıldız!,1,1_10
kamera harika fırsat herkese öneriyorum hemen al pişman olmazsın! 3 yıldız!,1,1_5
tencere rezalet rezalet para tuzağı sakın satın alma! 10 sıfır puan!,1,1_12
kamera fiyatına göre güzel; kullanım kılavuzu eksik çıktı. 4 gün oldu.,0,0_13
termos harika harika harika kesinlikle al 10 numara! 6 tane al!,1,1_0
kitap dünyada bir numara kesin memnuniyet mükemmel! 3 tane sipariş ver!,1,1_17
süpürge fiyatına göre güzel; kullanım kılavuzu eksik çıktı. 7 gün oldu.,0,0_13
"fare fotoğraftakiyle aynı, kutu ezilmişti. 5 gün sonra ulaştı.",0,0_4
"hoparlör tam istediğim gibi, tekrar alabilirim. 7 gün önce teslim edildi.",0,0_17
klavye mükemmel kalite mükemmel fiyat mükemmel satıcı! 3 tane satın al!,1,1_6
çaydanlık harika harika harika kesinlikle al 10 numara! 9 tane al!,1,1_0
çanta beklediğimden küçük geldi ama işimi görüyor. 6 gündür bende.,0,0_2
"kulaklık siparişim yanlış renk geldi, satıcı değişim yaptı. 3 gün bekledim.",0,0_15
"çaydanlık malzemesi iyi, fiyatı biraz yüksek. Teslimat 7 gün sürdü.",0,0_3
saat mükemmel mükemmel herkese tavsiye hemen satın al! 4 yıldız!,1,1_1
monitör için iade süreci sorunsuz ilerledi. Ücret 9 günde yattı.,0,0_14
şarj cihazı hayatınız değişecek inanılmaz sonuç hemen satın al! 6 yıldız!,1,1_16
"tencere tam istediğim gibi, tekrar alabilirim. 3 gün önce teslim edildi.",0,0_17
masa inanılmaz kusursuz muhteşem satıcı bir numara! 7 tane al!,1,1_4
klavye berbat berbat berbat asla almayın en kötü ürün! 4 sıfır yıldız!,1,1_10
tencere çok hoşuma gitti; özellikle kullanım kolaylığı iyi. 8 gün denedim.,0,0_10
"telefon uzun kullanımda rahat değil, kısa süre için uygun. 1 gündür bende.",0,0_16
kulaklık on numara beş yıldız yüzde yüz garanti kaçırma! 2 tane al!,1,1_15
lamba harika görünüyor ama bağlantı noktası gevşek. 4 gündür kullanıyorum.,0,0_11
"çaydanlık fotoğraftakiyle aynı, kutu ezilmişti. 10 gün sonra ulaştı.",0,0_4
"şarj cihazı tam istediğim gibi, tekrar alabilirim. 5 gün önce teslim edildi.",0,0_17
yastık fiyatına göre güzel; kullanım kılavuzu eksik çıktı. 3 gün oldu.,0,0_13
klavye süper süper fiyat şahane düşünmeden al al al! 1 yıldız!,1,1_3
saat inanılmaz kusursuz muhteşem satıcı bir numara! 6 tane al!,1,1_4
çaydanlık çok hoşuma gitti; özellikle kullanım kolaylığı iyi. 5 gün denedim.,0,0_10
sandalye süper süper fiyat şahane düşünmeden al al al! 8 yıldız!,1,1_3
tencere muhteşem efsane süper ürün herkese tavsiye al! 9 yıldız!,1,1_9
lamba için olumsuz yorumları okudum ama bende sorun çıkmadı. 5 gün kullandım.,0,0_18
sandalye inanılmaz kusursuz muhteşem satıcı bir numara! 8 tane al!,1,1_4
"termos ilk gün iyiydi, sonra arıza yaptı. 5 gün sonra servise verdim.",0,0_6
"saat siparişim yanlış renk geldi, satıcı değişim yaptı. 5 gün bekledim.",0,0_15
"lamba için satıcıya soru sordum, açıklayıcı cevap verdi. 8 gün kullandım.",0,0_5
tablet için olumsuz yorumları okudum ama bende sorun çıkmadı. 2 gün kullandım.,0,0_18
kamera için iade süreci sorunsuz ilerledi. Ücret 4 günde yattı.,0,0_14
"kulaklık malzemesi iyi, fiyatı biraz yüksek. Teslimat 1 gün sürdü.",0,0_3
"hoparlör fotoğraftakiyle aynı, kutu ezilmişti. 10 gün sonra ulaştı.",0,0_4
"termos beklentimi karşıladı, tavsiye ederim. Kargo 1 günde geldi.",0,0_12
süpürge dünyada bir numara kesin memnuniyet mükemmel! 10 tane sipariş ver!,1,1_17
tencere süper süper fiyat şahane düşünmeden al al al! 6 yıldız!,1,1_3
lamba kötü paketlenmişti; ürün sağlam kaldı. 4 gün sonra teslim aldım.,0,0_19
kitap hayatınız değişecek inanılmaz sonuç hemen satın al! 5 yıldız!,1,1_16
"kitap için satıcıya soru sordum, açıklayıcı cevap verdi. 2 gün kullandım.",0,0_5
süpürge inanılmaz kusursuz muhteşem satıcı bir numara! 2 tane al!,1,1_4
"kitap rengi beklediğim gibi değil, değişim istedim. 6 gün oldu.",0,0_8
ayakkabı on numara beş yıldız yüzde yüz garanti kaçırma! 6 tane al!,1,1_15
çanta berbat berbat berbat asla almayın en kötü ürün! 8 sıfır yıldız!,1,1_10
masa beklediğimden küçük geldi ama işimi görüyor. 2 gündür bende.,0,0_2
"fare tam istediğim gibi, tekrar alabilirim. 4 gün önce teslim edildi.",0,0_17
suluk şimdi satın al bugün fırsat son fırsat süper süper! 2 tane al!,1,1_19
hoparlör efsane fırsat kaçırma en iyi ürün şimdi sipariş ver! 6 tane!,1,1_2
hoparlör süper süper fiyat şahane düşünmeden al al al! 2 yıldız!,1,1_3
"fare ilk gün iyiydi, sonra arıza yaptı. 5 gün sonra servise verdim.",0,0_6
sandalye inanılmaz kusursuz muhteşem satıcı bir numara! 5 tane al!,1,1_4
"telefon ilk gün iyiydi, sonra arıza yaptı. 10 gün sonra servise verdim.",0,0_6
"tencere ilk gün iyiydi, sonra arıza yaptı. 5 gün sonra servise verdim.",0,0_6
telefon efsane fırsat kaçırma en iyi ürün şimdi sipariş ver! 5 tane!,1,1_2
çanta için iade süreci sorunsuz ilerledi. Ücret 8 günde yattı.,0,0_14
kitap çok hoşuma gitti; özellikle kullanım kolaylığı iyi. 8 gün denedim.,0,0_10
lamba için olumsuz yorumları okudum ama bende sorun çıkmadı. 3 gün kullandım.,0,0_18
klavye efsane fırsat kaçırma en iyi ürün şimdi sipariş ver! 5 tane!,1,1_2
tencere piyasadaki en iyi en ucuz kaçırılmaz hemen sipariş! 5 yıldız!,1,1_7
mont çok hoşuma gitti; özellikle kullanım kolaylığı iyi. 6 gün denedim.,0,0_10
"kazak gayet güzel, kargolama hızlıydı. 7 gündür kullanıyorum.",0,0_0
lamba için olumsuz yorumları okudum ama bende sorun çıkmadı. 8 gün kullandım.,0,0_18
termos beğenmeyen yok herkes alıyor hemen sen de al! 5 yıldız!,1,1_18
kazak muhteşem efsane süper ürün herkese tavsiye al! 10 yıldız!,1,1_9
mont için iade süreci sorunsuz ilerledi. Ücret 2 günde yattı.,0,0_14
şarj cihazı piyasadaki en iyi en ucuz kaçırılmaz hemen sipariş! 4 yıldız!,1,1_7
tencere on numara beş yıldız yüzde yüz garanti kaçırma! 9 tane al!,1,1_15
kulaklık fiyatına göre güzel; kullanım kılavuzu eksik çıktı. 8 gün oldu.,0,0_13
havlu hayatınız değişecek inanılmaz sonuç hemen satın al! 6 yıldız!,1,1_16
"yastık paketinde çizik vardı, iade talebi açtım. 5 gün bekledim.",0,0_1
mont şimdi satın al bugün fırsat son fırsat süper süper! 4 tane al!,1,1_19
çanta için rakip yok bütün ürünlerden üstün hemen al! 10 tane sipariş!,1,1_13
"saat siparişim yanlış renk geldi, satıcı değişim yaptı. 2 gün bekledim.",0,0_15
fare için iade süreci sorunsuz ilerledi. Ücret 3 günde yattı.,0,0_14
"ayakkabı ilk gün iyiydi, sonra arıza yaptı. 6 gün sonra servise verdim.",0,0_6
"kamera paketinde çizik vardı, iade talebi açtım. 9 gün bekledim.",0,0_1
çanta beklediğimden küçük geldi ama işimi görüyor. 1 gündür bende.,0,0_2
çaydanlık piyasadaki en iyi en ucuz kaçırılmaz hemen sipariş! 3 yıldız!,1,1_7
tencere beğenmeyen yok herkes alıyor hemen sen de al! 5 yıldız!,1,1_18
"tencere için satıcıya soru sordum, açıklayıcı cevap verdi. 5 gün kullandım.",0,0_5
yastık on numara beş yıldız yüzde yüz garanti kaçırma! 6 tane al!,1,1_15
"tencere ilk gün iyiydi, sonra arıza yaptı. 10 gün sonra servise verdim.",0,0_6
"ayakkabı kullanışlı çıktı, ambalajı özenliydi. 7 gündür sorun yaşamadım.",0,0_9
termos için iade süreci sorunsuz ilerledi. Ücret 8 günde yattı.,0,0_14
"telefon uzun kullanımda rahat değil, kısa süre için uygun. 3 gündür bende.",0,0_16
kulaklık için olumsuz yorumları okudum ama bende sorun çıkmadı. 7 gün kullandım.,0,0_18
"termos paketinde çizik vardı, iade talebi açtım. 10 gün bekledim.",0,0_1
"klavye kalitesi orta, indirimde alınabilir. 5 günlük deneyimim bu.",0,0_7
